filename,group,bytes,sha256,width,height,datetime,lat,lon,alt_m,gps_valid
Original_low-1.jpg,Original_low,7556228,70882fca2601bc50744c9e2a7bdf8b0ce7c1b0bbcb6cc6b0f5ac35978c8a917e,5464,3640,2020:07:18 07:56:08,44.9445343999056,-93.425874,286,true
Original_low-10.jpg,Original_low,7657030,9f1384e6487ad338fba7025305f06335075c740cb1b6c7d95bec241e34af3ad1,5464,3640,2020:07:18 07:57:22,44.9445193000028,-93.4259352,283,true
Original_low-11.jpg,Original_low,7821275,8cd02f61bfcea26c10220f5ba89cb40047019c409187e5c1919d4a256f00de6f,5464,3640,2020:07:18 07:57:38,44.9445194999528,-93.4259456999361,282,true
Original_low-12.jpg,Original_low,7891293,24a846a33dbdeebfc62b07e8fb20e6e5ef7ecef2a9e401b469e655c72f955122,5464,3640,2020:07:18 07:57:46,44.944523700025,-93.4259467000028,282,true
Original_low-13.jpg,Original_low,8115712,ff26dcdd59982e23d9f251eb6e8a2f6360a3cf17e076c3a8dd054dbb97a8e484,5464,3640,2020:07:18 07:57:53,44.9445285999861,-93.4259460999833,282,true
Original_low-14.jpg,Original_low,8253743,334f7a1a9bd1a7f9cd085174552567d234361f3fb93c75461b48911422de7263,5464,3640,2020:07:18 07:57:59,44.9445329000806,-93.4259497,282,true
Original_low-15.jpg,Original_low,7680802,86586c76e3227bb3e6beeb933665b4680cc5b6b4d9fc4123cf41fe2445989c6c,5464,3640,2020:07:18 07:58:05,44.944534,-93.4259531999167,282,true
Original_low-16.jpg,Original_low,7693551,9dc5c416c629f175a54bd84940eb56de9791e469b68078ab93d9c663c4f8d057,5464,3640,2020:07:18 07:58:13,44.9445352999806,-93.4259605,282,true
Original_low-17.jpg,Original_low,8437987,a14bce1c37c6e32d622a0c9df902e6f8f33197154235129d5e4b527683e4bc73,5464,3640,2020:07:18 07:58:20,44.9445376999917,-93.4259657999889,282,true
Original_low-18.jpg,Original_low,7653154,9597960391a7fb998be65d5f5e91fadc9960d82b3c9008358c54b28aed5faa11,5464,3640,2020:07:18 07:58:26,44.944543,-93.4259705999806,282,true
Original_low-19.jpg,Original_low,7186107,d00469ce60c8c7bb30bb27e2a7567653471a7a7b554060ac2638bab28beb882c,5464,3640,2020:07:18 07:58:38,44.9445543000639,-93.4259792,283,true
Original_low-2.jpg,Original_low,7674025,5b84a5af21ab1d6f2f2f3af50d4450706f98ce9260c3c28c77d27b581ba3f55c,5464,3640,2020:07:18 07:56:14,44.9445309999167,-93.4258793999528,286,true
Original_low-20.jpg,Original_low,7476933,e579ed06564033e3ee43e87afbcc951e1f607afe4973e491919148f6376ef176,5464,3640,2020:07:18 07:58:45,44.9445549000333,-93.4259825999722,283,true
Original_low-21.jpg,Original_low,7521197,f6d7f07c524662171d7fd9067bcf02c6e0cf36385cefd960ee6f65c27156bb69,5464,3640,2020:07:18 07:58:51,44.9445576,-93.4259845999639,283,true
Original_low-22.jpg,Original_low,7552349,249f96962e561851fff3036b06071d3444ed5b16076e34830ee5483206c71ff1,5464,3640,2020:07:18 07:58:56,44.9445601000806,-93.4259874000195,283,true
Original_low-23.jpg,Original_low,8089983,3db667d96bdc473d16e254758e621d3b5ff459c6f2c67c888e97d232d10de44e,5464,3640,2020:07:18 07:59:02,44.94456319995,-93.4259900999972,283,true
Original_low-24.jpg,Original_low,7722219,4b21f7e568ed225f2aeda952a2d292996f7f53d7b330b2c4dd07e876a4300317,5464,3640,2020:07:18 07:59:07,44.9445672999833,-93.4259926000111,283,true
Original_low-25.jpg,Original_low,8103859,1712d81bc5aaab776a26149d50d48fb44bdd1564bd41e90e6cef1e1f7a5ef730,5464,3640,2020:07:18 07:59:19,44.944574,-93.4259900999972,284,true
Original_low-26.jpg,Original_low,8299309,222e3dbe60fe9fa9f34187876b219ccbc4ce2ed6b81d712ff1cd338dc5d9e475,5464,3640,2020:07:18 07:59:23,44.9445795999861,-93.4259883000167,284,true
Original_low-27.jpg,Original_low,8655446,9155751cfb6b414b6f3aaba2e41e6e8aa8d44badafe70207197961a9cec97cdf,5464,3640,2020:07:18 07:59:29,44.9445837000111,-93.4259874000195,285,true
Original_low-28.jpg,Original_low,8545678,5c9f8967d04075896cc60f286251871e35226e248ba7c847cd3764cecbcc49aa,5464,3640,2020:07:18 07:59:35,44.9445914001111,-93.4259825999722,285,true
Original_low-29.jpg,Original_low,8034901,3113bb7922c33e35156018bc7f0d15f8cbc51e155758bf18d1b42c83b5627dfb,5464,3640,2020:07:18 07:59:46,44.9446053000083,-93.4259675,284,true
Original_low-3.jpg,Original_low,7910231,92e584ebab4da68233f70db0245f7e21cc4e2b5fe3f197fe12f5ce5af27fdc24,5464,3640,2020:07:18 07:56:24,44.9445243999778,-93.4258859000083,286,true
Original_low-30.jpg,Original_low,7839453,6ccc8ced987ded6940e352a134bb062d85f39404b48ee337291613165cac56d3,5464,3640,2020:07:18 07:59:54,44.9446088,-93.4259581000111,284,true
Original_low-31.jpg,Original_low,8188647,75ad6289dd53c9949397f3dd0955926f5db7f6d0765315c30bccbf1ee2442a8b,5464,3640,2020:07:18 08:00:01,44.94461,-93.4259517000306,284,true
Original_low-32.jpg,Original_low,8095383,3744582f32a1933cf28f9f5b10cc9d540efe9726d3528b1c71a29982d4836d69,5464,3640,2020:07:18 08:00:08,44.9446105999972,-93.4259471000056,284,true
Original_low-33.jpg,Original_low,8022414,8582337cee1027930a7d4bd851e2166e65cdb8cecbe4a9ab7dcba88769bee8a5,5464,3640,2020:07:18 08:00:14,44.9446123999778,-93.4259418999139,284,true
Original_low-34.jpg,Original_low,8137729,d91be1da4f2de2d4b2bb4a972e717baa33730581ce96d932d9a854b85d7af1ec,5464,3640,2020:07:18 08:00:23,44.9446111999278,-93.4259375,284,true
Original_low-35.jpg,Original_low,8341297,335b0ec3066020f11725271837fb625a35be7ffd45c9d2ab26b74eaead898b68,5464,3640,2020:07:18 08:00:30,44.9446143000222,-93.4259320999972,284,true
Original_low-36.jpg,Original_low,8284438,69573b5883e53e00740ee0a0f622d98d9570713aeb23622369f5f3b0e8637fc2,5464,3640,2020:07:18 08:00:38,44.9446205,-93.4259297000806,284,true
Original_low-37.jpg,Original_low,8050600,4ce4c19ef4985b013b8d73d08e18f697430d21c6292ab2dd9b1955b25019e543,5464,3640,2020:07:18 08:00:47,44.9446215999194,-93.4259246999611,284,true
Original_low-38.jpg,Original_low,7937237,33c43b4b9216989fd055a2e9c124825eac2a14be968c5cd367dd04b5bbf6d2a1,5464,3640,2020:07:18 08:00:51,44.9446226000111,-93.4259174000139,284,true
Original_low-39.jpg,Original_low,8063201,c0dcc13daa291e3007a0cdd6d47ed1ee9c89a97081acf6edcfc17d5ea8c3da8b,5464,3640,2020:07:18 08:00:57,44.944623299975,-93.4259158999778,284,true
Original_low-4.jpg,Original_low,7585337,a6fd6794310610e13778b1d7ff012e5c84b1784e157c138b28476b439d5128b2,5464,3640,2020:07:18 07:56:34,44.944522,-93.425888,285,true
Original_low-40.jpg,Original_low,7984221,5855f2ddacbfe5a64120d8abb0414f41858e3b5159fb541604b4c21582ff6fc5,5464,3640,2020:07:18 08:01:02,44.9446238998889,-93.4259081000056,284,true
Original_low-41.jpg,Original_low,7984789,b8fbc1678f0d2397bdc98268972d1758e2b5e87429bd1ebdc6f6bc9cca365303,5464,3640,2020:07:18 08:01:12,44.9446258000972,-93.4259041999861,284,true
Original_low-42.jpg,Original_low,8055263,4248c434b1aa8c6a733a8ed96dca2b42e4fc18fad05bcccf0940e3d3d6c2007f,5464,3640,2020:07:18 08:01:24,44.9446264999556,-93.4259011999861,285,true
Original_low-43.jpg,Original_low,7974666,fbcfab5ecb3800125a3ae4fea55c6166b5866c283d56ab663e5a5be1fa21f0f7,5464,3640,2020:07:18 08:01:36,44.9446221999333,-93.4258883999806,285,true
Original_low-44.jpg,Original_low,8176304,6aa7c2e1b117f83963b339ec38320a0610583dfdc53bb168297651d3033ae94b,5464,3640,2020:07:18 08:01:41,44.9446172000389,-93.4258754999139,285,true
Original_low-45.jpg,Original_low,8231185,ac35f43ad137c070b8e9e57263ab4c44dd6f8462191f06eca000635c47dd8552,5464,3640,2020:07:18 08:01:46,44.9446114000333,-93.4258672999417,285,true
Original_low-46.jpg,Original_low,8286478,e20ce89228acf7d16942e0f3dc1f9ae27b6685b44d752582c1a0881c876cba44,5464,3640,2020:07:18 08:01:51,44.9446104,-93.4258657999944,284,true
Original_low-47.jpg,Original_low,8115768,f5e670894b002fc2aa2778ad153a5259301c0adc27476a0e43047ccc38e4f073,5464,3640,2020:07:18 08:01:58,44.9446053000083,-93.42585910005,284,true
Original_low-48.jpg,Original_low,7963716,fed34ebe19ce2b026dbf76051506a019221f1a0be8dc3d8fe30e1898ccd71a9c,5464,3640,2020:07:18 08:02:03,44.9446023000083,-93.4258570999944,284,true
Original_low-49.jpg,Original_low,7641499,708aec8a3e864a9f76d29c2d9f33cf37f29c2e72568069bc6e08f6295c5a295c,5464,3640,2020:07:18 08:02:08,44.9445977999917,-93.4258547999306,283,true
Original_low-5.jpg,Original_low,7787139,2a3d59d2b3012cbd683bff49b769891c9c02bda1f7d5934795d3d068acda1be3,5464,3640,2020:07:18 07:56:41,44.9445233000472,-93.4258937000722,284,true
Original_low-50.jpg,Original_low,8216427,a5b36a66540ec835a3a3d6109889ae34dd8c566c615edbaeef2bc630676e053e,5464,3640,2020:07:18 08:02:13,44.9445958999917,-93.4258532999833,283,true
Original_low-51.jpg,Original_low,8088147,f09131cc04da69cb611f307f5c44fa91bd5b7bfb30140f9b916d0f72d46c77ef,5464,3640,2020:07:18 08:02:15,44.944596,-93.4258555,283,true
Original_low-52.jpg,Original_low,8055594,93943ab81b132005c4184c6f41e8dfb034f8e23241bf5c908b539e8c4044942a,5464,3640,2020:07:18 08:02:21,44.944594,-93.4258539000611,283,true
Original_low-53.jpg,Original_low,7554595,415235905592cc0b826622f2ab97b75fa30d5a5589e690db75aa01df593a3a1c,5464,3640,2020:07:18 08:02:31,44.9445904000861,-93.4258536999333,283,true
Original_low-54.jpg,Original_low,7579038,c373160c7555a24b55207712e930efdb9161261d5a366e60a7ba399a7265dd3c,5464,3640,2020:07:18 08:02:35,44.9445889000222,-93.4258538000167,282,true
Original_low-55.jpg,Original_low,7599555,f579594e0e7cbb3ed62807bdbe9aa29f633149207d7bbd910873330e76033f92,5464,3640,2020:07:18 08:02:41,44.9445865999833,-93.4258502000111,282,true
Original_low-56.jpg,Original_low,7536658,5bd63aa5397cc5c408d42403d29096303d27a21260267ef28cfc1b701b576835,5464,3640,2020:07:18 08:02:46,44.9445831999139,-93.4258445,281,true
Original_low-57.jpg,Original_low,7337115,9d7b02b170bb41ff4be1d3aac41a36b47069772c35a8068401be387824043b2e,5464,3640,2020:07:18 08:02:51,44.9445779000278,-93.4258417,281,true
Original_low-58.jpg,Original_low,7261511,8ec66d9bfb0b5ee66b5cb1353f9a2062ed05a7d1bacdae5cedb81f059d3f86f5,5464,3640,2020:07:18 08:02:59,44.9445753000389,-93.4258404000861,281,true
Original_low-59.jpg,Original_low,7133056,0276ad3cf45d3059d769dcf778c27747dd7ee95c0b6ec1829d4fc0e951cef80c,5464,3640,2020:07:18 08:03:05,44.9445736,-93.4258444,282,true
Original_low-6.jpg,Original_low,7827018,e5610343b064908e4e9e5ba688e556cf5e64b7ac39ac97b4f89646454cde787f,5464,3640,2020:07:18 07:56:50,44.9445221999667,-93.4259027000111,283,true
Original_low-60.jpg,Original_low,7238282,eadc9f73c2ac2425c60ffbb39bebbc81882e5a75bcc8a2dff731574e4807fb81,5464,3640,2020:07:18 08:03:12,44.9445706000111,-93.4258445,282,true
Original_low-61.jpg,Original_low,6856373,dd5d8e65112f24209441eec53d0ece77de7c219fa575913d1349b8118eeb196b,5464,3640,2020:07:18 08:03:17,44.9445672999833,-93.4258445,282,true
Original_low-62.jpg,Original_low,7418680,32c0e678cfd7eb8267f63cf032f20e8ddef99f0f71e5c9688a4186169a7c04d1,5464,3640,2020:07:18 08:03:24,44.9445596000444,-93.4258435999778,282,true
Original_low-63.jpg,Original_low,7318484,5e714b57bc7222a65408eead9db49310ee875089fa0a4dd9bf9bb289c22b65cc,5464,3640,2020:07:18 08:03:34,44.9445542000083,-93.4258401999917,282,true
Original_low-64.jpg,Original_low,7294963,7c4ae66bf11ada657e09128a069f8ce7fcb667e499475038e61a954249625fb5,5464,3640,2020:07:18 08:03:42,44.9445504,-93.4258394999444,282,true
Original_low-65.jpg,Original_low,7259605,d5129700bdfd24235c570628fe918ff9bd417695191cc8370f5c829778b7df1c,5464,3640,2020:07:18 08:03:51,44.9445488,-93.4258382999861,282,true
Original_low-66.jpg,Original_low,7297388,4b62fa75dbcdc953957b1e14f8cb74b35196fdadbbea6b9db60869941b9cbda6,5464,3640,2020:07:18 08:03:59,44.9445485999917,-93.4258404000861,283,true
Original_low-67.jpg,Original_low,7362071,4d51c30946b2ed578ddd5e0fb1364a8e677e0b3ed3229872fed706f2ffe2a7a3,5464,3640,2020:07:18 08:04:13,44.9445475,-93.4258483000111,283,true
Original_low-68.jpg,Original_low,7369963,97786f15cc12fa2cbcea78bc0c8612aee361d89561003715b4352ff2eecf3ec2,5464,3640,2020:07:18 08:04:22,44.9445496999611,-93.4258516,284,true
Original_low-69.jpg,Original_low,7553002,4bb84c3e30cdfbfb89db68546d3c26c01dfc2bdd606373470eef71cf49e414ca,5464,3640,2020:07:18 08:04:27,44.9445477000333,-93.4258508999917,284,true
Original_low-7.jpg,Original_low,8044522,b657a36d1cd430573a14308341112adaac02dd09b165f6878d6ce3e84db7a125,5464,3640,2020:07:18 07:56:57,44.9445211000472,-93.4259093000028,283,true
Original_low-70.jpg,Original_low,7659822,b9cbb5af98de8a35696f857dc8b8c29037cd8009d80a33d5b8942f4c4f0015ae,5464,3640,2020:07:18 08:04:36,44.944546800025,-93.425846,284,true
Original_low-71.jpg,Original_low,7671266,4d99b3f42477eb56e59ad40e596990440eb6f50c175aa7e0edf2a8a279a21101,5464,3640,2020:07:18 08:04:49,44.9445387000222,-93.4258487000028,283,true
Original_low-72.jpg,Original_low,7741318,a634defce32c6d85e18f9707bf618188b1c8a3984bd5bafc60d0f7f27dd33786,5464,3640,2020:07:18 08:05:01,44.9445310999944,-93.4258499000278,283,true
Original_low-73.jpg,Original_low,7739519,6f7e90f739822e726b7d8e6e8a86c2932bd3a49f87c1bc37b8e249adcf0a2573,5464,3640,2020:07:18 08:05:08,44.9445313000333,-93.4258512,283,true
Original_low-74.jpg,Original_low,7746000,f767f612e51b93e3ea55bceee8035f4e2b560db26a84bf7ab5957f6a98bfa5a8,5464,3640,2020:07:18 08:05:15,44.9445309999167,-93.4258532999833,283,true
Original_low-75.jpg,Original_low,7704127,d2bf54f4271093f2bffd230cfdfa90a9fc413307dc97c928687808343f3d15e0,5464,3640,2020:07:18 08:05:22,44.9445323999278,-93.4258528,283,true
Original_low-76.jpg,Original_low,7667762,30eea28d69928e9b9cc40e2a84c8bf4aea69a484d92ec01eb45077db35b80d41,5464,3640,2020:07:18 08:05:29,44.9445309999167,-93.4258523000083,283,true
Original_low-77.jpg,Original_low,7586863,01d50fe8abb0adba92b54934fa7b1b063b1f3fd7be9190461d18ee3974d26ef7,5464,3640,2020:07:18 08:05:37,44.9445270000806,-93.4258577,283,true
Original_low-78.jpg,Original_low,7486838,7b1004b2938130122c5ba55f9e5dcfceb1b68b6cf91340c6217b1e35ea1dd3a9,5464,3640,2020:07:18 08:05:47,44.94452720005,-93.4258606,283,true
Original_low-79.jpg,Original_low,7459414,51c55f34c77c22893166b49504e231e1970274a686d123a4c774efdc4729323d,5464,3640,2020:07:18 08:05:53,44.9445265,-93.425861,284,true
Original_low-8.jpg,Original_low,7816734,9f18a8300a9c23dafe74a3da36365dc1acebd06f25165ef94c6022cbb8d666a3,5464,3640,2020:07:18 07:57:06,44.9445221999667,-93.4259158999778,284,true
Original_low-80.jpg,Original_low,7500358,4e5c43be9f3be913ad2de530c07d85d2ed57a123158294baec8af727d35929f5,5464,3640,2020:07:18 08:05:59,44.9445265,-93.4258625,284,true
Original_low-81.jpg,Original_low,7390025,881721bdd27c979ed4957049a7d08fad7886d9c7fe0617e806e7a4aa8538e2af,5464,3640,2020:07:18 08:06:05,44.9445275,-93.4258629000194,284,true
Original_low-82.jpg,Original_low,7285961,f019c8a6a1b6af700f8afaba7552dccd8cc1fecd4c2f6b8ae4eb2e454d33aea6,5464,3640,2020:07:18 08:06:15,44.9445238000056,-93.4258665,285,true
Original_low-83.jpg,Original_low,7251191,cb56b53f38a3e42ce25def1ab7e9b298f1e4baf88ca8939ca885c2339182ae6a,5464,3640,2020:07:18 08:06:19,44.9445221999667,-93.4258694000056,285,true
Original_low-84.jpg,Original_low,7137331,211e213ba186d93a2e70ff670fca068ecbbcffb0a6a35ba621a24a91f51bbac4,5464,3640,2020:07:18 08:06:23,44.9445225,-93.4258772999889,285,true
Original_low-85.jpg,Original_low,7209146,6ce467386cb184cdf588f93711f3aece063c52c6401a27619491eabb8f3c1507,5464,3640,2020:07:18 08:06:28,44.9445212999556,-93.42588419995,285,true
Original_low-9.jpg,Original_low,7747465,a64b392d35d7e6298b9938d3171183679458e6a5a41ac45ab13339d0184aceb9,5464,3640,2020:07:18 07:57:13,44.944520299975,-93.4259213000278,284,true
Original_mid-1.jpg,Original_mid,6426766,d9028684db0d4943de7bac395b2246a2738d09b0d079931cd71212a50ac9c5af,5464,3640,2020:07:18 08:08:45,44.9444860999722,-93.4259201999889,285,true
Original_mid-10.jpg,Original_mid,6511072,f00c1e538e28a715edc4bba6ca8ac95f4e40ce77e00347933f7e8ae921c650e5,5464,3640,2020:07:18 08:10:11,44.9445088000667,-93.4259765,285,true
Original_mid-11.jpg,Original_mid,6569656,0312239f56f01e35bb9af41729da3a79c4dba5a60899adfc8f9f5ef1c8ec0e60,5464,3640,2020:07:18 08:10:17,44.94451,-93.4259829000083,286,true
Original_mid-12.jpg,Original_mid,6649231,bc283384ded8adc9f14e2c62967207dc26e9f49e80c8b4c1bc7f55c6dc76730b,5464,3640,2020:07:18 08:10:24,44.9445106999972,-93.425983399925,285,true
Original_mid-13.jpg,Original_mid,6667338,1d8625e19e4c0b7f82eb3bc99fae7a41b1fc9e316758f80e0c9ef840e51495c1,5464,3640,2020:07:18 08:10:32,44.9445116,-93.425991,286,true
Original_mid-14.jpg,Original_mid,6687666,ae1edcd7c674b045a26a49eb0857c2722795b6fe899acf99eb1abe4a1f1fffe3,5464,3640,2020:07:18 08:10:39,44.944516,-93.4260004999389,286,true
Original_mid-15.jpg,Original_mid,6736859,bd879e558fc9ee0bb4f06d6aa70dfb7588f0ff26760805b344dea93f9a4b9548,5464,3640,2020:07:18 08:10:45,44.9445196000528,-93.4260048999972,286,true
Original_mid-16.jpg,Original_mid,6600600,cb836a637698a2fbb928319b1bbe57438975e690c512ba9d62438a62ea964745,5464,3640,2020:07:18 08:10:50,44.9445246000139,-93.4260110000695,286,true
Original_mid-17.jpg,Original_mid,6751933,5d9fb9059d14926f27177125eb223cd109bccdfbb0043e7251c881d95383f77c,5464,3640,2020:07:18 08:10:56,44.94453,-93.4260162999806,285,true
Original_mid-18.jpg,Original_mid,6662153,e59bdaae98db82950e9e0c4b0e03745dcc5c2c30c8b56ea37a86dc248e2b132a,5464,3640,2020:07:18 08:11:03,44.9445388000333,-93.4260226000556,285,true
Original_mid-19.jpg,Original_mid,6669716,af490234e0ccf2561184bc9fc523eab1d2606dce9cc8244059c456546cb6f193,5464,3640,2020:07:18 08:11:08,44.9445435999611,-93.4260272,285,true
Original_mid-2.jpg,Original_mid,6340057,34904347a2041465f2a5e9b1c2e238466ba5d7a00a8ae2364a27998672fee272,5464,3640,2020:07:18 08:08:54,44.9444860999722,-93.4259248999694,285,true
Original_mid-20.jpg,Original_mid,6684942,0ae7155e8dd4bc2bbc8b9a93cf301a0b116fa9278eb4ae3d4d4d4d52ffbf0918,5464,3640,2020:07:18 08:11:13,44.9445507999694,-93.4260305000528,285,true
Original_mid-21.jpg,Original_mid,6831321,7d1ad8f843bbd9abddbbcdfed4ca92aed77b73646d49536b638e3973a7fc6211,5464,3640,2020:07:18 08:11:18,44.9445610999472,-93.4260320999889,285,true
Original_mid-22.jpg,Original_mid,6985811,604b2b2bc9d4563757438a0242d5dd5dd9d474d8a8c82ca1820e5d6fa2d8b4bd,5464,3640,2020:07:18 08:11:24,44.944568,-93.4260313000028,285,true
Original_mid-23.jpg,Original_mid,7311216,15cc69b85d2f3e30b8e08eb7639114de382284d8008ec0091d6ac0f19a3e8b5f,5464,3640,2020:07:18 08:11:31,44.9445752,-93.4260303000139,286,true
Original_mid-24.jpg,Original_mid,7215994,669560121c5b4d7d2c38acc4bd707f2c2fa59186787dc1e24c2c6bbf197f97a7,5464,3640,2020:07:18 08:11:40,44.9445751000306,-93.4260265999944,286,true
Original_mid-25.jpg,Original_mid,7044108,65c0da7d276ef57ceef3f55d647ca952fb9a2e74e1bd55e64c04d5191c9ce0a2,5464,3640,2020:07:18 08:11:45,44.94458129995,-93.4260235999861,286,true
Original_mid-26.jpg,Original_mid,7514621,ec2c56b1f3378325a4e5ee63cc04a732a69e8d22a5915a2a172a4701f947deb3,5464,3640,2020:07:18 08:11:52,44.9445917999722,-93.4260196000139,287,true
Original_mid-27.jpg,Original_mid,7576511,6604e349dfce38613929927bca08cde1efe1b1d22e2e38d2871bad42954ed732,5464,3640,2020:07:18 08:11:57,44.944597199975,-93.4260144,287,true
Original_mid-28.jpg,Original_mid,7514460,f38a4f94f0621d87a698828d5c84a233942ee13269614f0dcb56a1925bffd983,5464,3640,2020:07:18 08:12:02,44.9446025,-93.4260115999389,287,true
Original_mid-29.jpg,Original_mid,7578444,430f4cc6110a0450f79ad6a08a9e90fa19bf4374ef20707c339d8340a35f43dc,5464,3640,2020:07:18 08:12:10,44.9446091999472,-93.4260075,287,true
Original_mid-3.jpg,Original_mid,6302481,a7b1f4d4f9dc52281b77abef54a1b11d20f95dbb2dce1a3944ff2ba731bbecd5,5464,3640,2020:07:18 08:09:01,44.9444879000056,-93.4259269000055,285,true
Original_mid-30.jpg,Original_mid,7650742,29fb12562465a82b7f7725b13d4b2f8f828eec5717bb49b0672989d3585942e5,5464,3640,2020:07:18 08:12:20,44.9446130999722,-93.4260024,287,true
Original_mid-31.jpg,Original_mid,7525730,fe129c0b5ea64104d6d9b397a966d814dbc36400f368c2e9ae247b26e1eecddc,5464,3640,2020:07:18 08:12:29,44.9446183000778,-93.4259977999917,287,true
Original_mid-32.jpg,Original_mid,7683803,60fbf7eba44a09300a54d598c659ddaee761bae5c659927db1b23bad8205d16b,5464,3640,2020:07:18 08:12:37,44.9446229999111,-93.4259919000555,287,true
Original_mid-33.jpg,Original_mid,7591024,b5d689884c7732e6e86a8fef04d2b479881b480bc86e99fbb288e65855e37793,5464,3640,2020:07:18 08:12:44,44.9446281000167,-93.4259876000778,287,true
Original_mid-34.jpg,Original_mid,7490927,c0bfe510a9797e128539a429c852b485720be231a36580e26e5bf24fbe701d08,5464,3640,2020:07:18 08:12:51,44.9446345,-93.4259831000139,288,true
Original_mid-35.jpg,Original_mid,7489101,9683fc825d4b84e7961ef5b20996dc80dfc4a005900b0bff47297f356d3b1336,5464,3640,2020:07:18 08:12:55,44.9446372000944,-93.4259792999472,288,true
Original_mid-36.jpg,Original_mid,7542653,04defa2bec2cda2673b9d010a32181f966a555db6939b8d44afefd3edfad48a4,5464,3640,2020:07:18 08:13:06,44.944638399925,-93.425972,287,true
Original_mid-37.jpg,Original_mid,7501923,e00373eeb5a85f684e8d38356d8d32bb39c43a93018f6b98249fb3d3f12bb377,5464,3640,2020:07:18 08:13:09,44.9446376000556,-93.4259708,287,true
Original_mid-38.jpg,Original_mid,7509059,749ee079a9a1032798b4edb73a05e5d02e4a48a08647cc54819edbf8e041a1d1,5464,3640,2020:07:18 08:13:16,44.9446407000028,-93.4259609000028,286,true
Original_mid-39.jpg,Original_mid,7465149,3ba68106045fab76c9c8bbd64031d57b81ec1420b61f2718cf54ed26bdee87a5,5464,3640,2020:07:18 08:13:21,44.9446424,-93.4259539000139,286,true
Original_mid-4.jpg,Original_mid,6279166,1f34819a86e6d01f294790264871ebacce7c8858591bfb41d0ded55518fad666,5464,3640,2020:07:18 08:09:07,44.9444875999778,-93.4259334999611,285,true
Original_mid-40.jpg,Original_mid,7457293,bd22cfd250096f1906db20645244ff172adadf20e6e07110c3c4f407b1ea5f27,5464,3640,2020:07:18 08:13:26,44.9446436000972,-93.4259465999667,286,true
Original_mid-41.jpg,Original_mid,7467769,6b910dcc89effab0fa534e9805d1e4509d9eff2882409be800dad70a57844d3d,5464,3640,2020:07:18 08:13:31,44.9446484999667,-93.4259378000111,286,true
Original_mid-42.jpg,Original_mid,7452603,efa5d723b81b612699d245a85554233ad6f1f7fe55851c13a9038ae9a432fb27,5464,3640,2020:07:18 08:13:35,44.9446516,-93.4259247999167,286,true
Original_mid-43.jpg,Original_mid,7421927,c05b8af95b852f15219c782ea936ab5ee440808c092bdfbb37fbc278b6c6acf9,5464,3640,2020:07:18 08:13:42,44.9446497000639,-93.4259153999861,286,true
Original_mid-44.jpg,Original_mid,7462275,04c1140301e9ec456800f68fd6f6ae15d6fda98affece7284c9026e085eeb4a0,5464,3640,2020:07:18 08:13:48,44.944649,-93.4259061999833,286,true
Original_mid-45.jpg,Original_mid,7557310,7caaf040a6d7d4674d18ddb40efd53493c40ddc5f87da7694ca17ddb0e6fc514,5464,3640,2020:07:18 08:13:52,44.9446486999694,-93.4258997000056,286,true
Original_mid-46.jpg,Original_mid,7448580,37193be573b064a0ee522c2ceb4de588bdab9cced72ac56b04ab5b657076e658,5464,3640,2020:07:18 08:13:59,44.9446456999833,-93.4258885999139,286,true
Original_mid-47.jpg,Original_mid,7839099,a7d5e860682e107f2bdee70242603256e4af5d4e56fcc8f04dceed257172945d,5464,3640,2020:07:18 08:14:09,44.9446415,-93.425870600025,286,true
Original_mid-48.jpg,Original_mid,7771974,a9e039ee1f71c8a18a5b573c0d9184975bac011f085b62651aa229f7d3c73bb5,5464,3640,2020:07:18 08:14:15,44.944635,-93.4258597999222,286,true
Original_mid-49.jpg,Original_mid,7752869,f9ce36a178a98b0006025c51d7ff7e8bfaa6e36a6490994f4112ff015b1080fb,5464,3640,2020:07:18 08:14:21,44.9446312000611,-93.4258499000278,286,true
Original_mid-5.jpg,Original_mid,6735147,d4b71cf4513a14b396041b994700cffba9bcb86f75f080e5cca2166401a19f9a,5464,3640,2020:07:18 08:09:23,44.9444929000833,-93.4259425,284,true
Original_mid-50.jpg,Original_mid,7743437,e17f0e4648eef9d390241f7d05b3e664a4b78d7d749c92429a29eeaebc899190,5464,3640,2020:07:18 08:14:30,44.9446248,-93.4258423000611,286,true
Original_mid-51.jpg,Original_mid,7877639,71fd0091c503c501bba6d6e621a1195eb512b84ff06f91dddf70d3eefd9b3f71,5464,3640,2020:07:18 08:14:38,44.944619100025,-93.4258300999417,285,true
Original_mid-52.jpg,Original_mid,7643774,03371a4edc5073ca687263687327895c22e23179d9ff3e4c91e1a37b01026cd0,5464,3640,2020:07:18 08:14:48,44.9446175,-93.425822,286,true
Original_mid-53.jpg,Original_mid,7186485,a61897202f2ec241dd5bf6b87f461ce6f6ea104f25fc4d7210b2e241060bf8bc,5464,3640,2020:07:18 08:14:53,44.9446128000583,-93.4258136,287,true
Original_mid-54.jpg,Original_mid,7018096,3db8e5023810496f1cf16f7b5958d9350a7b4909c9a6eda150eda1a03b937b17,5464,3640,2020:07:18 08:15:00,44.9446079000306,-93.4258132999889,286,true
Original_mid-55.jpg,Original_mid,6901435,97048a6b73d11e8ce639ce2acc31a8a418b661cf301b5be81fb4c74a7c4cb252,5464,3640,2020:07:18 08:15:05,44.9445965999806,-93.4258074000111,286,true
Original_mid-56.jpg,Original_mid,6875424,e278e345e8c18f68a9a543fa07541b790fbba211c524a0b57f07db2d691d3941,5464,3640,2020:07:18 08:15:13,44.9445922000056,-93.4258066000194,286,true
Original_mid-57.jpg,Original_mid,6925502,125fe97e6ca0f9f661bbbb9dfc623f50c3e22851f43b1a124c444de44cdd5379,5464,3640,2020:07:18 08:15:20,44.9445849000056,-93.4258045000528,286,true
Original_mid-58.jpg,Original_mid,6768528,19e6e1c8dc66b78ed189a4db4bf09d5c5f0da5d8ddce2e1d6d5d958c57ceead6,5464,3640,2020:07:18 08:15:27,44.9445721999556,-93.425801,286,true
Original_mid-59.jpg,Original_mid,6542897,fc2ed001e28940b590c0fa0b62cd6a4c04ecedccb87c1d915081f0aae6bdfe40,5464,3640,2020:07:18 08:15:33,44.9445656000833,-93.425801,285,true
Original_mid-6.jpg,Original_mid,6332442,627332ea79b60adcda3d7d411c5ac35cf92d3ef3cbbb48a8d3d74e9fa11745c1,5464,3640,2020:07:18 08:09:31,44.9444933,-93.4259487000472,284,true
Original_mid-60.jpg,Original_mid,6451814,7a7ec728f80b47a66ebb7fdf40c72ade9d12d1e838c65685f237668088dbedd6,5464,3640,2020:07:18 08:15:37,44.94456319995,-93.4258008,285,true
Original_mid-61.jpg,Original_mid,6867281,068b1027b55fa2ac67e070459076a74cc213b97a9c3ae49c093478d4cb00c769,5464,3640,2020:07:18 08:15:45,44.944564,-93.4258020999472,286,true
Original_mid-62.jpg,Original_mid,6736719,26c686f338f35e6ca5a52cbb44b70b00314627cfa72350f5859467d2b2eb0c4d,5464,3640,2020:07:18 08:15:50,44.9445610001056,-93.4257992999972,286,true
Original_mid-63.jpg,Original_mid,6972275,31006e46579059d55d6dfab01f58f703e67f95c04d04b76d4fd941e77b26f0a5,5464,3640,2020:07:18 08:16:07,44.9445610001056,-93.4258037000111,287,true
Original_mid-64.jpg,Original_mid,6864349,f1912fab1f836bafe4cddeca7a4cec90a2963b39fb898e0e79255eedb53262a2,5464,3640,2020:07:18 08:16:14,44.944558,-93.4258066999583,288,true
Original_mid-65.jpg,Original_mid,7032370,0a8b36e34575c4ee93bb182e28359654216640ab8faae96ac54884fd08e2552c,5464,3640,2020:07:18 08:16:27,44.9445459000056,-93.4258073000528,288,true
Original_mid-66.jpg,Original_mid,7252820,fb822cee13e8e8e40333ac78717bdc53381c9aecf15f4c4d79cc1fc99ee406eb,5464,3640,2020:07:18 08:16:33,44.9445383001056,-93.4258093999694,288,true
Original_mid-67.jpg,Original_mid,7005318,1f249ce82c814e6698a5edab88b45b8496c86a13b4aa43b1cc57eccf816b36c9,5464,3640,2020:07:18 08:18:06,44.9445286999778,-93.4258239000056,286,true
Original_mid-68.jpg,Original_mid,7351263,b3425bea0d1a1dfdacb6d94c855f9aa2e87347636d5673a80da1100417bc0220,5464,3640,2020:07:18 08:18:30,44.9445211000472,-93.4258246999917,288,true
Original_mid-7.jpg,Original_mid,6168384,af64d70a4185675ad277207b10a22ec6f8642443b9d8a8e622972a1cd1952ca6,5464,3640,2020:07:18 08:09:42,44.9444963999333,-93.4259556999972,284,true
Original_mid-8.jpg,Original_mid,6442662,91f95218b0e3f1189638033f7794aaebf43724098f6cc42ed77b53ee5e2cf9b2,5464,3640,2020:07:18 08:09:50,44.9445011001111,-93.4259588999139,285,true
Original_mid-9.jpg,Original_mid,6451467,2474f9930c351966a5c4fade80517169b2a765e072f69edc7169c1b7b682907e,5464,3640,2020:07:18 08:10:02,44.944501700025,-93.4259682000056,285,true
The_Tree-1.jpg,The_Tree,21809643,e1e3e46079c21243bbed3ae9898621896391fa4125c2cd440c4bc440dc40573a,5464,3640,2020:07:20 19:41:59,44.944625695,-93.42597575,287,true
The_Tree-10.jpg,The_Tree,22006163,97d3af552e819c04ff7f3f92bae1c8b3be9bf809d45fbb91c2021edfa6ed1dfb,5464,3640,2020:07:20 19:42:52,44.9446306666667,-93.4259155833333,286,true
The_Tree-100.jpg,The_Tree,22618367,5937d90d49c5cf2b2a6ebb8d6efadf054822295c78566c85c060e8b37e41d461,5464,3640,2020:07:20 19:53:45,44.94450875,-93.4259324166667,286,true
The_Tree-101.jpg,The_Tree,22538558,854adc54db323b6a737f69fb5e01c8e3fa4a3ad7e7e68b16c3c39332db8d77a9,5464,3640,2020:07:20 19:53:49,44.944511305,-93.4259367216667,286,true
The_Tree-102.jpg,The_Tree,22871222,05999f894d759974829aebe24c14f8b5564aab33b796825b32519e089c311f13,5464,3640,2020:07:20 19:53:54,44.9445146116667,-93.4259391383333,286,true
The_Tree-103.jpg,The_Tree,22726930,23728d42abeb84971bcea74ced4dcbf2d75867d74341b5d524e45330049d8d3c,5464,3640,2020:07:20 19:53:59,44.944517945,-93.4259420833333,286,true
The_Tree-104.jpg,The_Tree,22453177,96817510c2cda9e58eed0fac77383271c0c6d22d67e3aa67d093c0904ed5ac7e,5464,3640,2020:07:20 19:54:04,44.944523695,-93.425946805,287,true
The_Tree-105.jpg,The_Tree,21942167,782f4d81105039f0d3241bdbb95941ad3f717c804e48c6205b3d218d9613ca25,5464,3640,2020:07:20 19:54:12,44.94452825,-93.4259487783333,287,true
The_Tree-106.jpg,The_Tree,22095361,8c1496cee86ecabdb1dc119eb98ca5fb38c625e58ed04e3502d02e6b33122ea0,5464,3640,2020:07:20 19:54:14,44.9445280283333,-93.4259488333333,286,true
The_Tree-107.jpg,The_Tree,22177943,0d26ceb5eaabda993e6da0fe3fe400fb6402d21ee4c6e921e565b7021d0e4289,5464,3640,2020:07:20 19:54:20,44.94453275,-93.425953805,286,true
The_Tree-108.jpg,The_Tree,21948952,75e561097d47fb40fd8ffc383e0a2c73be24c47e28f31dfa88344a06ed342eaf,5464,3640,2020:07:20 19:54:26,44.9445412783333,-93.4259612216667,286,true
The_Tree-109.jpg,The_Tree,21508638,f5a5336721d5273ee0aa8717419d0a62ecee2fb96457a0adf64956499356f630,5464,3640,2020:07:20 19:54:34,44.9445474166667,-93.4259607216667,286,true
The_Tree-11.jpg,The_Tree,21218421,b101cf6fa3fac43c2cb648e8f158fe0dd083265e36bf108084fd19564129d77e,5464,3640,2020:07:20 19:43:05,44.9446334166667,-93.42590325,287,true
The_Tree-110.jpg,The_Tree,21418411,edcada6f921dc10476913d78be22113321bcbae3d940c6b9fde57e3ccf4cb677,5464,3640,2020:07:20 19:54:39,44.9445508883333,-93.425958945,285,true
The_Tree-111.jpg,The_Tree,21609177,80588016e6e1b1ae3711923f56877daeea7cc323a10e336fdc52d6f22c2bb5d1,5464,3640,2020:07:20 19:54:43,44.9445528333333,-93.4259585,285,true
The_Tree-112.jpg,The_Tree,22021196,066f8fadff491787f0cba193f3c6be536fa3edb83fb49167fac66dea49a3f4dc,5464,3640,2020:07:20 19:54:51,44.9445570833333,-93.4259590833333,285,true
The_Tree-113.jpg,The_Tree,21997665,085042b56055ffec9cc59a911e50cf1d36ce6c94f44f9fa2e216419f0bf4f4f8,5464,3640,2020:07:20 19:54:54,44.9445617783333,-93.4259585833333,285,true
The_Tree-114.jpg,The_Tree,22024745,7b96448c826af90c48c36728865cb883dead0bf94c1dc78f079f66764f6be557,5464,3640,2020:07:20 19:54:59,44.9445691383333,-93.425954445,285,true
The_Tree-115.jpg,The_Tree,22131181,14cf5af19b71373f78fd2c0d714763ab3ca83b0ee0a96246443f34ef96bbd006,5464,3640,2020:07:20 19:55:02,44.9445735283333,-93.4259510283333,285,true
The_Tree-116.jpg,The_Tree,21807678,596c573bce68fc2c1095e3ee3bd9c1774d647dd7fac658604a92f4942f8d27ab,5464,3640,2020:07:20 19:55:08,44.9445783333333,-93.425947445,286,true
The_Tree-117.jpg,The_Tree,21593897,215a98d5a68a1d59a7ca9ebc8d0317ee63d16230d31540bafe6d7a00352d59a5,5464,3640,2020:07:20 19:55:16,44.9445832216667,-93.4259417783333,286,true
The_Tree-118.jpg,The_Tree,21404365,efd0a2bb5fc99b0422739c2b4abdab7838879530419b1452224e24a25b736057,5464,3640,2020:07:20 19:55:21,44.9445852783333,-93.4259392783333,286,true
The_Tree-119.jpg,The_Tree,21205245,77ca6bb1316e35a3f45f03d083fed29d5c3efe3d71524869786d02f530d2dedd,5464,3640,2020:07:20 19:55:25,44.94458725,-93.4259370833333,286,true
The_Tree-12.jpg,The_Tree,21509462,84d1d70980e9a32045da7fe178509af5e48bf5c67d74aea41b7d7bbb7e4d8a49,5464,3640,2020:07:20 19:43:10,44.9446323333333,-93.42589425,286,true
The_Tree-120.jpg,The_Tree,21224912,73ead3ed5a223488b278d1cd1783056e7bf2b3d3e020685b497e4247eba4591d,5464,3640,2020:07:20 19:55:28,44.944589695,-93.425934305,286,true
The_Tree-121.jpg,The_Tree,21118918,1f43ff191f5dc66bec241104b14396cb1c2e747a490a90c91a9122027a61103e,5464,3640,2020:07:20 19:55:33,44.9445923333333,-93.425932195,286,true
The_Tree-122.jpg,The_Tree,20501520,ede77e405a3ef5dd89a442dd1f5f13b16b4f6ed24f29324dd63adfbde48c349f,5464,3640,2020:07:20 19:55:40,44.9445954166667,-93.4259266383333,286,true
The_Tree-123.jpg,The_Tree,20687977,a0da713e58cefca6459fde67aa533a33f250e9239c89a2432f5d617ae542f9cb,5464,3640,2020:07:20 19:55:42,44.944596,-93.4259263616667,287,true
The_Tree-124.jpg,The_Tree,20788712,226a7e600d27406199e9e776f2b5c173d1122d420860bfd8ef3507a8eb6449a6,5464,3640,2020:07:20 19:55:49,44.9445985283333,-93.425919055,287,true
The_Tree-125.jpg,The_Tree,20850603,75b23b0cf8ac6689252a5184b2bfc9eac48c5305d19b7c42c39e9b022731bb7f,5464,3640,2020:07:20 19:55:55,44.944602195,-93.4259101666667,286,true
The_Tree-126.jpg,The_Tree,21008434,580d1dc051f0556e5cc62c520bc494813219a97e0165fa4cfa2b52ae9ba92e76,5464,3640,2020:07:20 19:56:02,44.9446004716667,-93.42590025,287,true
The_Tree-127.jpg,The_Tree,22747990,85d8ecc5938e5c84661f57b28353fd401230c0a0a16ae6735c52d08409bff043,5464,3640,2020:07:20 19:58:11,44.9445824716667,-93.425938695,286,true
The_Tree-128.jpg,The_Tree,22883625,1b70e15eff40ac22c7fb19aeea470a773e72a2b6a9fb1cedc512a7c72ea3dc98,5464,3640,2020:07:20 19:58:16,44.9445895,-93.425934805,286,true
The_Tree-129.jpg,The_Tree,22686438,02f8b7cb2fc7f545350e17ad39b9ed57b71c76b4ff312780b60f82b2de97c8ef,5464,3640,2020:07:20 19:58:21,44.9445924166667,-93.4259306116667,286,true
The_Tree-13.jpg,The_Tree,20789219,9dc7609e8a0aac9a02b934cc8ed033aa8ee6bdf260a333b4ac7f93419b467e11,5464,3640,2020:07:20 19:43:19,44.9446281116667,-93.4258806116667,286,true
The_Tree-130.jpg,The_Tree,22459516,869f75307f255f33f15b6a47d93568e6f9cc2fd8bcaa0811b0613ae34efb547c,5464,3640,2020:07:20 19:58:26,44.944593305,-93.4259273616667,286,true
The_Tree-131.jpg,The_Tree,23585756,5dc1b9430ac5657a299df4827c0fc278a4294aae136cee55deb1ec05403df4c8,5464,3640,2020:07:20 19:58:34,44.944598195,-93.425923945,287,true
The_Tree-132.jpg,The_Tree,23309967,5c7d5ff3f637be68706023eabfc12f79858bb9f8b3c0d689dd81085c0c4283c8,5464,3640,2020:07:20 19:58:42,44.9446015833333,-93.425921,288,true
The_Tree-133.jpg,The_Tree,21973133,824fe9ae18e185194a612d3328909378c15b87a36e9535491c36e0bfe6271808,5464,3640,2020:07:20 19:58:48,44.9446041116667,-93.425918055,288,true
The_Tree-134.jpg,The_Tree,23240793,026e4fa27a50203d54c8178d28b123c0cb3b20001e5997817cc4c2c780dcd6bb,5464,3640,2020:07:20 19:58:55,44.9446074166667,-93.4259104166667,288,true
The_Tree-135.jpg,The_Tree,21462498,b796248e17493ee99b2e85a3f675936901a827051ca272855fa2ba6d4250e377,5464,3640,2020:07:20 19:58:59,44.94460725,-93.4259046383333,288,true
The_Tree-136.jpg,The_Tree,22551141,3a1ec2036f7131ab62778e3cfd38724b1e1ca4de6a5523d7abc282d8b24e2a3b,5464,3640,2020:07:20 19:59:05,44.9446067783333,-93.4258990833333,288,true
The_Tree-137.jpg,The_Tree,21936479,818d0d8bda41fc93b4c3b318d5699b20a35c388cedf58f03ffde09514cf59fd1,5464,3640,2020:07:20 19:59:10,44.9446077783333,-93.4258895,288,true
The_Tree-138.jpg,The_Tree,20485471,614443d0873f7ffa1649e3b68a29d8e49ff8516495600a0b8eb6a04f2cae63b3,5464,3640,2020:07:20 19:59:16,44.9446047783333,-93.4258755,287,true
The_Tree-139.jpg,The_Tree,20166374,521e445395f562a1191f588022b1bb4803037eae20a33e340e98a22731277c46,5464,3640,2020:07:20 19:59:21,44.9445986666667,-93.4258668333333,287,true
The_Tree-14.jpg,The_Tree,20720198,c3213584caafe779e3389833472a5c166d14111e5e2eae5f4a0e72e57ed48ce1,5464,3640,2020:07:20 19:43:27,44.944628305,-93.4258693883333,286,true
The_Tree-140.jpg,The_Tree,21174503,2920920048411c0f05447c827f2ad419fa9b7a8dcb1a7baf5af8f1a0a8e26048,5464,3640,2020:07:20 19:59:27,44.944592805,-93.425860805,287,true
The_Tree-141.jpg,The_Tree,21360911,268f1b30266118bf0ba0503fe88eaa496e63f676080e6eae13cf37dfd4b18204,5464,3640,2020:07:20 19:59:30,44.944592055,-93.4258581116667,287,true
The_Tree-142.jpg,The_Tree,21328183,c69daafe1b4bfe5ef7d650d7d79aa7ce41b500a256c36665e859c8e00a99bff5,5464,3640,2020:07:20 19:59:36,44.944586695,-93.4258544716667,287,true
The_Tree-143.jpg,The_Tree,21017999,000217630627e3c94218f2402f3d721ea91a09bd63749e348389dde9495cbe6d,5464,3640,2020:07:20 19:59:41,44.9445824716667,-93.4258494166667,287,true
The_Tree-144.jpg,The_Tree,21088956,4efc945c50d702b84b982eeb5d600f034b404fa64dac1356b3b6811318363613,5464,3640,2020:07:20 19:59:47,44.9445743616667,-93.425845805,287,true
The_Tree-145.jpg,The_Tree,20576069,1238978f21483b057fc7c7b1acf0130898440e2fa72a7c1e0d816f026383523a,5464,3640,2020:07:20 19:59:52,44.9445752216667,-93.4258473616667,287,true
The_Tree-146.jpg,The_Tree,20052280,ad8dc6406fd5777bee2f0edf9edba775d5747af52fdf013e4eb1e36f84b4c23b,5464,3640,2020:07:20 19:59:57,44.944568945,-93.425845195,287,true
The_Tree-147.jpg,The_Tree,19485193,68c31eb94f1de80d50ac952afbf2d015e346348a7f2eda01207a4fdb29d8a590,5464,3640,2020:07:20 20:00:01,44.94456325,-93.4258449166667,287,true
The_Tree-148.jpg,The_Tree,20028912,118c96dd8ff3db2fd464dd00ec8ca0de3a2cf3d38380d6eeed5852b9f376a516,5464,3640,2020:07:20 20:00:05,44.9445571666667,-93.4258459166667,287,true
The_Tree-149.jpg,The_Tree,20236653,434b5825f727e6ab364b97dce89a6aa37b303934eaabe0feafdd4cc68903cf18,5464,3640,2020:07:20 20:00:11,44.9445526116667,-93.4258458333333,287,true
The_Tree-15.jpg,The_Tree,20462650,fa8d0fe3dd13c76b020f47f36d955b960a2121820ab4d97a06572ec5174463fd,5464,3640,2020:07:20 19:43:34,44.9446252783333,-93.425856445,286,true
The_Tree-150.jpg,The_Tree,20963650,255587c434913d55a56695c34ed657c06d9bd8635182a0b6298e6fa6262e0b7f,5464,3640,2020:07:20 20:00:16,44.9445467216667,-93.4258482216667,287,true
The_Tree-151.jpg,The_Tree,20972794,1224f51e6d9f775abe262a2e551a9d142d0603a1a5e2de7f7cb739bc13b573ef,5464,3640,2020:07:20 20:00:27,44.944541555,-93.4258492783333,286,true
The_Tree-152.jpg,The_Tree,20647723,3f8292c98580a6c053cf674d1d3ee93181aac77e1a8a349836a89e268a34e5aa,5464,3640,2020:07:20 20:00:33,44.9445371666667,-93.4258518333333,286,true
The_Tree-153.jpg,The_Tree,20812922,9186bf209a659b54e82f550b342f9525b04541a1da0426e9e337b50f94760432,5464,3640,2020:07:20 20:00:38,44.9445346383333,-93.425856445,287,true
The_Tree-154.jpg,The_Tree,20960790,09f92dd4875328e5f68bbc9a517a874265d5decac78fb1b007ab255d59d6138e,5464,3640,2020:07:20 20:00:44,44.9445305,-93.4258583883333,287,true
The_Tree-155.jpg,The_Tree,20637003,13eb187cbddf4376bcebe0833481876cda0f559fde495d33a6dbe6e61c787020,5464,3640,2020:07:20 20:00:49,44.9445311383333,-93.42586275,287,true
The_Tree-156.jpg,The_Tree,20586767,57df05fe379a7c604058355c086dbd23e8ab55670641111a055e5786fc95fc0d,5464,3640,2020:07:20 20:00:54,44.9445301116667,-93.4258673616667,287,true
The_Tree-157.jpg,The_Tree,21025652,8139742e7af9ae10d7971f934442e1cc9b5bab809178c91c2fc4647b4054cce8,5464,3640,2020:07:20 20:00:59,44.9445257216667,-93.42586975,287,true
The_Tree-158.jpg,The_Tree,20025501,515cf6b62a3fbc9197c99e7df09c80f38abfee20baa8a141b93a173049f3a44f,5464,3640,2020:07:20 20:01:03,44.9445227783333,-93.425867805,287,true
The_Tree-159.jpg,The_Tree,20813801,1d12713f1667cc0179c71b4341a1c11f51591c861f87ba97c4d6f350c8cd740f,5464,3640,2020:07:20 20:01:07,44.944519195,-93.4258651666667,287,true
The_Tree-16.jpg,The_Tree,21163609,954fcc17a3c0645aefd39ad5d817fb7070c33114a2ac1073f8cc8b72b0eb57f1,5464,3640,2020:07:20 19:43:42,44.9446192216667,-93.425839945,287,true
The_Tree-160.jpg,The_Tree,21449985,75634bb9ec5e486bc13280853b31b03869bce9bf1ddfb3ac17e8a0e4bae8f7f5,5464,3640,2020:07:20 20:01:13,44.9445196383333,-93.4258788883333,287,true
The_Tree-161.jpg,The_Tree,20903915,2ae9a3dded24fdc20db26c3c3bd747b6d0b69f51b976a53f83a55859e35007c8,5464,3640,2020:07:20 20:01:16,44.9445161383333,-93.4258764166667,287,true
The_Tree-162.jpg,The_Tree,21541729,48d3597b6dbc0d359a335507c100e0af30d5383c2c06cbb9ff7cdc522b413bb6,5464,3640,2020:07:20 20:01:20,44.9445182216667,-93.4258812783333,287,true
The_Tree-163.jpg,The_Tree,21630881,6b5d2f7692e7d5c9dfc5b667111e69213dc4548bd4e9b9aeb9c52152dab7acb7,5464,3640,2020:07:20 20:01:24,44.9445202783333,-93.4258870833333,287,true
The_Tree-164.jpg,The_Tree,22311400,2e1b04bf5d2dc99d8ba008aa9679f979cb5d91a8b0cff7a52d1b2f6044c90e67,5464,3640,2020:07:20 20:01:30,44.9445187216667,-93.4258940283333,287,true
The_Tree-165.jpg,The_Tree,22009873,32850fcf7716055105886705c2802a316cfe9f4f01f214b2493b163bbd7b9335,5464,3640,2020:07:20 20:01:34,44.944517695,-93.42589775,287,true
The_Tree-166.jpg,The_Tree,22434080,f68b01762983c0a548063273516ff8f9f07150f3fa8b1a5bd6deac1c8167afed,5464,3640,2020:07:20 20:01:39,44.9445151666667,-93.4258984166667,286,true
The_Tree-167.jpg,The_Tree,22396318,c4c44e458956f0f94a2a79e3abb2c2841c460ad60f1e27c10425d7d120d41c52,5464,3640,2020:07:20 20:01:45,44.9445205283333,-93.4259046116667,286,true
The_Tree-168.jpg,The_Tree,21513766,5f7802e1d262188fc1470ba1ed66f3552edfd93f70978505bb50d586c7113f20,5464,3640,2020:07:20 20:01:48,44.9445188883333,-93.4259086116667,286,true
The_Tree-169.jpg,The_Tree,23304655,36674bf4391b75e740cc5ced5821f340e15bbf2d8f1827ea192c52f4be3f9df6,5464,3640,2020:07:20 20:01:51,44.9445155833333,-93.425906945,286,true
The_Tree-17.jpg,The_Tree,21177934,1fd0832608898379b22c0ad6f7967949a2915b6a5ae13fbea383c93d5fdda754,5464,3640,2020:07:20 19:43:47,44.9446142216667,-93.4258279716667,287,true
The_Tree-170.jpg,The_Tree,22380670,35802c3c33d265dc9fdaec744b28ef0c3fb4f52757c911ac8c2ab3e3bed5fa84,5464,3640,2020:07:20 20:01:54,44.944516195,-93.4259110833333,286,true
The_Tree-171.jpg,The_Tree,23483014,a005411b121fa1961e600235de500520a49500aec29514844a651d9a37d6cc9e,5464,3640,2020:07:20 20:02:04,44.9445163616667,-93.4259106666667,287,true
The_Tree-172.jpg,The_Tree,22484895,f5dacefe6d27f4c3634b0647bfe4ef930249dc5b0cd05b27d31f7c60d849c185,5464,3640,2020:07:20 20:02:11,44.9445207783333,-93.42591575,287,true
The_Tree-173.jpg,The_Tree,22535688,80b52ba60bcdf26bc3e3a4828f4e7f82c0e5b51d087647b688cb717de5fd9835,5464,3640,2020:07:20 20:02:15,44.94452,-93.4259198883333,287,true
The_Tree-174.jpg,The_Tree,22277018,2ff1a956e6c4aed8d24c3f676b0eeb375dbf8b60d780b5519e498b39f18b5de2,5464,3640,2020:07:20 20:02:19,44.944515195,-93.4259215833333,287,true
The_Tree-175.jpg,The_Tree,23329975,c7edf9fbea713c7795feceee4c8825a1109b552c3c5e5346c5c6787eaee25bfb,5464,3640,2020:07:20 20:02:26,44.9445207783333,-93.425925,287,true
The_Tree-176.jpg,The_Tree,22753699,c9860fd0c0649a66fc922a394857e6733b2918d632e562fcc48f44fbf7f06121,5464,3640,2020:07:20 20:02:30,44.944522805,-93.425926805,287,true
The_Tree-177.jpg,The_Tree,22250666,fce4773cc68545640c9eb36ec81e769b7059dc602fa14d8a7d32bf3696da4108,5464,3640,2020:07:20 20:02:34,44.9445257783333,-93.4259295833333,287,true
The_Tree-178.jpg,The_Tree,21700835,0b382ebe8571a7a21a7c0434ed1e091cc7149478de1ebca902c9e67d58d18057,5464,3640,2020:07:20 20:02:37,44.944530305,-93.4259326383333,287,true
The_Tree-179.jpg,The_Tree,21342264,849555c6b217e9c6f3de54ef5ffce6a70d757c776bed2e8b47f7d8155f45b18c,5464,3640,2020:07:20 20:02:40,44.944533305,-93.4259327783333,287,true
The_Tree-18.jpg,The_Tree,20773155,25b16883e605897b9ebdebfd94d9978accc4eabea6c703e9bacead3e287a06df,5464,3640,2020:07:20 19:43:53,44.9446119166667,-93.4258269716667,287,true
The_Tree-180.jpg,The_Tree,22569362,f95e0b4945268bc61c8b23837722176ffcd3e226ac37c6cb9862a9f986edc720,5464,3640,2020:07:20 20:02:45,44.94453175,-93.4259382783333,287,true
The_Tree-181.jpg,The_Tree,22815967,3c63fd828203d91ada9787815521c2601fd08d738f053149c346fa02d67d54f5,5464,3640,2020:07:20 20:02:49,44.9445351666667,-93.425939055,287,true
The_Tree-182.jpg,The_Tree,22122490,5012e105074ad52c46032c48da3387ceef4421f4adb60c591dfc951a41013d18,5464,3640,2020:07:20 20:02:54,44.9445386116667,-93.425939305,286,true
The_Tree-183.jpg,The_Tree,22255757,f09cc24d4c51dd3459bda4d7e398567ee45ba8271820ceaa1f24c2016a2d39eb,5464,3640,2020:07:20 20:02:58,44.9445379166667,-93.425943055,286,true
The_Tree-184.jpg,The_Tree,22284706,0d8da12fba787dac96b5d21a2a9cc82e0858ddccf5ab0d5eaaa796d08f45aa9d,5464,3640,2020:07:20 20:03:02,44.944543445,-93.425946195,287,true
The_Tree-185.jpg,The_Tree,21799349,4f025ea42e8021a5228fbef855b4b37599db95428fec30cff4417646d74b5f85,5464,3640,2020:07:20 20:03:05,44.944546695,-93.425939,287,true
The_Tree-186.jpg,The_Tree,19858038,d8ced0854d06419483ab18a219fd0441dbe60c2554b48f90dc7001cff0a66797,5464,3640,2020:07:20 20:03:10,44.9445528333333,-93.4259421383333,287,true
The_Tree-187.jpg,The_Tree,21032019,0d9c65d84840b2799400be6dcf6b8ee2816e9f635815d0af704b9f89b05fcf42,5464,3640,2020:07:20 20:03:13,44.944552,-93.4259497216667,287,true
The_Tree-188.jpg,The_Tree,22011862,b811d3b6caa92f4e78619e58d4449109f19eb8073da97277183028f3293f86b1,5464,3640,2020:07:20 20:03:18,44.9445589166667,-93.4259523616667,288,true
The_Tree-189.jpg,The_Tree,22201980,4ef75460e8196544471af0875e0bbc2067af9b74bca7e3bf36d11718041330b5,5464,3640,2020:07:20 20:03:22,44.944562055,-93.425952555,288,true
The_Tree-19.jpg,The_Tree,20491545,5ebaae65784b3abb964f268e0e9394c5755bd31c3b51ffa44d0712492aebce31,5464,3640,2020:07:20 19:43:59,44.9446063616667,-93.425819805,287,true
The_Tree-190.jpg,The_Tree,22940427,4600c9d702c40c236f36d4dcafd739e4fc5183a9705dba0296e1584c669977de,5464,3640,2020:07:20 20:03:27,44.9445671383333,-93.4259504166667,288,true
The_Tree-191.jpg,The_Tree,22835907,b8303971e13b02ed08c1b29cb74c86569ba30037e918631aaee8b34954d50c7d,5464,3640,2020:07:20 20:03:34,44.944572305,-93.4259488883333,289,true
The_Tree-192.jpg,The_Tree,22607093,e9833c33a930a3a58da4861b26e12f3f5c5c73eb89635474d302d019b87cb3d0,5464,3640,2020:07:20 20:03:41,44.9445740833333,-93.4259495,289,true
The_Tree-193.jpg,The_Tree,22638602,32852533b66c292739be759255105115f83ba91d00a3884dccf33192269f9a88,5464,3640,2020:07:20 20:03:45,44.944577555,-93.4259482783333,288,true
The_Tree-194.jpg,The_Tree,22699036,71a9be783758f9b42bd82112d360d805e1d39ab290bbc6238082e99f69677f96,5464,3640,2020:07:20 20:03:49,44.944582055,-93.425945195,288,true
The_Tree-195.jpg,The_Tree,22594507,a388664fe2cfec3cdc568d8a5e0a4a4a729e6caacfab6340ee31f069f3dbd114,5464,3640,2020:07:20 20:03:52,44.94458,-93.425943445,288,true
The_Tree-196.jpg,The_Tree,21735642,ed664f5e741bc4d788eac222af203046842d5cf13b51ec3afd04ca4fc0dacca2,5464,3640,2020:07:20 20:03:57,44.9445750283333,-93.425938195,288,true
The_Tree-197.jpg,The_Tree,21128147,329099eb3830e257da94f72e3e587e1c31e0e811aa4d1e6de305b7400ca60e51,5464,3640,2020:07:20 20:04:00,44.9445778616667,-93.4259372216667,288,true
The_Tree-198.jpg,The_Tree,22336648,64cf3cb96da29329d2e608578af54e8de5da1ab45be090eeebd4568f22087e3c,5464,3640,2020:07:20 20:04:05,44.9445801666667,-93.4259441116667,288,true
The_Tree-199.jpg,The_Tree,21450739,d14ceaace601ee4ea00c32fb493a0f3a28eaa373464c700fb0703a0101015a6a,5464,3640,2020:07:20 20:04:09,44.944582555,-93.4259408883333,288,true
The_Tree-2.jpg,The_Tree,21864159,80c624b0fecf70bd00eddda37d2ceaec50cb9f3376cad02e488aa65286fe6ba8,5464,3640,2020:07:20 19:42:06,44.9446315,-93.4259682216667,286,true
The_Tree-20.jpg,The_Tree,19721939,f31e60e398b7fb3bce11a102f26071bfb24708176903d88c2b73d369eba98966,5464,3640,2020:07:20 19:44:03,44.9445997216667,-93.425814555,287,true
The_Tree-200.jpg,The_Tree,22494160,91830535c25be56b83ffd45ad890af30390199247780afc93c2a93c94db2d9ca,5464,3640,2020:07:20 20:04:14,44.9445858883333,-93.42593675,288,true
The_Tree-201.jpg,The_Tree,22922154,56c95c42a0430fd716f507c435502dc32e30e07c3aea3285dfcbc903c7934df9,5464,3640,2020:07:20 20:04:19,44.9445901116667,-93.425929,288,true
The_Tree-202.jpg,The_Tree,21069471,c72372ca0e10983965ec0b723c63bbb4f5ae906e1d303d8bc673d349472b0eb4,5464,3640,2020:07:20 20:04:32,44.9445859166667,-93.425922945,288,true
The_Tree-203.jpg,The_Tree,22544399,397a47ea591080fe832793b3e6d71d01c91d8b257757b95670fa459a57482c0a,5464,3640,2020:07:20 20:04:40,44.9445856383333,-93.4259195833333,288,true
The_Tree-204.jpg,The_Tree,22429657,168d1d0451905249251980f394266afc08a60df8df52b1a80ce50696868eee93,5464,3640,2020:07:20 20:04:43,44.9445863333333,-93.4259167216667,288,true
The_Tree-205.jpg,The_Tree,22408789,e77633675688685c54661d0de74841a625bd53e4f6309b0417eed41ba743e9f2,5464,3640,2020:07:20 20:04:47,44.9445875,-93.4259131116667,288,true
The_Tree-206.jpg,The_Tree,21881002,6b4cf8fee4770a37525363f4293a5f695f262be18ed8b933100071f1cd22f039,5464,3640,2020:07:20 20:04:51,44.9445888333333,-93.4259066116667,288,true
The_Tree-207.jpg,The_Tree,22149014,8123f9cce8547075fed82cbe48f25fae60062dee8ea45c639aba9f283bc0f9eb,5464,3640,2020:07:20 20:04:55,44.944588945,-93.4259003883333,289,true
The_Tree-208.jpg,The_Tree,22367405,2ceb953070a855409df5e9e192c767feabdfdeb5959b26a543040262d89ada4b,5464,3640,2020:07:20 20:04:58,44.9445898616667,-93.4258990833333,289,true
The_Tree-209.jpg,The_Tree,22602477,e9a898ab1ac439b4c5f3de1185a10a44c51b04a715cef4949517f11015780924,5464,3640,2020:07:20 20:05:02,44.9445933333333,-93.4258970833333,289,true
The_Tree-21.jpg,The_Tree,19606278,6d8bdc2e3249ab1f050104f8e3ae56b8fe444de85e890e51d93afc9257f0257b,5464,3640,2020:07:20 19:44:11,44.944594305,-93.4258131383333,287,true
The_Tree-210.jpg,The_Tree,21149737,a4991d87d17397268167853ef76b73d486e195a49eb7347b5e87ec45bfe0cae6,5464,3640,2020:07:20 20:05:06,44.9445920833333,-93.425887945,288,true
The_Tree-211.jpg,The_Tree,22507459,759f3600f9719c2009fd574c83dcf6e3efb9429295eb21e0a591ccd7ba78708b,5464,3640,2020:07:20 20:05:11,44.9445910283333,-93.4258830283333,288,true
The_Tree-212.jpg,The_Tree,21595768,58cc6eb438d2ce001d24224350d6e5e12392e7d0418bcc5ed45d104631fce86e,5464,3640,2020:07:20 20:05:14,44.9445872216667,-93.4258825833333,288,true
The_Tree-213.jpg,The_Tree,21390085,b70abb59b3e377990ade3f25ce21b48824326b17ddf44d687e2d1d6a5a903be8,5464,3640,2020:07:20 20:05:20,44.94458275,-93.4258838883333,288,true
The_Tree-214.jpg,The_Tree,21375005,2fa8802e99ac0935008c7c8099c35319142782c05fb32195a63370bbff618702,5464,3640,2020:07:20 20:05:24,44.9445828616667,-93.425876055,288,true
The_Tree-215.jpg,The_Tree,22008010,a115f226417389428d09cdef8c94b47562fd5942ada4bad68ce707a035687a5b,5464,3640,2020:07:20 20:05:28,44.944587,-93.4258759166667,288,true
The_Tree-216.jpg,The_Tree,21932873,490423a73addd09cadc153957f3c1dbeda57387ad802a63b60ffaa6be115ea7a,5464,3640,2020:07:20 20:05:35,44.944586,-93.4258718883333,288,true
The_Tree-217.jpg,The_Tree,22116795,88c59b454c076a404298ffac40f6e323b44338f7fd21f925dbefbebcd09347ba,5464,3640,2020:07:20 20:05:43,44.9445861666667,-93.4258711383333,289,true
The_Tree-218.jpg,The_Tree,21233439,32eb9e3279fccdc14dd1d418d3d84da0f60bfe21c5a8c30a4ffd94eb85201e3e,5464,3640,2020:07:20 20:05:47,44.9445863616667,-93.4258679166667,289,true
The_Tree-219.jpg,The_Tree,21237172,65cc7f9c76a4576230a87415ed9b8f4c7ad4d436dc2cd0316d2939c0aaf14a2f,5464,3640,2020:07:20 20:05:50,44.9445858333333,-93.425865055,289,true
The_Tree-22.jpg,The_Tree,18911825,ecfd5b3ce98919eb686b73e45121afcfe63b8abb6ce80bcfad2520fbb3634d6f,5464,3640,2020:07:20 19:44:15,44.9445868333333,-93.4258093616667,287,true
The_Tree-220.jpg,The_Tree,21444717,1180d964f57315fa9607101fb34a4b70584fbbf40b98ac0e13c98fbe23ee223f,5464,3640,2020:07:20 20:05:57,44.9445864716667,-93.4258636383333,289,true
The_Tree-221.jpg,The_Tree,21879143,d6eb7dab49b58aaf783eec12043d27a2c4f12af5e6285f0310e3be3c7dcac65d,5464,3640,2020:07:20 20:06:02,44.944585945,-93.4258608616667,288,true
The_Tree-222.jpg,The_Tree,21787772,356f4722453d87ac55bf3cd0739f9855d824067d07f7028a66acf4e083d2012e,5464,3640,2020:07:20 20:06:06,44.9445836383333,-93.4258576666667,288,true
The_Tree-223.jpg,The_Tree,21383104,13faf0df6caafc8cbeb0aaa1b4333f2af6dcbd913a36cab00031f7b111fd73e8,5464,3640,2020:07:20 20:06:11,44.944581055,-93.4258538883333,288,true
The_Tree-224.jpg,The_Tree,21126898,630b0869cab81d65a87cc826a8aea6cf64d2a19c723738ecc27d78f29d4274ec,5464,3640,2020:07:20 20:06:16,44.9445770283333,-93.425850195,288,true
The_Tree-225.jpg,The_Tree,21172919,5920b286f54c2b7bead587452d037a203ee88ec773450e779076b8a59ad8aa26,5464,3640,2020:07:20 20:06:21,44.9445755283333,-93.42584825,288,true
The_Tree-226.jpg,The_Tree,20989085,5e9ad8a600e7c942a7e3efb17f652a82e865224479f279c046a85a3df64980c0,5464,3640,2020:07:20 20:06:25,44.9445733333333,-93.42584775,288,true
The_Tree-227.jpg,The_Tree,21292590,3a77a5d8f6fd28da9b49cd608a8c1a967a1b9c0a94f659bdc7728c6b022a454e,5464,3640,2020:07:20 20:06:30,44.944572945,-93.4258473616667,288,true
The_Tree-228.jpg,The_Tree,21449108,3b4b7e5c5755c9f3b46219fd5da091a2014a7af9ae405f522fae5567b37bf002,5464,3640,2020:07:20 20:06:34,44.944569555,-93.4258457216667,288,true
The_Tree-229.jpg,The_Tree,20612184,27f29f77b22b7a1b6e5e4976c0f48d7ad61e3912ea909cbf38c1cfd2460b7787,5464,3640,2020:07:20 20:06:42,44.94456,-93.4258419166667,288,true
The_Tree-23.jpg,The_Tree,19141826,ac7e43e82ba862c46ef8177c2e3213204d4e02d7f85c8995dd2485dabd40e246,5464,3640,2020:07:20 19:44:20,44.9445723333333,-93.4258029716667,287,true
The_Tree-230.jpg,The_Tree,20476029,d421b155ca22dcc6905fafac2dee263fe5b8807b9bc6b65ca31b5f70e463fda3,5464,3640,2020:07:20 20:06:47,44.94455725,-93.4258412216667,288,true
The_Tree-231.jpg,The_Tree,21152717,0e42c70f54f41a2d54d35f3f6167f046e3d7326fa20927a4c98f4fe6cf29cc7a,5464,3640,2020:07:20 20:06:51,44.9445549716667,-93.425841,289,true
The_Tree-232.jpg,The_Tree,21162815,f3830982530466a6835ac63155e9a55ae3215abd9700ebabfd357b0d214f7a16,5464,3640,2020:07:20 20:06:55,44.9445520283333,-93.4258401383333,289,true
The_Tree-233.jpg,The_Tree,20807871,d2048454f1751071cdd0555d696ccd0d1d59ccc165777d003e29357711e6dcea,5464,3640,2020:07:20 20:07:00,44.9445466666667,-93.425842555,289,true
The_Tree-234.jpg,The_Tree,20836305,c4ea50264e91c495a5480ec52a182aa8fa635238d8b7c9be565fda8e9f8cd873,5464,3640,2020:07:20 20:07:05,44.9445425833333,-93.425844445,288,true
The_Tree-235.jpg,The_Tree,21188470,11fbc97e4b397d1ae603083b67840bb0cca5aed17d8a44913481d86ddebc176e,5464,3640,2020:07:20 20:07:09,44.9445386666667,-93.4258470283333,288,true
The_Tree-236.jpg,The_Tree,21234627,fceea3a059c8cd7e783317669c0bff8f51eb8077141ead5e91a99e11deff7569,5464,3640,2020:07:20 20:07:14,44.9445348616667,-93.4258504716667,288,true
The_Tree-237.jpg,The_Tree,22104548,309b29ba6148a0cfd2b9db36a6c93015b8958cbe88c3287cc55e24d018f29e87,5464,3640,2020:07:20 20:07:18,44.9445302216667,-93.42585325,288,true
The_Tree-238.jpg,The_Tree,21592002,163c29952a667ea4d82c0a191b836cee93975d7e562e9650885c8ce2f033f2e9,5464,3640,2020:07:20 20:07:21,44.944528555,-93.42585575,288,true
The_Tree-239.jpg,The_Tree,21049813,dc0697a374c5beead8e83cfa4aa14cd40e4447c8be504cd64a0c290a31bff3ba,5464,3640,2020:07:20 20:07:24,44.9445315,-93.4258584166667,289,true
The_Tree-24.jpg,The_Tree,19085902,ae7a874440d5758485578f0d100c65a146c89ab39c0b8b247f2c55f91d04fc71,5464,3640,2020:07:20 19:44:26,44.944566555,-93.4258041666667,287,true
The_Tree-240.jpg,The_Tree,19888479,81d91e2b42612f9dc2d94ca93b2b9c3c31613a1973e3f25714263fa5c4cb7e66,5464,3640,2020:07:20 20:07:28,44.9445369166667,-93.425865945,289,true
The_Tree-241.jpg,The_Tree,22197329,1fea8f62a74a5a936a4e204f5515fccb74549b6be96ba812af5cda38a6a58bfc,5464,3640,2020:07:20 20:07:45,44.9445276116667,-93.4258573333333,289,true
The_Tree-242.jpg,The_Tree,20577293,6fab8f8b6695448b8084e349f48486811c5950b4eecf933b79b0b36d9249c91e,5464,3640,2020:07:20 20:07:50,44.94452525,-93.4258633333333,289,true
The_Tree-243.jpg,The_Tree,20594239,9c7b567fa65ac57ab3dbe9a7cb47a8720bb60cd06638e578769fd39cd4b0d8bc,5464,3640,2020:07:20 20:07:54,44.944524,-93.4258660833333,289,true
The_Tree-244.jpg,The_Tree,21691728,3d75221fb17555d859d10eeb5e6319751f9660c87618e79cc02c3190cfed6c16,5464,3640,2020:07:20 20:08:00,44.9445216116667,-93.425870305,289,true
The_Tree-245.jpg,The_Tree,21260108,1a50955b8d6593974886957f5c3ee71357fb39c9d6fbed29941923c89591a7fb,5464,3640,2020:07:20 20:08:04,44.9445202216667,-93.4258745833333,289,true
The_Tree-246.jpg,The_Tree,21851226,531f18edccbea71a3fd0f4b84941a2f63eb0b4615dd00ab7ae8d83095352bd2a,5464,3640,2020:07:20 20:08:09,44.944517945,-93.425880695,289,true
The_Tree-247.jpg,The_Tree,21034062,080c29c8203b36b4b1347b42b4ed886369f874d07506a4af9e1424d0d5218d59,5464,3640,2020:07:20 20:08:13,44.944516555,-93.425885305,290,true
The_Tree-248.jpg,The_Tree,21424611,a9096bffe61c880af5cf17c08eadecfd50a4b530f92008080da25dc033b539cc,5464,3640,2020:07:20 20:08:17,44.9445167216667,-93.4258897216667,289,true
The_Tree-249.jpg,The_Tree,22334156,7b5401c0ac0849d51bddb58c59d90d2985d9852a274437febb4607080e122f09,5464,3640,2020:07:20 20:08:21,44.9445165283333,-93.4258928616667,289,true
The_Tree-25.jpg,The_Tree,18640253,89ba02f86035d6db7830021a2197ba9efd4a6c99f70c0a65a51545f682aabbc0,5464,3640,2020:07:20 19:44:34,44.9445553883333,-93.42580625,287,true
The_Tree-250.jpg,The_Tree,22349968,4b22879b48d8e154ba87eceee603f34b28b2bc52830374293ee293ce223ae9f1,5464,3640,2020:07:20 20:08:24,44.944516805,-93.425895805,289,true
The_Tree-251.jpg,The_Tree,22525627,81da63a1bb043871128216ea0714a2313d174487e535bdf8b8dd9c67c5730637,5464,3640,2020:07:20 20:08:28,44.9445165833333,-93.4258995,289,true
The_Tree-252.jpg,The_Tree,22185846,c90c6ccec98d6580ef5d74ef27db35970c6c83efc7feb786049110e29c030dda,5464,3640,2020:07:20 20:08:31,44.9445181116667,-93.425904195,289,true
The_Tree-253.jpg,The_Tree,22084269,3a3a3994920a0abe551e9bad95e0bbf6dd81636dd960b26306c37df78ce53dc9,5464,3640,2020:07:20 20:08:35,44.9445198333333,-93.425906305,288,true
The_Tree-254.jpg,The_Tree,22340735,a8e9195eafbfdad17ba1fc12a3e134f061fa8ef71ca12b1fd9ce1f9a14a7b9c7,5464,3640,2020:07:20 20:08:38,44.94452175,-93.4259099716667,288,true
The_Tree-255.jpg,The_Tree,22319001,d4c09c1cceaf9c70963f60f661c9e74532c12ade8893d2bbcc2ee5944b827bea,5464,3640,2020:07:20 20:08:41,44.9445225283333,-93.4259142216667,288,true
The_Tree-256.jpg,The_Tree,22113195,da1aaf36099a99f2701571909393c33776a50e6d6cc5ae4d7d515b24364a0a20,5464,3640,2020:07:20 20:08:46,44.9445239716667,-93.4259222783333,288,true
The_Tree-257.jpg,The_Tree,21762650,0a63290a4975e6c1f4c0e4bd56d80ca6864ab532deeddb41da04ef476c5a3a87,5464,3640,2020:07:20 20:08:50,44.9445257216667,-93.425926,288,true
The_Tree-258.jpg,The_Tree,21862029,16d846d4b987dfc8906ff96a1958d225847384031d24a10c51afe40fa567c66a,5464,3640,2020:07:20 20:08:54,44.9445263333333,-93.425927555,288,true
The_Tree-259.jpg,The_Tree,21989981,cafc1a17558c312e61f2bb7da7bfa22c9c9ffc8e8c5836f81728db1c5e5ae1ab,5464,3640,2020:07:20 20:08:58,44.944527945,-93.4259320833333,288,true
The_Tree-26.jpg,The_Tree,19117006,9dbd7ff4c14a26f7258cb7f0f8f900dc2aa5eb561653ef33285c0d153591fa5b,5464,3640,2020:07:20 19:44:40,44.9445418883333,-93.4258058883333,287,true
The_Tree-260.jpg,The_Tree,21310761,0279941cc2063f5a1224b79c33117cfa222d3a0090337e7157504ffcbe57d51e,5464,3640,2020:07:20 20:09:02,44.9445341666667,-93.4259386666667,288,true
The_Tree-261.jpg,The_Tree,22219342,b8082b60fb60b16c7abcf17bae6d328e0dcd41503e9e7a89ef57b1183f2141a6,5464,3640,2020:07:20 20:09:06,44.944542445,-93.4259456383333,288,true
The_Tree-262.jpg,The_Tree,21493362,d798ea18abcab204aa303e24f8dcf723d999468c2db92d21eaa371c5f0739ede,5464,3640,2020:07:20 20:09:11,44.9445493883333,-93.425950805,289,true
The_Tree-263.jpg,The_Tree,20997667,f44c62f0e13279c92f35f128f8091b30acd75a51a218b343d6a407f29022c683,5464,3640,2020:07:20 20:09:16,44.9445548616667,-93.4259551666667,290,true
The_Tree-264.jpg,The_Tree,20665780,53cb3b968c0a972ab1828afdcf3a52aa655a116f8a42cb3b280e35f976823088,5464,3640,2020:07:20 20:09:22,44.94455975,-93.4259554716667,289,true
The_Tree-265.jpg,The_Tree,20644500,e933e4d407ffafd59848cabb73230cadd31a6a8674cdde45ca30e03cc8539be5,5464,3640,2020:07:20 20:09:26,44.9445646116667,-93.4259541383333,289,true
The_Tree-266.jpg,The_Tree,20026368,166433777f361b98a18ef2ac714e61ecb18e3ee6a468234d40d3b134f5d6352e,5464,3640,2020:07:20 20:09:29,44.9445666666667,-93.425953445,289,true
The_Tree-267.jpg,The_Tree,20337880,d27df1d24892c8b4482b330684787e2b19e6c302b72252ec66e2b079d6ccba03,5464,3640,2020:07:20 20:09:33,44.9445700833333,-93.4259518333333,289,true
The_Tree-268.jpg,The_Tree,20251798,a5c9544f8e1c112660a85656c976a313bdefbf32ef03925edd39ca390583be86,5464,3640,2020:07:20 20:09:37,44.9445739716667,-93.4259503616667,289,true
The_Tree-269.jpg,The_Tree,19867622,0271b5622b99eee850cccf350691490a3b90ef330ca76be6f420083ede72ee6b,5464,3640,2020:07:20 20:09:40,44.944580055,-93.4259488616667,289,true
The_Tree-27.jpg,The_Tree,19482618,f959e41337ab4182cf899dd822298985247aab4d8700b23987290a09fc2657c1,5464,3640,2020:07:20 19:44:48,44.9445356666667,-93.4258093333333,287,true
The_Tree-270.jpg,The_Tree,20167944,00c39d01bde859e5b9c2c0d15bc347444759106197a769fae5c62ea125ba2d48,5464,3640,2020:07:20 20:09:57,44.9445744716667,-93.42594375,288,true
The_Tree-271.jpg,The_Tree,19781088,fc2b396694392bc5231fc635274d936e5d48a6755605076be2c069fb8c40094f,5464,3640,2020:07:20 20:10:02,44.9445751116667,-93.4259385283333,288,true
The_Tree-272.jpg,The_Tree,19659861,6b3bd2ba9e3fbe98c04029446f5a6fe79736e7dab0be8ba2f4add93cf8997b38,5464,3640,2020:07:20 20:10:07,44.9445763883333,-93.4259355833333,288,true
The_Tree-273.jpg,The_Tree,19514710,d14364741d93ee5b625113ad522a2cd5e2e1d2b8765074ff2b2fd3f3677f07ea,5464,3640,2020:07:20 20:10:11,44.944578305,-93.4259326383333,288,true
The_Tree-274.jpg,The_Tree,20287617,855afa21cf1d59739d22d318f4acb5456fe9b53e6a209ae61dedce8750d73e3a,5464,3640,2020:07:20 20:10:17,44.944579695,-93.4259300283333,287,true
The_Tree-275.jpg,The_Tree,19991346,600efee63bc86dba1ebaa00cd1060e35acb8bcec97c4f58f82c88ae4e9a87419,5464,3640,2020:07:20 20:10:21,44.9445827783333,-93.4259273883333,287,true
The_Tree-276.jpg,The_Tree,20094202,66ae8ffc0377908949e9c9a974922a3176582b9184381acbfc7a8a26431dc2a9,5464,3640,2020:07:20 20:10:25,44.9445844716667,-93.4259262216667,287,true
The_Tree-277.jpg,The_Tree,20191182,39a6f5eeb1dfe4d48841e94a71053e94335a794fea8a8ab872d71657c3ade1ff,5464,3640,2020:07:20 20:10:29,44.9445865833333,-93.4259231666667,288,true
The_Tree-278.jpg,The_Tree,20135633,78d0f36a95977355652724e918c2f1dfc03b169fcbad4a78bf13a590601c635e,5464,3640,2020:07:20 20:10:34,44.9445861116667,-93.4259185,288,true
The_Tree-279.jpg,The_Tree,20102215,2449b82eb1e81c5ad8c81f8e2659a42c2dd2744ff6e5e7f9032a6e4069db72a7,5464,3640,2020:07:20 20:10:39,44.9445880283333,-93.425912555,288,true
The_Tree-28.jpg,The_Tree,19614752,b769695308f83c24dcd3b8c3e01399c10e6f032dc798f8252d8782a6bb13b359,5464,3640,2020:07:20 19:44:57,44.94452725,-93.425817305,286,true
The_Tree-280.jpg,The_Tree,21065252,3bf519f4fe33868857e4cbe8c6585e03b36cd1e077fd497b7d990e035a0869b6,5464,3640,2020:07:20 20:10:45,44.9445897783333,-93.4259063333333,288,true
The_Tree-281.jpg,The_Tree,21407836,d6e29b05372471189de748d52243f964b10e181b3c66753a54849876e473cb20,5464,3640,2020:07:20 20:10:47,44.9445896116667,-93.4259055833333,289,true
The_Tree-282.jpg,The_Tree,21337172,92f935d4630a7bcc445b2b20f180e4b9345756db9272c4dd09a09999b07b066e,5464,3640,2020:07:20 20:10:52,44.94459,-93.4258966116667,289,true
The_Tree-283.jpg,The_Tree,19478739,1b8543221a854e0bb886f8d4eb2a8bf0a4c7e7a7854e00c77020805e4a9fa6e3,5464,3640,2020:07:20 20:10:57,44.9445900283333,-93.4258885,289,true
The_Tree-284.jpg,The_Tree,21341478,53d2e7725e4e331e3b32c6107b924f01a5267d7e8a071c97073e96b45bd5852b,5464,3640,2020:07:20 20:11:04,44.9445881383333,-93.4258855,288,true
The_Tree-285.jpg,The_Tree,20756916,b4303180026bcfba2bfc3378df22c6cda964cfe70c9f47631297bc398dc566c1,5464,3640,2020:07:20 20:11:08,44.9445874716667,-93.425877445,288,true
The_Tree-286.jpg,The_Tree,20631168,0ecaf2bc9373a6584ed9202dc6357f896f12f7cbb4b188b24c6a51494ba02d7f,5464,3640,2020:07:20 20:11:12,44.944586445,-93.4258712216667,288,true
The_Tree-287.jpg,The_Tree,20675550,34ba55545521c77f6bdb7f073c2569f41e9de4812c03ddc195c108d0607f4713,5464,3640,2020:07:20 20:11:19,44.9445845833333,-93.42586725,289,true
The_Tree-288.jpg,The_Tree,20015622,6e5187c8bbb92e3768f1530c097984ed11a465a5a0d9d9f08148f328751ac46c,5464,3640,2020:07:20 20:11:23,44.9445832783333,-93.425864945,289,true
The_Tree-289.jpg,The_Tree,20173664,0943b1488633f692b590550c7d3c7e001a599ef1879c678f3e1461b42cc9aa84,5464,3640,2020:07:20 20:11:28,44.9445805833333,-93.4258634716667,289,true
The_Tree-29.jpg,The_Tree,19433071,8cddaab84d4284b3a711ed271a2a412b5612d5f0f5c9e0b0ebe0f018f0b90bfa,5464,3640,2020:07:20 19:45:02,44.94452,-93.42582175,286,true
The_Tree-290.jpg,The_Tree,20611774,cb3b490f5b91f1af61e6bca79266eb556ad7dca58183bdd6f225c1e169c35c30,5464,3640,2020:07:20 20:11:34,44.9445773883333,-93.4258613616667,290,true
The_Tree-291.jpg,The_Tree,19929011,ba0fef870a76eabe004c58d98d426ce9541521989b221851f17239ebb1a76ac8,5464,3640,2020:07:20 20:11:37,44.9445754166667,-93.4258588333333,290,true
The_Tree-292.jpg,The_Tree,20825421,f1ba7a3f33321ce29f9d77f2ac2272b5b3c02c6eb16f7301108b8c5e67e01e6e,5464,3640,2020:07:20 20:11:45,44.94457175,-93.42585875,290,true
The_Tree-293.jpg,The_Tree,19818958,f4120857262712c42416b39b61f8a61445454dbac90316ef0f2192ca4c091a59,5464,3640,2020:07:20 20:11:50,44.944567055,-93.425858445,290,true
The_Tree-294.jpg,The_Tree,19639437,82dc715939cfaa366072c806fc4aa1854ff4b22cf6fa8e8bb5b0b86ee64695a1,5464,3640,2020:07:20 20:11:54,44.9445622216667,-93.4258568883333,289,true
The_Tree-295.jpg,The_Tree,19782898,80c94336b3598ca73f2aec1679050b3bb9f9562d543507d0787c978c88a7ae0b,5464,3640,2020:07:20 20:11:58,44.9445577783333,-93.4258567783333,289,true
The_Tree-296.jpg,The_Tree,20194331,43ca70dbd106747a05403dbabe42f801bb5c0536c4b962a5261861f34dde7f83,5464,3640,2020:07:20 20:12:05,44.9445560833333,-93.42586,289,true
The_Tree-297.jpg,The_Tree,20235630,3df8fba0adb3df0a4f56d61171d25d72f9c810e1dd4e5da545d4cea518ef19f1,5464,3640,2020:07:20 20:12:09,44.9445550833333,-93.4258628616667,288,true
The_Tree-298.jpg,The_Tree,20216370,bff2358f37c69a0244afeae7e17e9a7919c7bbf60132d5cf19e489651089ac52,5464,3640,2020:07:20 20:12:13,44.9445526383333,-93.425864805,288,true
The_Tree-299.jpg,The_Tree,20457984,0b775b5aa05fc83f4dff6d9717e67715e5ad19c7d45e44458b77b1eb5443f504,5464,3640,2020:07:20 20:12:21,44.9445474716667,-93.425865945,288,true
The_Tree-3.jpg,The_Tree,22018691,dc1f2042df489c9798665983e4360abd37d9e7b6c322667e2734290c1e38392f,5464,3640,2020:07:20 19:42:11,44.9446346383333,-93.4259600833333,286,true
The_Tree-30.jpg,The_Tree,19606714,5315dce8f2cad193d150cdfffbf454afe5a82c52b1521f59e0bd1c5964f0fe4b,5464,3640,2020:07:20 19:45:12,44.9445124166667,-93.4258287783333,286,true
The_Tree-300.jpg,The_Tree,20487379,4a3793a6b792927dc416a0c508ade614c12fa7a048a036ee99842e5fa01a6c37,5464,3640,2020:07:20 20:12:25,44.9445456383333,-93.4258668883333,289,true
The_Tree-301.jpg,The_Tree,21297631,f7c9a879deabc9154b69d1b31a43d3b77c44a193dccdd8aa14572e3415ff300b,5464,3640,2020:07:20 20:12:37,44.944536945,-93.4258596383333,288,true
The_Tree-302.jpg,The_Tree,20878776,af6308ed20e7b7ec817c5fb42c31aa75c0349ca6692e8507cb6212680dfb53cf,5464,3640,2020:07:20 20:12:41,44.9445341116667,-93.4258610283333,288,true
The_Tree-303.jpg,The_Tree,21170376,415a3abb66ea65c325817f9f630292725fe0acb699ce3a7b44bf26c433d711f0,5464,3640,2020:07:20 20:12:47,44.9445324716667,-93.4258651666667,288,true
The_Tree-304.jpg,The_Tree,21055209,e9abc7107a73b597400d40123de700468584aca736c529b4cfb5f6e75e6a437d,5464,3640,2020:07:20 20:12:51,44.9445290833333,-93.4258686116667,288,true
The_Tree-305.jpg,The_Tree,20664039,9ed5e1c76f0edb2c7d47639ae75c70dc7402380c891890ceb1857b7ea723ad0e,5464,3640,2020:07:20 20:12:56,44.9445259716667,-93.4258711116667,288,true
The_Tree-306.jpg,The_Tree,20650639,a3530353428f95115af9d6654ccca6040e37a833b1d6810d942eb3c3d51ce551,5464,3640,2020:07:20 20:13:00,44.9445242216667,-93.425875055,288,true
The_Tree-307.jpg,The_Tree,20421295,746b7f26e3c687ae44ba73102669d8eb39585ef08d9e348ca09b339b34a065b8,5464,3640,2020:07:20 20:13:06,44.944524,-93.4258829166667,288,true
The_Tree-308.jpg,The_Tree,20577300,08956abccd0e826fb1a911c14485f1620d4ba2ab03b3739e9d2e9940fc4febaa,5464,3640,2020:07:20 20:13:09,44.9445233333333,-93.425888195,288,true
The_Tree-309.jpg,The_Tree,20891869,1152d6d411d2197ad32f10eeee81753667b44bcaf05f8e8bff247058e2a4aa17,5464,3640,2020:07:20 20:13:14,44.9445215,-93.4258937216667,288,true
The_Tree-31.jpg,The_Tree,19508315,cdd1b79f2b52a52fb99634e1fa099b86f7d89e2577944ad0b68aee2337cdf47a,5464,3640,2020:07:20 19:45:24,44.9445069166667,-93.4258375833333,286,true
The_Tree-310.jpg,The_Tree,21268800,a2120b1f4b6a54963d513f9cc2b5fdd79a56f09c46489b93f6f03fc7c8288c8f,5464,3640,2020:07:20 20:13:19,44.9445196666667,-93.4258978883333,288,true
The_Tree-311.jpg,The_Tree,21113033,01af930619d6346e87b05961c44cccd42c1fb3a88d900af2bc3ffc122d3e83dc,5464,3640,2020:07:20 20:13:22,44.9445185833333,-93.425906055,288,true
The_Tree-312.jpg,The_Tree,21253095,9871268929a368f1f6438c4f3c42d05ebe27f5192c149ceb4a2788fa4775149f,5464,3640,2020:07:20 20:13:28,44.9445169166667,-93.425916305,288,true
The_Tree-313.jpg,The_Tree,21787183,ff2faa251aa24adf9c67dde1831b2a8a964cefc30c3359459c6f5a639d04964b,5464,3640,2020:07:20 20:13:33,44.944521055,-93.425916195,288,true
The_Tree-314.jpg,The_Tree,21230651,68f757fbc4d505a79c727533f1e7b8683ba16dd8357ee4d063da176c9a75af72,5464,3640,2020:07:20 20:13:38,44.9445248333333,-93.425921195,288,true
The_Tree-315.jpg,The_Tree,21687300,759a0f9bbacb636d676ddb6dc1db833a38620a20b4f543ff6c9861a835b24820,5464,3640,2020:07:20 20:13:43,44.9445269166667,-93.4259228883333,288,true
The_Tree-316.jpg,The_Tree,22100851,4650122290e0d8403761495b18d748da457493e7e960877e1367a2ed3e3469cc,5464,3640,2020:07:20 20:13:47,44.9445290283333,-93.425927305,288,true
The_Tree-317.jpg,The_Tree,22201859,657a0d4824c52943be404b6e1f3448b3773c2e05cf372879fcf9639f6cc1ca70,5464,3640,2020:07:20 20:13:51,44.9445331383333,-93.425931195,288,true
The_Tree-318.jpg,The_Tree,22088792,f5427d39349e119a1fdd27d246f872dc4b13497caf68d768daa71a8779926832,5464,3640,2020:07:20 20:13:55,44.9445351116667,-93.4259321116667,288,true
The_Tree-319.jpg,The_Tree,22245935,a60ef5e17280ac174319931edcae528fe704df5fc7686c54664b820302249eb8,5464,3640,2020:07:20 20:13:59,44.94453725,-93.4259329716667,288,true
The_Tree-32.jpg,The_Tree,19506112,8addd24718652ba90c3c7a7f89b85ddd26f498d4cfb0f86c8862e0a00dcacf23,5464,3640,2020:07:20 19:45:31,44.9445023333333,-93.4258461666667,286,true
The_Tree-320.jpg,The_Tree,22348759,a42b73c17ece165766fdde3e80938a04aec66668f64db88a45de148db59282e7,5464,3640,2020:07:20 20:14:04,44.9445387783333,-93.425936195,288,true
The_Tree-321.jpg,The_Tree,21982683,df5d191b03f1bbacf49c103a4eced98f57e90bf9d420f5b0dbb12f697326c994,5464,3640,2020:07:20 20:14:09,44.944543695,-93.4259393883333,289,true
The_Tree-322.jpg,The_Tree,22096764,e9397b6301b161d96b975531b2e9bc4696db84d815c4c900b52b7835a6f47e67,5464,3640,2020:07:20 20:14:16,44.9445462216667,-93.425940445,289,true
The_Tree-323.jpg,The_Tree,22043270,672e143ea3ab4be9462a82d8ab31ac115ebb188cf12e248a2cb410abe5fa44ff,5464,3640,2020:07:20 20:14:20,44.9445505,-93.4259436116667,289,true
The_Tree-324.jpg,The_Tree,21791903,5f2cff880910f84236cd61a772ac48e85253069229849a85823e90bc85a2b83f,5464,3640,2020:07:20 20:14:23,44.9445532783333,-93.4259441666667,289,true
The_Tree-325.jpg,The_Tree,21698220,c102a02bc889b93f4f547e54517ba228cee55444826dd7284bbf4936b55fbd05,5464,3640,2020:07:20 20:14:26,44.9445570283333,-93.4259454166667,289,true
The_Tree-326.jpg,The_Tree,21507230,b8e6d6d0f3d979536860c56b1b8c985758dff2d683ff537fc58d7825c6e3334c,5464,3640,2020:07:20 20:14:30,44.9445611666667,-93.42594675,289,true
The_Tree-327.jpg,The_Tree,20772215,952cd523f7e20086badd961be089442c04d034cec20e9f27df7a776790386391,5464,3640,2020:07:20 20:14:34,44.9445641383333,-93.425947695,289,true
The_Tree-328.jpg,The_Tree,21518740,2f364bf99bacb9c77a7dda2b6613a1224e149a3a0e92ab5760283be5c67a0ab7,5464,3640,2020:07:20 20:14:38,44.9445668883333,-93.425948695,289,true
The_Tree-329.jpg,The_Tree,21960992,0f4f1191de6182848f7c89c7f9c077fac7013554f72a3d0beb994384aaa9d39b,5464,3640,2020:07:20 20:14:45,44.9445706383333,-93.4259491666667,289,true
The_Tree-33.jpg,The_Tree,18546007,5945749e6edcaa48ddd7e5396cbe99cf4797c175e8cba56982119d04cd1d0682,5464,3640,2020:07:20 19:45:38,44.9444987216667,-93.4258558333333,286,true
The_Tree-330.jpg,The_Tree,21651426,113e399e533cc96892fbab510d4bfca3b72928ccbe4acc5b388cc3f0e0422e62,5464,3640,2020:07:20 20:14:50,44.9445727216667,-93.4259466666667,289,true
The_Tree-331.jpg,The_Tree,21696451,c0b4ba00678cfe1b1d026aa1263c2ce1650694008f64fd64dd2d2571c3f18a5b,5464,3640,2020:07:20 20:14:54,44.944575805,-93.4259448883333,289,true
The_Tree-332.jpg,The_Tree,21811537,22d61df1186687421533f3e49bb7cc096b0da5152eb5bd754efd3e9c22406aec,5464,3640,2020:07:20 20:14:58,44.9445803616667,-93.425940445,289,true
The_Tree-333.jpg,The_Tree,22053854,70c78cf1b4ba714207c6ab367c11394b14f9150ef94ff2ba99a9d8e59b8d0eea,5464,3640,2020:07:20 20:15:00,44.9445795,-93.4259401383333,289,true
The_Tree-334.jpg,The_Tree,21673296,8e6b4c99604e5a65eb02439e3015e50290087f905234a6921c55e542e4fd8951,5464,3640,2020:07:20 20:15:03,44.9445806116667,-93.4259366666667,289,true
The_Tree-335.jpg,The_Tree,21492309,fc7514a22588dd3698070cc5a9cf08aea6ce9b5a74574c57f39260247b195de5,5464,3640,2020:07:20 20:15:08,44.944583,-93.425932805,289,true
The_Tree-336.jpg,The_Tree,21968557,c1c8503681021698e85ba02eba46e08a6dbd54ca2b46661bf75f862479ffdbd1,5464,3640,2020:07:20 20:15:12,44.9445848333333,-93.4259313616667,288,true
The_Tree-337.jpg,The_Tree,22926510,13e2f6ff47c306db39cf383622f58d774d5325d8462d71ba45fabf3d8dd11a5c,5464,3640,2020:07:20 20:15:29,44.9445910833333,-93.425921055,289,true
The_Tree-338.jpg,The_Tree,22786483,2f53aee3ff7e0b4e910c9d5bd4d48b97a5fda0beaec89ecde4c87ad31fd34f7e,5464,3640,2020:07:20 20:15:37,44.9445940283333,-93.4259169166667,289,true
The_Tree-339.jpg,The_Tree,22688766,995e65bad8dad31a03867b4e6cfaeea78e806dacb979c0338c6f6563030ae45f,5464,3640,2020:07:20 20:15:41,44.944595305,-93.425913695,289,true
The_Tree-34.jpg,The_Tree,19228679,d243c9196925977a266c1594fa92e27840f96ef895666f305614f655560eee40,5464,3640,2020:07:20 19:45:48,44.9444959166667,-93.4258652783333,286,true
The_Tree-340.jpg,The_Tree,22845111,46ba94087bbe8243e71aea2614d1707a74dd3e1d05f7c15c366efe14fd8e5af8,5464,3640,2020:07:20 20:15:45,44.9445981116667,-93.4259101383333,290,true
The_Tree-341.jpg,The_Tree,22781216,a0da554d84e282ee653d187bcb3dad80792b66d19e4034af1be1025b174e1ca4,5464,3640,2020:07:20 20:15:51,44.9446003883333,-93.4259078883333,291,true
The_Tree-342.jpg,The_Tree,21824008,218a4ef84f686c0a01daac334f42f82f1186edd7fbfd2d35ad6424147e6743af,5464,3640,2020:07:20 20:15:57,44.9446016116667,-93.425905555,291,true
The_Tree-343.jpg,The_Tree,23154278,a3ba46fd553523af2e6a9ecfc5e54bde30e660f50236a7d24f7eade91e2c739d,5464,3640,2020:07:20 20:16:01,44.9446013883333,-93.4259034166667,291,true
The_Tree-344.jpg,The_Tree,23230705,7c8299f639e9c6952df7a3550dac86e9684cafe55c52c18496e6d5b85b4ab91f,5464,3640,2020:07:20 20:16:05,44.944599945,-93.425899555,290,true
The_Tree-345.jpg,The_Tree,22832586,17ebe14e6b6ff057e34935b35cc1a1ed0f920e1c212029da000b8170b7843beb,5464,3640,2020:07:20 20:16:09,44.9445993333333,-93.4258934716667,290,true
The_Tree-346.jpg,The_Tree,22508859,1aa17c090c986452f33e2540cd8c89e333eb3dcb7a549b3c6325450797f05d02,5464,3640,2020:07:20 20:16:13,44.9445985833333,-93.425889555,290,true
The_Tree-347.jpg,The_Tree,22344125,9ac93e293c1a55df33d2c72b4110751f3d00ee4a55ab94a1ce0ebe584687f100,5464,3640,2020:07:20 20:16:18,44.9445972783333,-93.4258828333333,290,true
The_Tree-348.jpg,The_Tree,22592932,3a59059c2d417a32059f63c2177bb56fb1c73cbcd9cdd58a003fed22f663561b,5464,3640,2020:07:20 20:16:24,44.944597195,-93.4258771383333,290,true
The_Tree-349.jpg,The_Tree,22097977,6fd35d42b91e0fe20934b3a91c08fdc4c60356e477cc5c723835c641b36c62bc,5464,3640,2020:07:20 20:16:29,44.9445948883333,-93.4258705833333,291,true
The_Tree-35.jpg,The_Tree,20077021,3db928d0f41a9396c5ca6aefb5388a003654fb53735c64d7fb2c11f2dd050e9d,5464,3640,2020:07:20 19:45:58,44.9444930833333,-93.4258713333333,286,true
The_Tree-350.jpg,The_Tree,22386653,299c9d82c412894d20b434961ee1098f041a828fa0953194cf76ac2e6091f33f,5464,3640,2020:07:20 20:16:34,44.9445935,-93.4258658333333,291,true
The_Tree-351.jpg,The_Tree,22157358,484707318c373d5c388d1594ffafe07521cdbedca9932c9873861c5d4192c36e,5464,3640,2020:07:20 20:16:37,44.9445913333333,-93.4258686116667,291,true
The_Tree-352.jpg,The_Tree,21809503,8369995a0c231d624808559e6bcec2518971d04b823535b8e3bd13b18c1be382,5464,3640,2020:07:20 20:16:43,44.9445901116667,-93.4258606116667,291,true
The_Tree-353.jpg,The_Tree,21123594,27f4452e30e21c0795ccaee132ed0c8ceecf9dc6c0fa02c413dab790fca5e77d,5464,3640,2020:07:20 20:16:48,44.94458775,-93.4258563883333,291,true
The_Tree-354.jpg,The_Tree,22089326,5974deba356f0d542e2fa20a5e1cc9f01f054ae3872181cdc29dff9d05eb4d16,5464,3640,2020:07:20 20:16:52,44.9445861116667,-93.4258550833333,291,true
The_Tree-355.jpg,The_Tree,22034852,e9035667c864ef199a777dd4a906b8a50f1f7043ef809bc2e1314140bd1bdcbe,5464,3640,2020:07:20 20:16:56,44.9445823333333,-93.4258536116667,291,true
The_Tree-356.jpg,The_Tree,22281541,89cfba366d6f768ddca021fa42d8904739020df075a6e2f390c269204d37213e,5464,3640,2020:07:20 20:17:00,44.9445789166667,-93.42585075,290,true
The_Tree-357.jpg,The_Tree,22201594,d82f9aac7befd0555e1e61a59a3828e9abf40b8fbc55d8540bc9fd877105b326,5464,3640,2020:07:20 20:17:04,44.9445762783333,-93.4258493883333,290,true
The_Tree-358.jpg,The_Tree,21815431,38c5ba9e00f793b9d0f62e7de7f51f43179a342382dec780f874c99928b95745,5464,3640,2020:07:20 20:17:07,44.944574695,-93.425849055,290,true
The_Tree-359.jpg,The_Tree,20872446,f918fd210842ddf76786906e6b72e16b6ad7c4fe74ddb5a0b85a5cfa64ff0671,5464,3640,2020:07:20 20:17:11,44.944572195,-93.4258488333333,290,true
The_Tree-36.jpg,The_Tree,19338531,021dab098801a63b2d2a2b8f2a38fe7d2e8963ead1286e1f6d0ad76810f9c507,5464,3640,2020:07:20 19:46:06,44.9444918883333,-93.425883445,285,true
The_Tree-360.jpg,The_Tree,21972842,d5bece1838ca66cf70ec795a74342325f389b878e1a2024831142c2c208b7452,5464,3640,2020:07:20 20:17:15,44.944571195,-93.4258537783333,290,true
The_Tree-361.jpg,The_Tree,21034610,4efee3bac6b940b673a4b034e9b9830cdb76f4998e452d3c97827f8aabd03db0,5464,3640,2020:07:20 20:17:20,44.944567195,-93.4258514166667,290,true
The_Tree-362.jpg,The_Tree,21013564,4f87963e41cdad1e9210bfd8c14579890a96837d5d0a84feb8d5c98b8006246b,5464,3640,2020:07:20 20:17:24,44.9445648333333,-93.425849695,290,true
The_Tree-363.jpg,The_Tree,21000331,99ca3a5fe30bd5de69a3db5d069b0877f09ecdf59b6bf109ca7a36889a3b4bd9,5464,3640,2020:07:20 20:17:28,44.9445628616667,-93.4258493616667,289,true
The_Tree-364.jpg,The_Tree,21374668,5ab5ed33cd0be4dcdb2f391074b2aa11b9d831e4bbdd27c9aa91366ad225fcfc,5464,3640,2020:07:20 20:17:33,44.944559305,-93.4258483333333,289,true
The_Tree-365.jpg,The_Tree,22026480,fd8852f0eba40a4f68e8affc74c16c7b07ea201a8d56669ba077c65d400cf554,5464,3640,2020:07:20 20:17:40,44.9445539166667,-93.4258510833333,290,true
The_Tree-366.jpg,The_Tree,22574323,03949991ca4f2776581af8ddf53f484ed4b17a2287738f2cc9479afc644f39d6,5464,3640,2020:07:20 20:17:44,44.9445476666667,-93.4258545,290,true
The_Tree-367.jpg,The_Tree,22209721,5e9575a600b2ab5c1fd2e8be3cd7062970ef891a523d065d2afa2b938d7c4de9,5464,3640,2020:07:20 20:17:48,44.9445428616667,-93.4258573616667,290,true
The_Tree-368.jpg,The_Tree,22062425,c34d60cfcbabf62ec600824fe481e10401cc3bae8d38ef50ba8e2c9ca9285ae9,5464,3640,2020:07:20 20:17:53,44.944537055,-93.4258616666667,290,true
The_Tree-369.jpg,The_Tree,22183854,424a6e73339e49b7fe3d82b1275324d12369c83dc5f56537e234bdffd7aa321c,5464,3640,2020:07:20 20:17:56,44.94453575,-93.4258631666667,290,true
The_Tree-37.jpg,The_Tree,19923988,e0b107ccb1efc8df9229b6cd5570d866b8fa35e8571725bced022fc8039054c8,5464,3640,2020:07:20 19:46:12,44.9444923883333,-93.4258953883333,285,true
The_Tree-370.jpg,The_Tree,22077181,835287006f2bf335454e209a698aa2d657550a4d5e42f7d57dcea6c816cd59f3,5464,3640,2020:07:20 20:18:00,44.9445318616667,-93.4258661116667,290,true
The_Tree-371.jpg,The_Tree,21903816,de57ad91f5113086e60e17714c8a4b2a401f8112e7246660d6e6f7f1520264d4,5464,3640,2020:07:20 20:18:04,44.94452975,-93.4258700833333,290,true
The_Tree-372.jpg,The_Tree,22095530,357bbda6e8bc19dc9e7d4c90395f63549091b90399e97f4ebf384fff50915ff7,5464,3640,2020:07:20 20:18:08,44.9445274716667,-93.4258736116667,291,true
The_Tree-373.jpg,The_Tree,21973678,e7f34cc068f0eae4e33d6d2e2b7aacb16e562752504b4d42e78fe2c439f00e7c,5464,3640,2020:07:20 20:18:12,44.9445262216667,-93.4258765833333,291,true
The_Tree-374.jpg,The_Tree,22227825,b2fc9fe222214280f37d6a8cc1ba99fb9ce79fc71e3bdf301a6a8fdc0a7c1d78,5464,3640,2020:07:20 20:18:15,44.9445252216667,-93.4258781116667,290,true
The_Tree-375.jpg,The_Tree,22615281,d7ba123b431d80b04ff1633e98d5fec342ae68776939a66c2393010eeb3b7e1c,5464,3640,2020:07:20 20:18:22,44.9445249716667,-93.42588175,291,true
The_Tree-376.jpg,The_Tree,23037002,f91fefde3bad1addacb58b911855f6b799338d018b479ab6f6aa86e9903e0c66,5464,3640,2020:07:20 20:18:29,44.9445235283333,-93.4258903616667,291,true
The_Tree-377.jpg,The_Tree,22208695,d8cf983705e13c952df245f4feec51851c2b940c80709440cfdfda2c69d4ceba,5464,3640,2020:07:20 20:18:34,44.944525,-93.4258960283333,290,true
The_Tree-378.jpg,The_Tree,22418403,fb3f07fc7c1cffeea2df4d5e1402eaaa873555ba2881eec4c594bdbb3a1cad1c,5464,3640,2020:07:20 20:18:39,44.9445252783333,-93.4259002216667,290,true
The_Tree-379.jpg,The_Tree,22569941,ea835d05e7337f84a3f15809c3206df7d7260a05b626004229990824b2e74da3,5464,3640,2020:07:20 20:18:44,44.9445271666667,-93.4259027216667,290,true
The_Tree-38.jpg,The_Tree,19833712,be37463766ffecfafc7bd9328b33ed84b9b904a0934b029b7042a8e189211f4d,5464,3640,2020:07:20 19:46:19,44.9444927783333,-93.4258805,285,true
The_Tree-380.jpg,The_Tree,22243844,d0fce7a4d0a5892cc03271c0c8c5bca4f0b51559eadf025eef3ec5675e104cae,5464,3640,2020:07:20 20:18:49,44.9445288883333,-93.4259045,290,true
The_Tree-381.jpg,The_Tree,22977236,566c85728b4f1abc111e79bd660d358fb4f10787b7f18e1e6e9fbb771f0d3ae1,5464,3640,2020:07:20 20:18:56,44.944532055,-93.4259115283333,291,true
The_Tree-382.jpg,The_Tree,22690075,d28d68e29feac645c490a7a0a0ec741f4162c7748552bd629cc8ec700ed6982b,5464,3640,2020:07:20 20:19:01,44.9445344166667,-93.425915695,291,true
The_Tree-383.jpg,The_Tree,22084350,e1251c66a12791ee480c61ab012877b9e47d027615e76cb6bf75283c460515d4,5464,3640,2020:07:20 20:19:05,44.944535945,-93.425921195,291,true
The_Tree-384.jpg,The_Tree,22448108,6a7d0bcac43382e70fbf74068f73f6c4d982a7250a6ee6fd27cae6d87256b2e5,5464,3640,2020:07:20 20:19:09,44.944539,-93.4259243333333,291,true
The_Tree-385.jpg,The_Tree,22869020,c07bc0469cc0bcadd80926d3e296ccd5ac6597ce23b895a5ef94944dcb96c8a6,5464,3640,2020:07:20 20:19:14,44.944542,-93.4259265833333,292,true
The_Tree-386.jpg,The_Tree,22872636,d2f87d48d234ffa061e8d63f02b49e28d2d2044bc67bc613e760410c3e3824a7,5464,3640,2020:07:20 20:19:19,44.9445431666667,-93.4259284716667,291,true
The_Tree-387.jpg,The_Tree,22865785,64028305394586194788df295a6e3b0e11b0e4b64d180034178390e1758f38f2,5464,3640,2020:07:20 20:19:23,44.9445446383333,-93.425930195,291,true
The_Tree-388.jpg,The_Tree,22872791,2c4ecff5f42fe26db3317ccfa101b7a6cf5f7ed79300b62093cfa4f21717d121,5464,3640,2020:07:20 20:19:28,44.9445462783333,-93.425932695,291,true
The_Tree-389.jpg,The_Tree,22551564,d3e1f52a1b5118ef096663bc09d6130016420afb943051f08727061091819849,5464,3640,2020:07:20 20:19:32,44.9445499716667,-93.4259373883333,291,true
The_Tree-39.jpg,The_Tree,19831617,e5e802d4c965fa51aa658354bd70bc5da32dc4f638efc4eed20108640ed9442f,5464,3640,2020:07:20 19:46:25,44.9444913333333,-93.4258906666667,285,true
The_Tree-390.jpg,The_Tree,22848656,d2779b0298e5ef9714bd29f9e9792305addec5862d58de77aa0d39f51d66343a,5464,3640,2020:07:20 20:19:38,44.944558805,-93.4259436666667,291,true
The_Tree-391.jpg,The_Tree,23085557,e872e682b4dc2d167c95e221c47b6c7bbe1cde272d3520c4fca3f0bc54cb5a7b,5464,3640,2020:07:20 20:19:44,44.9445636666667,-93.4259407783333,291,true
The_Tree-392.jpg,The_Tree,23088641,ba67c896a3e25d2161e16b768d3650fd93fa7968885a58d5b8e78c195e4a427f,5464,3640,2020:07:20 20:19:48,44.94457275,-93.4259374166667,291,true
The_Tree-393.jpg,The_Tree,22793936,2f7f328c6f90060b7c818025f3f3fc85cc830d63b4ea36286e8a471e79d2c7cc,5464,3640,2020:07:20 20:19:52,44.9445761116667,-93.4259347216667,291,true
The_Tree-394.jpg,The_Tree,22561657,cfe89bfe0bf9982467c69fbc3c68467d7f92b5b077a504cb3fe5fa6aa6add847,5464,3640,2020:07:20 20:22:44,44.9445870833333,-93.42590025,291,true
The_Tree-395.jpg,The_Tree,22683139,a8ade2304af40498513ca302523ca99efcf717f526f4e1b752546e12fbb938ca,5464,3640,2020:07:20 20:22:49,44.9445890283333,-93.4258918616667,291,true
The_Tree-396.jpg,The_Tree,21942705,8e1f375be74f1977b01eef5295c62c89cd6acab40b2597567a10e5586a9c1fb7,5464,3640,2020:07:20 20:22:53,44.944589305,-93.425885695,291,true
The_Tree-397.jpg,The_Tree,21365461,75d9abfc087d99954be98726a0a2ad5e528dce49a64fc633d746286539eda4c6,5464,3640,2020:07:20 20:22:57,44.9445877216667,-93.425877695,291,true
The_Tree-398.jpg,The_Tree,22026849,8b5b10ec33ddacf3d09705016e589c9921a19b41e2a91802f145bb24dbb94a1b,5464,3640,2020:07:20 20:23:00,44.9445862216667,-93.425874055,291,true
The_Tree-399.jpg,The_Tree,22190150,17482b65e7c83a5686d88e41afabb124ed02cbe07a598db7bb8939cff65ba71d,5464,3640,2020:07:20 20:23:04,44.9445837783333,-93.4258691666667,291,true
The_Tree-4.jpg,The_Tree,22003696,fbe90842ad3b31e00babaae3445005118043f1d85fe23e33db65ecaf5d2107f1,5464,3640,2020:07:20 19:42:18,44.9446365,-93.4259568333333,286,true
The_Tree-40.jpg,The_Tree,20297398,0a8b156f9379e9e03b24524b7374018a93bd641a0fdf1f4bbfe4c099c0da2afb,5464,3640,2020:07:20 19:46:32,44.944490555,-93.4259029716667,285,true
The_Tree-400.jpg,The_Tree,22481777,195946526f912a3cf8e3ccb6d7d7fc7c74f96c246a3329045728c6e98c5fbb35,5464,3640,2020:07:20 20:23:11,44.9445825,-93.4258641383333,291,true
The_Tree-401.jpg,The_Tree,21968817,43c9a84914e1ccda8b6816ea511fd1ba3c8491821c3ad8facd8fc20cdd10719c,5464,3640,2020:07:20 20:23:16,44.9445796383333,-93.4258583616667,291,true
The_Tree-402.jpg,The_Tree,22242507,2b17fda82856cdafa86597c7e108856a5fbad6a60ec8ca71305477daefbb4acc,5464,3640,2020:07:20 20:23:20,44.9445776666667,-93.4258537783333,291,true
The_Tree-403.jpg,The_Tree,21680856,bc679333a2b82484faf4c16fd046840ae9fce31627065a37b2ab92c9928104ed,5464,3640,2020:07:20 20:23:25,44.9445753333333,-93.425851555,291,true
The_Tree-404.jpg,The_Tree,22004104,1ba4ab8c62550958b34e25c1dda30b1532353566dcef3dd50c2c396bd4636074,5464,3640,2020:07:20 20:23:39,44.9445699166667,-93.4258461116667,289,true
The_Tree-405.jpg,The_Tree,21566632,3a041b19c22da99fae450de81d7d38f719d890a1c217a3b34a0c3dbbb45e9840,5464,3640,2020:07:20 20:23:43,44.944565445,-93.4258467783333,289,true
The_Tree-406.jpg,The_Tree,22001804,835b0b301fda6db7dbca99147a988eb0c77861a3329d5607a4a00d660ab5fa09,5464,3640,2020:07:20 20:23:47,44.9445605,-93.425844945,289,true
The_Tree-407.jpg,The_Tree,21634122,d3740119bdfbccb81e7f1830790a5a74d751ae7165143628f74d6d35e97e93cc,5464,3640,2020:07:20 20:23:56,44.9445579166667,-93.42584575,289,true
The_Tree-408.jpg,The_Tree,22679341,5fcca10e5775868b14ce1df998679a92b6f5688bbef4c6f99390114188a2f0ba,5464,3640,2020:07:20 20:24:23,44.9445494166667,-93.4258490833333,289,true
The_Tree-409.jpg,The_Tree,22203808,48147c0250559d950bdb58c11284f4158bdc6f915b562ab885a16d9c3b670a83,5464,3640,2020:07:20 20:24:26,44.944544805,-93.4258528883333,289,true
The_Tree-41.jpg,The_Tree,20132481,efc5d06a56be30da5df6d64d89c0e951723e605f24a0f99862251d38aeb4d889,5464,3640,2020:07:20 19:46:39,44.9444900833333,-93.4259155,285,true
The_Tree-410.jpg,The_Tree,22575286,ba007362101e2f54c192ae41e06a39749e3669e8786b1076b5457c7bec6922f9,5464,3640,2020:07:20 20:24:33,44.9445414166667,-93.4258544166667,289,true
The_Tree-411.jpg,The_Tree,22745388,d00ef56f256637f2821e51755af887873feb76b9ae9fb0b8b9890510aa6aeea0,5464,3640,2020:07:20 20:24:37,44.944539195,-93.4258604166667,289,true
The_Tree-412.jpg,The_Tree,22685215,d29757841ca7b3ad23f769df0ded62532890cb311b2f23c7fc71c31eaea73f21,5464,3640,2020:07:20 20:24:45,44.944536695,-93.4258641116667,290,true
The_Tree-413.jpg,The_Tree,22327128,e11e943008db50e1e9d6884ddbcfcbfd9859acbfa268d06f3e59a7654ad878a9,5464,3640,2020:07:20 20:24:55,44.94453025,-93.425869555,290,true
The_Tree-414.jpg,The_Tree,22241479,be9cef0297c5133c9658b51bad435b06c04f66a531c5688c2a7bd5a1a64e0426,5464,3640,2020:07:20 20:25:06,44.9445235283333,-93.4258690283333,290,true
The_Tree-415.jpg,The_Tree,22244416,79356a34b2774c0ec18b8a09b7291674b847be8f58bb786732d0ba5e1f041da9,5464,3640,2020:07:20 20:25:10,44.9445225833333,-93.4258762783333,290,true
The_Tree-416.jpg,The_Tree,22034736,1fa39df13661b0db1c82a6110e5cc677b3a67e95127fad0b77e683dfa7963bb1,5464,3640,2020:07:20 20:25:14,44.9445222216667,-93.4258813616667,289,true
The_Tree-417.jpg,The_Tree,22154165,c5ee23fa608c83a19f16a29fc2178afae137b6ce31abd9e961ab2a89d4c74c9d,5464,3640,2020:07:20 20:25:20,44.9445197216667,-93.425887945,289,true
The_Tree-418.jpg,The_Tree,23382483,a7266db916cff57cd93a8915b42ecffd971375f3ba260993572e67e0faa802cf,5464,3640,2020:07:20 20:25:24,44.9445195,-93.4258919166667,289,true
The_Tree-419.jpg,The_Tree,23539511,9325d39e4db63d553d75bdee2ca22028f3fa2cf174f7c2739dc4d4d54a0422d0,5464,3640,2020:07:20 20:25:29,44.944516555,-93.4259019166667,289,true
The_Tree-42.jpg,The_Tree,20389893,40bb9bcae7af98b877af2758fffb1f75a2659f17795b9fb8612adadb23a691a6,5464,3640,2020:07:20 19:46:44,44.94448825,-93.4259263616667,285,true
The_Tree-420.jpg,The_Tree,21055527,8a6effa6f513ef506bb420952d520347f1abfa166fe3160db75606080cb8e5a2,5464,3640,2020:07:20 20:25:41,44.9445163333333,-93.4259178616667,290,true
The_Tree-421.jpg,The_Tree,20839241,d5f3c01a7adec46b38440937c2cf623839d0cdb1a1f7d153c1b4b52a68f282f5,5464,3640,2020:07:20 20:25:47,44.9445173616667,-93.4259196116667,290,true
The_Tree-422.jpg,The_Tree,21251992,add55d579efb94bf76cad40f3e358fd70da8a9284855284ab90945589e9e9cd7,5464,3640,2020:07:20 20:25:55,44.9445204716667,-93.4259246666667,289,true
The_Tree-423.jpg,The_Tree,23177094,c51c8b28bba99b123119dd24e5d2c132c566d0ff5e46efc4e283795bf87bc081,5464,3640,2020:07:20 20:26:00,44.9445237783333,-93.4259273616667,289,true
The_Tree-424.jpg,The_Tree,23501620,133b71fd3e75c2378ce5e0fd179be618213a7f21410e9f2724fde65296c19ff9,5464,3640,2020:07:20 20:26:06,44.9445286116667,-93.42593025,289,true
The_Tree-425.jpg,The_Tree,22306583,69bf0e601010db9a5bfe687efb41ff15809d54fd72d830dc1748a1d76e1e8e92,5464,3640,2020:07:20 20:26:11,44.9445314716667,-93.4259324716667,289,true
The_Tree-426.jpg,The_Tree,23131147,380142d116c5157326d66e0084f57e96a2acd6bb8beb466127bd00d9d8ca6919,5464,3640,2020:07:20 20:26:16,44.9445336383333,-93.4259373333333,289,true
The_Tree-427.jpg,The_Tree,23299371,97bac197300f27e1f3c79b9e1f43c4ccb3c875e5098d9b73b2d4abb46b157736,5464,3640,2020:07:20 20:26:21,44.9445298616667,-93.4259416116667,290,true
The_Tree-428.jpg,The_Tree,23356967,895ac97507e8a46f3d32119b1c0602342c64691e0cbe0264f7f8450d58bebcca,5464,3640,2020:07:20 20:26:25,44.9445338883333,-93.425945195,290,true
The_Tree-429.jpg,The_Tree,23572617,c8d5b2696969a888439c15f8ab92e7fb1668403543f5fe15463e336208a44cea,5464,3640,2020:07:20 20:26:31,44.9445400833333,-93.4259496666667,290,true
The_Tree-43.jpg,The_Tree,20752383,87355e772244c454b4d4d258879413c12a6376dce6d6dd9c76b1e957627ffc8d,5464,3640,2020:07:20 19:46:51,44.9444856383333,-93.4259353883333,285,true
The_Tree-430.jpg,The_Tree,22471639,536ae867ebff2f41cb08ae461453b41d83c11069d3b25b1b7b1e639ee7673cff,5464,3640,2020:07:20 20:26:35,44.9445473616667,-93.4259504166667,291,true
The_Tree-431.jpg,The_Tree,23226740,436de16c52dd0951e05a35e1b7232cee1af9c3754f4f54521c869175b803a074,5464,3640,2020:07:20 20:26:40,44.9445512216667,-93.4259481383333,291,true
The_Tree-432.jpg,The_Tree,22420987,a53c3403befb023df7cb0ac2baa574807ae33ad1eea9cc75522232986e98d7e4,5464,3640,2020:07:20 20:26:44,44.9445556666667,-93.4259471116667,290,true
The_Tree-433.jpg,The_Tree,23615596,6b944847c8d84bf18983c44b0c520d3f3fc3abe4e10b6afd60a39d8ce154c9d2,5464,3640,2020:07:20 20:26:49,44.9445583616667,-93.425948195,290,true
The_Tree-434.jpg,The_Tree,23594770,f67df3f824532b08e0a9484b85d6a88a77992b71ab4c2ab7da6aedad76361b7f,5464,3640,2020:07:20 20:26:53,44.944562555,-93.425948305,290,true
The_Tree-435.jpg,The_Tree,23032696,a7acb3550b3a6812cb013ace49426c7d5d142970a1bcad58d5e0e21a6a0a46b9,5464,3640,2020:07:20 20:26:58,44.9445674716667,-93.42594875,290,true
The_Tree-436.jpg,The_Tree,23415470,8595cda50b2f638a9d3e511a118e3d4191879f3966eb2be862c40baa14fa9493,5464,3640,2020:07:20 20:27:03,44.9445700833333,-93.4259486383333,290,true
The_Tree-437.jpg,The_Tree,22628874,e414dedeaecd1526adabe453b83f8886427927ea0e37a796e17afcd81a6069bb,5464,3640,2020:07:20 20:27:07,44.9445748616667,-93.4259470283333,290,true
The_Tree-438.jpg,The_Tree,22491568,8acd672720dbd6c7245119bfd6a13f43ad06e5945094bd4a9764d53fc6d5b665,5464,3640,2020:07:20 20:27:10,44.9445787783333,-93.42594575,290,true
The_Tree-439.jpg,The_Tree,22411957,01cbeae9dc70882648fcb00501640f13a3d912f31c28295be6cb69787fc601f0,5464,3640,2020:07:20 20:27:14,44.9445808616667,-93.4259418883333,290,true
The_Tree-44.jpg,The_Tree,20903238,e10ce620b495d540a151de3734156854c3057f74f446f548ac5772cf24e97030,5464,3640,2020:07:20 19:47:00,44.9444863883333,-93.4259443616667,285,true
The_Tree-440.jpg,The_Tree,21843488,3fb5e4519238250db56fb072413dfc241c303d8d53d27293618708215f718156,5464,3640,2020:07:20 20:27:23,44.944586,-93.425939055,290,true
The_Tree-441.jpg,The_Tree,22118164,2b88a46459425278de4e61395b75dd69aee448f8a88afe18e74aed5a784791f3,5464,3640,2020:07:20 20:27:29,44.944590195,-93.425937,290,true
The_Tree-442.jpg,The_Tree,22624978,df4483de887a52138324628607500f2f6e4a17c004f58c8b1e9a8c9699ef8bd3,5464,3640,2020:07:20 20:27:32,44.9445931666667,-93.425930445,290,true
The_Tree-443.jpg,The_Tree,22505394,bec7da74b58740b5cabeed7846ac5c62675fa3320a8e2e9a588c4c33f3f8d8e1,5464,3640,2020:07:20 20:27:36,44.944595055,-93.4259262783333,290,true
The_Tree-444.jpg,The_Tree,22365576,8524efef53368c71dc1c4521a521ad3d5a913933c1a047e1a0d0657ec11a4bbb,5464,3640,2020:07:20 20:27:39,44.9445968616667,-93.425923,290,true
The_Tree-445.jpg,The_Tree,22910351,fde9480d3a232c4ce066f6592646957d8bd6d4880013601b361e1794f29981bd,5464,3640,2020:07:20 20:27:43,44.944597805,-93.4259193333333,290,true
The_Tree-446.jpg,The_Tree,22520238,afaaf167f3468fceae2e531b766b1366471605c0c1f5efc2db230258ddf77fd0,5464,3640,2020:07:20 20:27:46,44.944598805,-93.4259148333333,290,true
The_Tree-447.jpg,The_Tree,22725296,4484ffc85acd5df096d68034001339fe8d60fe244f1f33495c251f3c40beab90,5464,3640,2020:07:20 20:27:50,44.9445988883333,-93.4259086666667,290,true
The_Tree-448.jpg,The_Tree,22952457,e536abb11295d317fc6f0431451b75ad7c7515c9df6cd23faf3eb296103539ce,5464,3640,2020:07:20 20:27:54,44.9446006383333,-93.425905305,290,true
The_Tree-449.jpg,The_Tree,22911358,02c8f148c2cc7f5465a32b61215a01189fe03ef6e128db5f9d4f92c3e642fc23,5464,3640,2020:07:20 20:27:58,44.9446030283333,-93.425900445,290,true
The_Tree-45.jpg,The_Tree,20963351,dc64f3a24ce7fbc1cc4b7ea6af9ba86f22721c391da854d5440b6877226d3344,5464,3640,2020:07:20 19:47:09,44.94449225,-93.4259543333333,285,true
The_Tree-450.jpg,The_Tree,20540102,213b8e3679c2a1d31d352a80a723ca7b99eeeeb4e290dcf2c2b78781035d1108,5464,3640,2020:07:20 20:28:01,44.9446035,-93.4258963333333,290,true
The_Tree-451.jpg,The_Tree,22996792,3366b18909fbca88451eccdb7f6f60c0cbfb1692f92c646a6b3cffe5b2664664,5464,3640,2020:07:20 20:28:05,44.944603055,-93.4258902216667,290,true
The_Tree-452.jpg,The_Tree,22534769,0fffe0a4e455bbfd57ab1b90df35206800209961f31503c4c48a68cf43e28468,5464,3640,2020:07:20 20:28:09,44.9445989716667,-93.4258860283333,290,true
The_Tree-453.jpg,The_Tree,22124578,a20e7e3df4bee4bea13c9367f3dbe4c10c0cc9ffa47c95335edeede3fec00336,5464,3640,2020:07:20 20:28:12,44.94459675,-93.4258793616667,290,true
The_Tree-454.jpg,The_Tree,22448600,e91c18dc54c6bad891ca3b63e7663e623fa0c4765da8e3ca4016238c997f18f6,5464,3640,2020:07:20 20:28:18,44.9445950283333,-93.4258781383333,291,true
The_Tree-455.jpg,The_Tree,22056792,ea0bdcb482e9b32984a9ad1037229f076960cf6a319f059e1e330b891429cfae,5464,3640,2020:07:20 20:28:23,44.9445925,-93.4258694716667,291,true
The_Tree-456.jpg,The_Tree,21259432,e33fb1f38bd1e415681bcc70aa6d5cff3e99b1c90434961857da3efcac6d105e,5464,3640,2020:07:20 20:28:27,44.9445889716667,-93.425861695,290,true
The_Tree-457.jpg,The_Tree,21344348,14a2cef1b99ff416baa9f7b11da330d58599063dd12b99bf8747e49fa7857a4e,5464,3640,2020:07:20 20:28:32,44.9445868616667,-93.4258575283333,290,true
The_Tree-458.jpg,The_Tree,21114739,305c546504fda598e7982fd98e7e10b717f8fade09eaffe2fe6940174b45315b,5464,3640,2020:07:20 20:28:36,44.9445839166667,-93.4258534716667,290,true
The_Tree-459.jpg,The_Tree,21408384,e903674ae67069cf910e0dd3c9626017a8467884853d42e06e5773c3e2aeac34,5464,3640,2020:07:20 20:28:40,44.9445827216667,-93.4258513616667,290,true
The_Tree-46.jpg,The_Tree,21361638,beb32299f8ab3f95027bc5984c85a4c1fcddc04b3895914dd934c1bc6daf9540,5464,3640,2020:07:20 19:47:15,44.9444975,-93.4259619166667,286,true
The_Tree-460.jpg,The_Tree,22283650,c0daa7e99eeb333aa5e7c87bf17d412c12601a7d0804f96865273e8d89eed0b8,5464,3640,2020:07:20 20:28:45,44.9445816383333,-93.425847055,290,true
The_Tree-461.jpg,The_Tree,22018735,320e0d6edf24837859e6328c4134ef5ed9bd2f83124065be691ca81a5426e9a3,5464,3640,2020:07:20 20:28:49,44.94457925,-93.4258422216667,291,true
The_Tree-462.jpg,The_Tree,22074434,a2ed725fc412b008133cc587725254abfd050b661cfefb760bac9224d9bb0762,5464,3640,2020:07:20 20:28:53,44.9445759166667,-93.4258418333333,290,true
The_Tree-463.jpg,The_Tree,22398410,3dc8289de5faca94b5794aae5b05bad08380e9cd4aef438a9915fe52fcc9aa55,5464,3640,2020:07:20 20:28:56,44.9445732216667,-93.425840695,290,true
The_Tree-464.jpg,The_Tree,22398535,74353321f94ae52aa69115caef93c134ddc6940cdadb518d98cbf95f57c78bec,5464,3640,2020:07:20 20:29:00,44.9445688883333,-93.4258385283333,290,true
The_Tree-465.jpg,The_Tree,21877178,dc0170f2dabec414ac4e9bd6894d0abdfb75c4e83c53ef82aebf7909e20c78c4,5464,3640,2020:07:20 20:29:03,44.94456525,-93.4258364716667,290,true
The_Tree-466.jpg,The_Tree,21451396,7419f70f1cd1cf74754b712159663bd209f360f4eb2bc15e377ca953dae8ce43,5464,3640,2020:07:20 20:29:07,44.9445609716667,-93.425834305,290,true
The_Tree-467.jpg,The_Tree,21606553,e4e57d49e4424bacd3c3ff5f6817a0f2bf8a5a5f6f9cff312bf2a04e227f3d32,5464,3640,2020:07:20 20:29:14,44.9445605283333,-93.425828445,290,true
The_Tree-468.jpg,The_Tree,22507914,62d84806bc6d16fccf4e12e41d7894bbf1b98f17892fb98d90614ba99ac5a91b,5464,3640,2020:07:20 20:29:19,44.9445548616667,-93.4258306666667,289,true
The_Tree-469.jpg,The_Tree,22364968,af58e4a2f5e55b300e38227151ef3ec0e7ba447d9ba07e0dd4154490fe3d0450,5464,3640,2020:07:20 20:29:24,44.944550555,-93.4258340833333,289,true
The_Tree-47.jpg,The_Tree,21384776,30375839d60adf0646f26048e0a7661af0ba7ab77a2c5e62c0bf3785ac285433,5464,3640,2020:07:20 19:47:24,44.9445034166667,-93.4259698616667,286,true
The_Tree-470.jpg,The_Tree,22513812,711a289e74de710d8a5d8b3a51d90de265d1bb4c1aad26fbd70c8b952a7363fe,5464,3640,2020:07:20 20:29:27,44.9445479716667,-93.425837445,289,true
The_Tree-471.jpg,The_Tree,22716682,08cab7e0d226ac35a15f298000926157511f2848449055e652cc3bd50987d674,5464,3640,2020:07:20 20:29:32,44.9445453616667,-93.425839805,290,true
The_Tree-472.jpg,The_Tree,22146679,9df5fe111296e7047f95af955ccd79811036cc96444b66d0463d324eae551267,5464,3640,2020:07:20 20:29:35,44.944539805,-93.425842555,290,true
The_Tree-473.jpg,The_Tree,22185616,74744a3065495ed96c1609563feebbce508700d013d22e4ed7ebb85f9f7471c5,5464,3640,2020:07:20 20:29:39,44.9445357216667,-93.4258459166667,290,true
The_Tree-474.jpg,The_Tree,22682170,acbd38f69de92b86af6ad65e7419bc4d5650098508fd6ffe7ef1ee83ecc8235c,5464,3640,2020:07:20 20:29:45,44.9445306666667,-93.4258504716667,290,true
The_Tree-475.jpg,The_Tree,22037222,cc0cbe2850404c71b565e0738b49bb68af5f7b8b4b6337262e61410d672e5c09,5464,3640,2020:07:20 20:29:49,44.9445286666667,-93.425854445,290,true
The_Tree-476.jpg,The_Tree,22619611,8c544b561f97c0fc4339b935e1abd006574b9e918e5dd1ef6f82db8b830371f8,5464,3640,2020:07:20 20:29:53,44.9445250283333,-93.425862445,289,true
The_Tree-477.jpg,The_Tree,22677335,0232d40637e6a6274c936197fdaead7d24aba24e827542cb30f09de3a8c311ba,5464,3640,2020:07:20 20:29:57,44.9445237216667,-93.4258693616667,289,true
The_Tree-478.jpg,The_Tree,22581377,51d4fe9cdb9f76b08af3e1e434d42d39972949e40476bed5885643d17cd9a2fe,5464,3640,2020:07:20 20:30:00,44.944521445,-93.4258759166667,290,true
The_Tree-479.jpg,The_Tree,23243765,39ef9dfd885503004d82a9b102f2b1c46e3d49b29e7d82a4709b433ce59393ba,5464,3640,2020:07:20 20:30:05,44.9445215283333,-93.4258822216667,290,true
The_Tree-48.jpg,The_Tree,21114203,739e5c112abb2f79a5dd2fe3af3046587c54978bbec9669163a0b8d06f805e86,5464,3640,2020:07:20 19:47:29,44.944506695,-93.4259765833333,286,true
The_Tree-480.jpg,The_Tree,22294890,f850694399a59747e70d7c5da722e0d1891b26b4b33405e65b3111f4b1c91d98,5464,3640,2020:07:20 20:30:08,44.944521445,-93.4258880283333,290,true
The_Tree-481.jpg,The_Tree,24327614,d5e31a431a9098234054dd3bf253065f9c1dbcca69c26b92ae0eb442843563dc,5464,3640,2020:07:20 20:30:13,44.9445205283333,-93.4258929716667,290,true
The_Tree-482.jpg,The_Tree,24213176,e9674ca412932bceff6324e35e6202ac4813b2025b319d39186768cb33f329be,5464,3640,2020:07:20 20:30:17,44.9445198883333,-93.4258958883333,289,true
The_Tree-483.jpg,The_Tree,23584580,d590820559b59d3799eeb6f3292e6907312e59acc8af9cd6f627fa80d76f7652,5464,3640,2020:07:20 20:30:20,44.9445207216667,-93.4259013333333,289,true
The_Tree-484.jpg,The_Tree,23154239,b0ffe5b8ff778bd246ba61b120e0acec38f4029366e99cea942dbaf6925c6cfa,5464,3640,2020:07:20 20:30:24,44.9445221666667,-93.4259098616667,289,true
The_Tree-485.jpg,The_Tree,23513716,fab3ff6e3a4e5630075fe03a81434e7e4e562a473522eaea0dbb23647738ee94,5464,3640,2020:07:20 20:30:28,44.9445226383333,-93.4259144716667,289,true
The_Tree-486.jpg,The_Tree,23143779,8769fb51cf3a8b30f9c5d3f20df43e6116a950169a61a1463c9ac81988e93935,5464,3640,2020:07:20 20:30:33,44.9445226383333,-93.4259189166667,289,true
The_Tree-487.jpg,The_Tree,22579334,17c964a432a7ee65e13dabfe14cfd5f1f56ba9495781e3841080c8dd002c9dc8,5464,3640,2020:07:20 20:30:36,44.9445251116667,-93.4259219716667,289,true
The_Tree-488.jpg,The_Tree,23087639,eb9960d8841193f0fd41feeb888ba504e84b8d02639fc6daf4afa1f356c556c1,5464,3640,2020:07:20 20:30:42,44.9445288883333,-93.4259302216667,289,true
The_Tree-489.jpg,The_Tree,22877216,1dfa6cb7f4dc5cd4f8d3fa213d24ed1e7a3ddb09241373bd7fc5d749f5d24154,5464,3640,2020:07:20 20:30:47,44.9445342783333,-93.4259397216667,289,true
The_Tree-49.jpg,The_Tree,21037806,6ea77acc774d627d0ea58eb36d0f9648971f4b16d48bb9cd6e80ed06b51646b0,5464,3640,2020:07:20 19:47:35,44.944512055,-93.425981805,285,true
The_Tree-490.jpg,The_Tree,22322365,ecd5c1ab6e14b74509dc1d7d3e95dddc05b69057c6cb14e8e99312a2b7afbb74,5464,3640,2020:07:20 20:30:51,44.9445363333333,-93.4259413616667,289,true
The_Tree-491.jpg,The_Tree,22321342,014f97083b6323f60a4035a351fa20224e904d27cc1b4e56d01deb745156434f,5464,3640,2020:07:20 20:30:55,44.9445426383333,-93.4259456666667,289,true
The_Tree-492.jpg,The_Tree,22711693,0a60fba00acff9bd6d90ca5a85a03441f40b6cce17b26f51290fa9f599db8d62,5464,3640,2020:07:20 20:31:00,44.944546055,-93.4259466666667,290,true
The_Tree-493.jpg,The_Tree,20894290,d64ae347699f26e830f7c6384fa40dfeb6225cbe13d4713d709a5d38e1f8439a,5464,3640,2020:07:20 20:31:04,44.944548945,-93.4259495283333,290,true
The_Tree-494.jpg,The_Tree,21233808,39b799081a1592d88c7cfa8b59d78c6f307de8ce7258f1622586d0b35b2c953c,5464,3640,2020:07:20 20:31:07,44.9445518883333,-93.4259506383333,290,true
The_Tree-495.jpg,The_Tree,20521485,162fb440960e76b45e6e4fddd5831c29cb2fc2236c55707b740b0c5d7229ca75,5464,3640,2020:07:20 20:31:14,44.9445558616667,-93.4259505283333,290,true
The_Tree-496.jpg,The_Tree,20571404,898c92f47e20d18912de740da634cd8e47c317813cfde6b3f663f9cffd3943f3,5464,3640,2020:07:20 20:31:19,44.944564945,-93.4259506666667,289,true
The_Tree-497.jpg,The_Tree,20900788,a055797b83bf084107ab643ec0f53380b525ab7edbe691b814e416a60e52c90d,5464,3640,2020:07:20 20:31:23,44.9445692783333,-93.4259502216667,289,true
The_Tree-498.jpg,The_Tree,19551936,81d9ebb21ae9eeac7e721e0cddc6a8a50f96e9ec23ed713172960f4e23ff070e,5464,3640,2020:07:20 20:31:28,44.944577,-93.4259494716667,289,true
The_Tree-499.jpg,The_Tree,20192928,e5122a36db2adea61138450427314f022bcb5c42cb020c70f8387201f119c463,5464,3640,2020:07:20 20:31:31,44.9445785,-93.4259487783333,290,true
The_Tree-5.jpg,The_Tree,22054622,f9f9ee148941b29768fba0f2fabe95520d9815c68806802556c3fb185f8e6f50,5464,3640,2020:07:20 19:42:26,44.944634805,-93.4259569166667,286,true
The_Tree-50.jpg,The_Tree,20974454,95d5695d34a80dd4259fc9fb038cdb3fe6dfc78786d38dfd27d63227b7283c37,5464,3640,2020:07:20 19:47:45,44.944522695,-93.4259926116667,285,true
The_Tree-500.jpg,The_Tree,21912833,c05620c9ebbbf564beb25819ebc1f72d85b1c21bbccdf84b8594d34772ffe7fb,5464,3640,2020:07:20 20:31:56,44.944580195,-93.4259511666667,283,true
The_Tree-501.jpg,The_Tree,21634358,f66bc2dbf36017b6c7375d712533e55a3bd5c3e4c9ad693c47d388c7e382ccb8,5464,3640,2020:07:20 20:31:59,44.944585055,-93.4259514166667,283,true
The_Tree-502.jpg,The_Tree,21573599,00fbdb27a027445c41cf4d68c67acf79a02e9c157595e31368025cf2c4a82470,5464,3640,2020:07:20 20:32:03,44.944592805,-93.4259482216667,283,true
The_Tree-503.jpg,The_Tree,21295755,6c86d0f0636b9fa6920f6b22a0ac0c1397e607e2090e9056720b5714776ea1eb,5464,3640,2020:07:20 20:32:08,44.9446005833333,-93.4259432783333,283,true
The_Tree-504.jpg,The_Tree,21842371,6e0be6b71366647ba75f34782f4dbca0bc61f60eba9381485a7bc750aef4086d,5464,3640,2020:07:20 20:32:11,44.9446043333333,-93.4259365283333,283,true
The_Tree-505.jpg,The_Tree,21725055,8d45f3c4ca685b8ef3addf1a625de66f160080d699f6b9ab865c2c2f31e62356,5464,3640,2020:07:20 20:32:15,44.944602945,-93.4259333616667,283,true
The_Tree-506.jpg,The_Tree,21319481,7c65c51bc8e11465037017524d815a7eb6afdec3f951aa7d5a0274c40ee5b92a,5464,3640,2020:07:20 20:32:19,44.9446058616667,-93.4259276666667,283,true
The_Tree-507.jpg,The_Tree,21353889,940b303c21e566eea3211a8977cc57fe153d529a822ea16d3b780645857b3023,5464,3640,2020:07:20 20:32:26,44.9446096666667,-93.4259203333333,284,true
The_Tree-508.jpg,The_Tree,21632937,c70690e51ab43c29f42b66aca60894054ae3e21387496d5db4d77e66a7ba5751,5464,3640,2020:07:20 20:32:30,44.944609195,-93.4259254166667,284,true
The_Tree-509.jpg,The_Tree,21735101,b48f69640ed950c019c266cd0a8be3edb7d69b9351a82372acd7c793e3e49ef9,5464,3640,2020:07:20 20:32:34,44.9446105833333,-93.4259196383333,284,true
The_Tree-51.jpg,The_Tree,20930347,3491e49e4d8526bac436fccdb65c2b7a048f0ea4575d561824864b1a7fcffe91,5464,3640,2020:07:20 19:47:52,44.9445303333333,-93.4259998616667,285,true
The_Tree-510.jpg,The_Tree,21307985,9bda184e97e359d52e9d4c990ad3c47841662086ac9991f4fd73fd8df18daff7,5464,3640,2020:07:20 20:32:38,44.944611695,-93.4259122783333,284,true
The_Tree-511.jpg,The_Tree,21325069,5225a94b4a8b5f7e483a1d6844fb68072be5db1cf9c4a80bd21baaa754eadfe6,5464,3640,2020:07:20 20:32:44,44.9446113883333,-93.4259052783333,284,true
The_Tree-512.jpg,The_Tree,21249788,6c8fdc03489d0f1da44958539103e1c54c49802730f8921e75598b5ab5d5d0c5,5464,3640,2020:07:20 20:32:48,44.9446108616667,-93.425900945,284,true
The_Tree-513.jpg,The_Tree,21196067,a5c0f11ffca9c5025a5958e2ef699ad3f82e161df29d3be4e2675ed510af048a,5464,3640,2020:07:20 20:32:51,44.9446106666667,-93.4258956666667,284,true
The_Tree-514.jpg,The_Tree,21363190,27635a22fd16d1a2b1e56708c8abaeb54a3d31f3328a3fbe866df9ffb7861140,5464,3640,2020:07:20 20:32:55,44.9446110833333,-93.4258903333333,284,true
The_Tree-515.jpg,The_Tree,20900437,5c438e345df6ad162c6de0ad9970c9c98236f757c2f6b30a0cacf56e08d95491,5464,3640,2020:07:20 20:33:02,44.944611805,-93.4258891666667,284,true
The_Tree-516.jpg,The_Tree,20943441,0c58c8c858ef873190dae1d0a37c386d364ce3e301ebc63fcfc1276c6c5cb1fc,5464,3640,2020:07:20 20:33:05,44.94460975,-93.4258853333333,284,true
The_Tree-517.jpg,The_Tree,20842203,bb0cf9c1c83b341c6872da1dcb58fd74cd63e3e767db68fb48311dd07b5e9736,5464,3640,2020:07:20 20:33:10,44.944603805,-93.425881805,284,true
The_Tree-518.jpg,The_Tree,21519044,2e896a5b5566f349313aa50aed157bdc7a54e5b803f66bbd74564d25d9d89ee7,5464,3640,2020:07:20 20:33:17,44.944599055,-93.4258753333333,284,true
The_Tree-519.jpg,The_Tree,19281508,6b0efb555268a778f310a0ff61b48b081e078f0e07f2bc74f0b20883bebeb935,5464,3640,2020:07:20 20:33:23,44.944598,-93.4258694716667,285,true
The_Tree-52.jpg,The_Tree,21193771,bb0c49004d822017323b760bf95a4ce97046be5b999ff6b91cfec53216b8b2ed,5464,3640,2020:07:20 19:48:04,44.944541,-93.4260070283333,285,true
The_Tree-520.jpg,The_Tree,19941284,bb9a09c8179c3d1c55aff525b1c47c072a8050cf8c06839e0f157d833c251829,5464,3640,2020:07:20 20:33:27,44.9445964166667,-93.4258634716667,284,true
The_Tree-521.jpg,The_Tree,20429376,946b284b997743f1468eccb53937956e2df22e53ce0cbc85598aa0f30c2e9dc7,5464,3640,2020:07:20 20:33:31,44.9445961666667,-93.4258619166667,285,true
The_Tree-522.jpg,The_Tree,20599289,e6e775fc9eb2b7aabd55f9d86b1a4f0268e6c0f7451b41caebb4e8423aa10c7f,5464,3640,2020:07:20 20:33:35,44.944594555,-93.425858,285,true
The_Tree-523.jpg,The_Tree,20983067,10fdf8be9a56fe340debb89db80f8db8feff2775198d5c8cedf636bec4f54797,5464,3640,2020:07:20 20:33:39,44.9445919166667,-93.425856555,285,true
The_Tree-524.jpg,The_Tree,20560717,8a72f44b5eb2df68730a39e9c27fac9171d765d77d0ab76cbfa204a358bdc63b,5464,3640,2020:07:20 20:33:42,44.9445866383333,-93.425853,284,true
The_Tree-525.jpg,The_Tree,20784560,1696929ba3a157dcada21638ecae4c64236d7dccb12dfed32996ba2ba4ed92a7,5464,3640,2020:07:20 20:33:46,44.944587,-93.425856305,284,true
The_Tree-526.jpg,The_Tree,20313074,d6816cf1d2ba691749eb215b82ebf22f1a4570058cdba59d5b83196b6b3c81fb,5464,3640,2020:07:20 20:33:51,44.94458125,-93.4258547216667,284,true
The_Tree-527.jpg,The_Tree,19830900,8935c3bfe9e644bbd05c18aade8ca6e51f56064917e517136ea669a7818c02b5,5464,3640,2020:07:20 20:33:56,44.9445781666667,-93.4258546116667,284,true
The_Tree-528.jpg,The_Tree,19652110,85f237d02d657e0ef44f9544d2a12aecd6f8ee1375d59c1f1efdb66164350675,5464,3640,2020:07:20 20:34:00,44.9445747783333,-93.4258523883333,284,true
The_Tree-529.jpg,The_Tree,19192002,055508214782a06debde52eb0f7e58fb4d55d85256a137507356a0f7e62c7f2e,5464,3640,2020:07:20 20:34:05,44.9445706383333,-93.4258504716667,284,true
The_Tree-53.jpg,The_Tree,22027346,fbbe79adc56658b5669db3e83d061a2de5241724687f17bec6284456b739b756,5464,3640,2020:07:20 19:48:10,44.9445521116667,-93.4260104716667,286,true
The_Tree-530.jpg,The_Tree,20617246,bb548ffc7809110362b4a505c804c81cb6242e2259efe38da396d4d95a6058df,5464,3640,2020:07:20 20:34:13,44.9445691116667,-93.4258481383333,283,true
The_Tree-531.jpg,The_Tree,20483939,57327dace20fe319dfe4c26c3bf6c1145741fb0deb2ea7b71d30caf096408353,5464,3640,2020:07:20 20:34:22,44.9445645,-93.425845695,283,true
The_Tree-532.jpg,The_Tree,20457345,ef460008cffb800879d50bea741d52ff2983559937764346a07f675ec568e55b,5464,3640,2020:07:20 20:34:25,44.9445647216667,-93.4258434716667,283,true
The_Tree-533.jpg,The_Tree,20014822,1d4f5c1246745f69da96311d901b33ff109716f5ec8e02b0af48c3f15ab62648,5464,3640,2020:07:20 20:34:29,44.9445611383333,-93.425841805,283,true
The_Tree-534.jpg,The_Tree,20259550,91e953a11f4e884129b49b6a052867af2c4506a5f4dcdc93a5b2911defb41102,5464,3640,2020:07:20 20:34:36,44.944557805,-93.4258426116667,283,true
The_Tree-535.jpg,The_Tree,21364677,cb935081c93fc4ddc0150382d7bb2cffade9e9f29659fa66f9e959801525a97e,5464,3640,2020:07:20 20:34:44,44.944550055,-93.425850555,283,true
The_Tree-536.jpg,The_Tree,20784522,78fe55b5a9d44f7fc9dc5ce6003d6ac3ce0d467922d66a3a4adfda22b01368e4,5464,3640,2020:07:20 20:34:49,44.9445462216667,-93.4258509716667,283,true
The_Tree-537.jpg,The_Tree,20789023,3aa3469abd21a4e57bee0ae37bd9f626d8e181f97d152a533aeecf0168d5e610,5464,3640,2020:07:20 20:34:54,44.94454175,-93.42585625,284,true
The_Tree-538.jpg,The_Tree,20996555,f3f3b6126721e925e8b7a1598ee18490e6ffcb26e3b6fa75290d54f2bf8721ec,5464,3640,2020:07:20 20:34:59,44.9445385,-93.4258571116667,283,true
The_Tree-539.jpg,The_Tree,20349704,ac2b3d94d353ec01e8ce978b76dbefa611aae68610f05c938e2650514cc9ce02,5464,3640,2020:07:20 20:35:05,44.9445346383333,-93.4258569716667,283,true
The_Tree-54.jpg,The_Tree,21575265,b65ba18550211ffa9be930a0137bcb36f1e8a10cb8f514533637a9f96174bfe1,5464,3640,2020:07:20 19:48:18,44.9445596116667,-93.4260123333333,286,true
The_Tree-540.jpg,The_Tree,20378324,eb49192bf8826a2dcf30796aa52f09da5d3bae7bdb26bc23c286979eac5504cf,5464,3640,2020:07:20 20:35:12,44.9445338333333,-93.4258607783333,284,true
The_Tree-541.jpg,The_Tree,20718930,3447cd4d05e99a934f646e1d28cd367807a5fb0dccd39f4de77854bd8d7d629d,5464,3640,2020:07:20 20:35:16,44.944531695,-93.4258641116667,284,true
The_Tree-542.jpg,The_Tree,20895030,91a9bbcc23ba0b63f92d3eeca95bb680ab71a28a0f18268d17102f1f988056ba,5464,3640,2020:07:20 20:35:21,44.944529445,-93.4258685,283,true
The_Tree-543.jpg,The_Tree,20947786,5b4c65754de42d4551166ee36bfef75cde9d046d39309692330b95d5c9bba594,5464,3640,2020:07:20 20:35:26,44.9445269166667,-93.425872945,283,true
The_Tree-544.jpg,The_Tree,20900856,65c084ab05791f7fd9be71bb07e0d2d0e4e13e875b0de26a33cf9b2cffa56c08,5464,3640,2020:07:20 20:35:29,44.9445261116667,-93.425879695,283,true
The_Tree-545.jpg,The_Tree,20229845,59320771a5f0ab8176390a84236cef2f7946241cc1e0f4d0108113115a723173,5464,3640,2020:07:20 20:35:34,44.944525945,-93.4258892783333,283,true
The_Tree-546.jpg,The_Tree,20262003,cfd2b7ef9a7dd39306160803e9cd9d9f564d427f044d4e56131abf7f7063c387,5464,3640,2020:07:20 20:35:39,44.9445260833333,-93.4258995283333,283,true
The_Tree-547.jpg,The_Tree,20220767,737f0daa2daf00ba3f449131d42d3a0db741a1b6bd8e5a46f987a2bc5bd51d2a,5464,3640,2020:07:20 20:35:44,44.94452625,-93.4259089166667,283,true
The_Tree-548.jpg,The_Tree,20539802,eefe4a44e7007b869dab794c6b07dc1f65f5dd03e7905750f834e530e6d42a77,5464,3640,2020:07:20 20:35:49,44.9445287783333,-93.425910945,283,true
The_Tree-549.jpg,The_Tree,20965300,4e76e99533a17c516ae96015c4cdd623d31b2a99e254564bd867d7461ca4a2f5,5464,3640,2020:07:20 20:35:53,44.9445308883333,-93.4259150283333,283,true
The_Tree-55.jpg,The_Tree,21568348,e130e80369594ede9bae6b3b4f39ba615d2a3b585b3a2a8279696c1ab94d501f,5464,3640,2020:07:20 19:48:26,44.9445663883333,-93.426011945,285,true
The_Tree-550.jpg,The_Tree,21791964,92ec3d76e472a2f7b2f37fa964099891782b72408922210b93dac00f6039b36e,5464,3640,2020:07:20 20:36:01,44.944533445,-93.425921055,283,true
The_Tree-551.jpg,The_Tree,21246592,c8fc65ca363cc884dc3fe5680eb4d3d8a9ac9ef4a52a2bfba5fe4597b8c293cd,5464,3640,2020:07:20 20:36:06,44.9445351116667,-93.4259273883333,283,true
The_Tree-552.jpg,The_Tree,21507895,457efc25caf8df37d3b408cd0174ecd73407eb961f06ed4df072a71a58d5ae28,5464,3640,2020:07:20 20:36:11,44.9445376666667,-93.4259315,283,true
The_Tree-553.jpg,The_Tree,21421704,bb7809e68802c8ab27e3ff16b762c3012ae54170eda4a0c3572185a9e7d44bd1,5464,3640,2020:07:20 20:36:14,44.944541445,-93.42593525,283,true
The_Tree-554.jpg,The_Tree,21954091,2b90760a6600ea916100eb1c05dc018600c01978361ef6d2903778dc540505b9,5464,3640,2020:07:20 20:36:19,44.9445473883333,-93.42594325,283,true
The_Tree-555.jpg,The_Tree,21474562,6cfdd707fdb31144a9bfe4105b8cca68ceb6ca17e21877b9a1b6ae866a2472e6,5464,3640,2020:07:20 20:36:23,44.9445532216667,-93.4259462783333,283,true
The_Tree-556.jpg,The_Tree,21096302,730fd1312b997ad2014e656bbc43c1747d0cf66e2861bbc7938455ee7a5a3bac,5464,3640,2020:07:20 20:36:27,44.9445552216667,-93.4259476383333,283,true
The_Tree-557.jpg,The_Tree,21761709,fbb8febe886ab36ad548eb03be2f2a5fdf064615a5a407b74db8f5f4d0942acf,5464,3640,2020:07:20 20:36:31,44.9445601383333,-93.4259478883333,283,true
The_Tree-558.jpg,The_Tree,20691413,5d14350a94e6f8f4918b044e37deb32e6d863f3c271174b7ab1e269766bd10cd,5464,3640,2020:07:20 20:36:34,44.9445635833333,-93.4259447216667,283,true
The_Tree-559.jpg,The_Tree,21529027,abafc8fc71b511cf4eea621e884a4c645becde8186ba6fd17e0b5bf3bc0ff0aa,5464,3640,2020:07:20 20:36:38,44.9445683616667,-93.4259423333333,283,true
The_Tree-56.jpg,The_Tree,21614005,e20ffc0899e5616a0ea0d42a9af95656dbe48939fc61b02a4368e743150476a5,5464,3640,2020:07:20 19:48:32,44.9445766116667,-93.4260101666667,285,true
The_Tree-560.jpg,The_Tree,21540203,ec313466bf5debdc8d5a2e5bde00c27f847d3764c7324050dce250cd696f44fd,5464,3640,2020:07:20 20:36:42,44.9445730833333,-93.4259404166667,283,true
The_Tree-561.jpg,The_Tree,21466595,320316b2b951eff27c7871faab8297851168d546417202db441b2c7e8b9e2e50,5464,3640,2020:07:20 20:36:49,44.9445771383333,-93.4259394716667,283,true
The_Tree-562.jpg,The_Tree,21208522,afd5383ca15683c35b8fb2b01887ea1e3ecd421c878dccfd2c2df4647d2853e5,5464,3640,2020:07:20 20:36:51,44.9445790833333,-93.4259379716667,283,true
The_Tree-563.jpg,The_Tree,21338316,29bde98c97d520f16ee5d2933985b95c9856c5ff330dbebfae5326068923381c,5464,3640,2020:07:20 20:36:54,44.944582445,-93.4259375833333,283,true
The_Tree-564.jpg,The_Tree,21207436,1e79d00947b22302221dfe4047fd3167333f538825a97ba0e12860554e62672f,5464,3640,2020:07:20 20:36:58,44.9445846666667,-93.4259369166667,283,true
The_Tree-565.jpg,The_Tree,21136031,6c4564aa01af2242f154ef0a2032176c358723631cf836d084d52373f292248d,5464,3640,2020:07:20 20:37:02,44.9445865,-93.425936945,283,true
The_Tree-566.jpg,The_Tree,21182557,6697add8b718abcce3f9fdcdb21411d1236c58caa1e0f20e6742d322fc9bc278,5464,3640,2020:07:20 20:37:06,44.9445900283333,-93.425935445,284,true
The_Tree-567.jpg,The_Tree,21138511,8d7c6c40c1346613b85064a6bd1c1d12d0ad34831d8ab54126aa7c897a305e32,5464,3640,2020:07:20 20:37:09,44.9445916116667,-93.4259334166667,284,true
The_Tree-568.jpg,The_Tree,20913270,b0d9d790bb62ab9cbfa18a16a650b4b5a8ecf0ff87d6072d2f16f51d643f77bf,5464,3640,2020:07:20 20:37:13,44.9445946116667,-93.425929945,284,true
The_Tree-569.jpg,The_Tree,21721044,504e368b4fe2e2ddaf90f5ce229f4c4099a8cd9969bb199f3c44112e48e3a79a,5464,3640,2020:07:20 20:37:59,44.944617195,-93.425979,284,true
The_Tree-57.jpg,The_Tree,21979353,6ac66ea2ca66326b866199d4a40563b7ef5797b57969e247bf7c1fb9ab6fd47e,5464,3640,2020:07:20 19:48:40,44.944584055,-93.4260085,286,true
The_Tree-570.jpg,The_Tree,21299652,ef2308ce6a104d235c0bfeb7ab03c0f329400f6f46cee0651e10f4eadd252bd1,5464,3640,2020:07:20 20:38:04,44.9446191666667,-93.4259752216667,284,true
The_Tree-571.jpg,The_Tree,21495776,0ec0920ccef111b44217d5946133096dbb51a58b4c73231fb86f2411b9fbf274,5464,3640,2020:07:20 20:38:09,44.94462125,-93.4259733333333,284,true
The_Tree-572.jpg,The_Tree,21431853,c05e5405efd462301b70a25594f8a80f07aefee26d0f8f7aa98c38dda1da427f,5464,3640,2020:07:20 20:38:14,44.9446254166667,-93.4259648333333,284,true
The_Tree-573.jpg,The_Tree,20886060,30222387b45fba8bf128ed2363df38ef0acf4894c0c195e53937e93c799858b1,5464,3640,2020:07:20 20:38:20,44.944626695,-93.425958945,284,true
The_Tree-574.jpg,The_Tree,20716789,76b619acb70de4bde8a12a5e0b761f5c88371b5b7777826cbae6cb11b24f4fe5,5464,3640,2020:07:20 20:38:24,44.9446272783333,-93.425955555,284,true
The_Tree-575.jpg,The_Tree,20929246,41cc70812a15f12244071cab667684401553454b1c1e8ed88fa5c8efbc0b0669,5464,3640,2020:07:20 20:38:28,44.9446288333333,-93.42595075,284,true
The_Tree-576.jpg,The_Tree,20783520,91e86c4c4cf24d3884d78ceabd9cab0704dcf127ca59335160a7f7e5c7f0d18a,5464,3640,2020:07:20 20:38:32,44.944632,-93.4259428883333,284,true
The_Tree-577.jpg,The_Tree,20816219,aa9cb0854104b7013a65d9c9dce3612eed9cd52bb02d7debb474822ca8c525a3,5464,3640,2020:07:20 20:38:36,44.944633555,-93.425936055,284,true
The_Tree-578.jpg,The_Tree,19994347,60a32bcf2d485330d7ef9bf893fbfffa1c949483d16ea227350d4de606b06631,5464,3640,2020:07:20 20:38:40,44.9446361116667,-93.4259261383333,284,true
The_Tree-579.jpg,The_Tree,19585785,e2418a08a9e9f24262037ff444436cb8bf7830f910ca2d731f9eff3a90682f69,5464,3640,2020:07:20 20:38:45,44.944638805,-93.425918695,284,true
The_Tree-58.jpg,The_Tree,21695834,8c245a4ed5a98d3265ee5929ee22e985616bdfc508707e8d90749643f6b0a545,5464,3640,2020:07:20 19:48:49,44.9445908333333,-93.4260030283333,285,true
The_Tree-580.jpg,The_Tree,19210368,35966d65b7f5b8932f3e8a2079458ae8caac933d1acae4d6e6e1f173577c2314,5464,3640,2020:07:20 20:38:48,44.9446404166667,-93.4259114716667,284,true
The_Tree-581.jpg,The_Tree,20263215,6508bbce0676b5dce2d671ea5d6ee7646b3cc5a9033c519ddfed94ccdf445a98,5464,3640,2020:07:20 20:38:55,44.944640055,-93.4259059716667,284,true
The_Tree-582.jpg,The_Tree,20028807,f9b0c5edcaac6f2e02caa573b56f21e697f506cf745542a60d881e484189a094,5464,3640,2020:07:20 20:39:00,44.9446366666667,-93.4258984166667,284,true
The_Tree-583.jpg,The_Tree,19487300,49c61e9cbb5bb3dc9383bbd675d8870a2ec6b5bafe44d6866b3ecc9fe8092efc,5464,3640,2020:07:20 20:39:05,44.944634305,-93.4258878333333,284,true
The_Tree-584.jpg,The_Tree,19779789,0e147f82f7af2406d01c59c1d1c4a1ed8b31111c1dba4f54a68ce00650d38249,5464,3640,2020:07:20 20:39:09,44.9446298333333,-93.4258813883333,284,true
The_Tree-585.jpg,The_Tree,19102762,73f05581264ca5c105d9834f862a4f3721094b26e7ae658aad2efc45a7052ce9,5464,3640,2020:07:20 20:39:13,44.944626805,-93.4258758883333,284,true
The_Tree-586.jpg,The_Tree,19069523,8feffbd42021b1fb9aca90cb470255aa72629aec397b5bce4939eead4fdd2948,5464,3640,2020:07:20 20:39:17,44.9446242216667,-93.4258706383333,284,true
The_Tree-587.jpg,The_Tree,19498536,be2630035747d16da9e7c4661f78f1a02273dd56f0c4fcd33ec4ed4bd9c9f250,5464,3640,2020:07:20 20:39:20,44.9446220833333,-93.4258621383333,284,true
The_Tree-588.jpg,The_Tree,19350456,c47cff6cb4f4497a641490686bc3514a6221b65a1648d27850097c1b8333c022,5464,3640,2020:07:20 20:39:24,44.9446200833333,-93.425855195,284,true
The_Tree-589.jpg,The_Tree,19270171,f86c4070d808eba722fd34bf1a1ef352bb43f15f7b080ad20cd700e7a21a0ab1,5464,3640,2020:07:20 20:39:29,44.9446168616667,-93.4258462216667,284,true
The_Tree-59.jpg,The_Tree,21728817,3e8b0d308010b846884d488dee4ed33a0d43c7b028cfd6743e699fa99970a51e,5464,3640,2020:07:20 19:48:54,44.9445983883333,-93.42599675,285,true
The_Tree-590.jpg,The_Tree,18469009,2b71740ca6279812d711301e1eb41b494efb4c923d5db0ae6c449dcf774bbb6c,5464,3640,2020:07:20 20:39:35,44.9446154166667,-93.4258371116667,285,true
The_Tree-591.jpg,The_Tree,17680016,594384aeb9941dabf4c8e802caab1987dfb479b36bb3476fe5e4121ee19ab928,5464,3640,2020:07:20 20:39:39,44.9446117783333,-93.4258316383333,285,true
The_Tree-592.jpg,The_Tree,18965350,f1b172cc000bb5ee829d0da4303a913d1847c88887d984b163bc67552c1d4e51,5464,3640,2020:07:20 20:39:44,44.9446076383333,-93.4258254716667,285,true
The_Tree-593.jpg,The_Tree,18772225,178ad6ad934312bfbbe0d1821b96738cda84296cac5dcb41e85d9f6df467c813,5464,3640,2020:07:20 20:39:54,44.9446067783333,-93.425818945,285,true
The_Tree-594.jpg,The_Tree,18039932,5c9f5389298a9bb71ca6371b23cc69343d340bde7231811ba2a634328c355bb1,5464,3640,2020:07:20 20:39:58,44.9446016116667,-93.425813945,285,true
The_Tree-595.jpg,The_Tree,16761182,b71e293293d9d634998c725cbf2d125690479f32d0ebf11ed95f319db6622290,5464,3640,2020:07:20 20:40:01,44.944597805,-93.42581275,285,true
The_Tree-596.jpg,The_Tree,17309674,14960b3b96b509a3dc9a034e89d11359b879a99b22b78e974c075f64a15a687b,5464,3640,2020:07:20 20:40:06,44.9445933616667,-93.4258127216667,285,true
The_Tree-597.jpg,The_Tree,16311342,310aa36839b6c532d9413f3dbc66223ddbb58c722e2e3e2d3fdd0406a3d7f853,5464,3640,2020:07:20 20:40:11,44.944589,-93.4258125283333,285,true
The_Tree-598.jpg,The_Tree,16785934,80b9aae9ac9c510d5c38e32686d8e3448f6f3697725540854b0b4826242b74d3,5464,3640,2020:07:20 20:40:16,44.9445857216667,-93.4258108883333,285,true
The_Tree-599.jpg,The_Tree,16484232,3f0defbee10c5efd03f6ad9806a084aef488cd3d4f7bc141b4bc3b3f1902d733,5464,3640,2020:07:20 20:40:21,44.9445805,-93.4258105833333,285,true
The_Tree-6.jpg,The_Tree,21592068,6e5bdfa4143649ee95584750a20c57c4f4028604eee375b3313761cd32a9fcec,5464,3640,2020:07:20 19:42:32,44.9446340833333,-93.4259466666667,286,true
The_Tree-60.jpg,The_Tree,21594515,6875181de87a6c9d8d93456b18b2f1f6b3978b096813e9c301974faf1e8e9052,5464,3640,2020:07:20 19:49:00,44.94460725,-93.4259901116667,285,true
The_Tree-600.jpg,The_Tree,16896725,998bbec2379897740e8e58cc8b7495f69654c1595ae413afeb5ba6ce66c44216,5464,3640,2020:07:20 20:40:28,44.94457675,-93.4258100833333,284,true
The_Tree-601.jpg,The_Tree,19330612,8652aa65af3b1a072c03bff544cd194a62744036eb20b8522d09e3ff0b6512bd,5464,3640,2020:07:20 20:40:33,44.9445766383333,-93.4258264166667,284,true
The_Tree-602.jpg,The_Tree,18989875,1e4be66204fc3c3ba8e7ef7e24152e510514a11543ac8d583e4a4110e3d8f914,5464,3640,2020:07:20 20:40:37,44.9445708883333,-93.425823805,284,true
The_Tree-603.jpg,The_Tree,18923335,bd40d92f1dacfbfe37d3f41ee533acbdf926bb33f75ff1bd267acae84fa4da1f,5464,3640,2020:07:20 20:40:40,44.94456775,-93.4258275833333,284,true
The_Tree-604.jpg,The_Tree,19595314,704a7223195a3aa0b6d8bba10262e788fcc96ee7ed8b653ab87daa54ed343eb4,5464,3640,2020:07:20 20:40:48,44.94456175,-93.4258265,285,true
The_Tree-605.jpg,The_Tree,18683454,0d29e441ada63112d3e46532abec9971af1b141bd94f5df7b64999464252362d,5464,3640,2020:07:20 20:40:54,44.9445473616667,-93.4258280833333,285,true
The_Tree-606.jpg,The_Tree,19063311,d1a1388292248f52ffcf65a08008e231f2ac27cd79f7d8259cd4a2cc4b17ead6,5464,3640,2020:07:20 20:40:59,44.9445450283333,-93.4258305283333,284,true
The_Tree-607.jpg,The_Tree,19391364,9b27af9f225c2bc91df29040de504056eb2ed6302ea20309cc066b99081cbde0,5464,3640,2020:07:20 20:41:03,44.9445436383333,-93.4258341383333,285,true
The_Tree-608.jpg,The_Tree,19304871,88f8605765497a143dac375704e880499670ef22e1aa8a326d4e300a9db04ab4,5464,3640,2020:07:20 20:41:07,44.9445423616667,-93.4258333616667,284,true
The_Tree-609.jpg,The_Tree,19312264,9253a5af2673dcfee0b1c53b09419cbc1f4151dafd4a04a6ca8f34611cc8f537,5464,3640,2020:07:20 20:41:11,44.944535695,-93.4258395283333,284,true
The_Tree-61.jpg,The_Tree,21755203,3794d625aca26e22b71837f51738651647031a2ba57a1cd33f3c06eb5027c6dd,5464,3640,2020:07:20 19:49:06,44.9446122216667,-93.4259845283333,285,true
The_Tree-610.jpg,The_Tree,17807965,099368e119c9f9f9ae6f0a6da3c0b2b5045b3a7700877a597e0c609053ff53ae,5464,3640,2020:07:20 20:41:18,44.944533305,-93.4258263883333,284,true
The_Tree-611.jpg,The_Tree,16913311,e3911504d3defc636cef34abe411a516f5a4869f8bcbbb196c6da5b7f889d72e,5464,3640,2020:07:20 20:41:21,44.9445260283333,-93.4258356116667,284,true
The_Tree-612.jpg,The_Tree,16948339,f6c948536005c878df564fca409f92c159762430e2014b9fb2c69c3d0082a517,5464,3640,2020:07:20 20:41:25,44.9445225283333,-93.425844055,284,true
The_Tree-613.jpg,The_Tree,16358296,8f482b656a003750330d079a92e7a2eeee635c0b5b67d73ea0ce4eedbdc99720,5464,3640,2020:07:20 20:41:33,44.9445181383333,-93.4258516383333,284,true
The_Tree-614.jpg,The_Tree,16084174,829dbd6070947da457ea8b450759f85bb4e21035b6b3105bdba7e9227257ffb7,5464,3640,2020:07:20 20:41:35,44.9445160833333,-93.4258544166667,284,true
The_Tree-615.jpg,The_Tree,16581928,e88f2f772a23133d7ed5c25e26b10bc48b9a933fdf3b538cf248e7bbdb615a37,5464,3640,2020:07:20 20:41:40,44.9445126666667,-93.4258608333333,284,true
The_Tree-616.jpg,The_Tree,17055538,b55a96e6c2fc8960fa58132d8938a42a4d66a8cde42363da4de2006a09888bd2,5464,3640,2020:07:20 20:41:48,44.9445040833333,-93.42587275,283,true
The_Tree-617.jpg,The_Tree,17167765,d7da5b75f847feea1d40dd72cb9314c19ec233fba7590d0de666bd072d82aba4,5464,3640,2020:07:20 20:41:53,44.9444990833333,-93.4258951666667,283,true
The_Tree-618.jpg,The_Tree,17147764,16c89048e4764ee13ac64dce78a9aaef8a9823a4fd1d3f3e18ca8b20f5888a8e,5464,3640,2020:07:20 20:42:00,44.9444984716667,-93.425919,284,true
The_Tree-619.jpg,The_Tree,17096451,f30cf2cb92a94c0848e404b6b4de2594ea6e1e9aa4a2528f76bcc3ae5806acef,5464,3640,2020:07:20 20:42:04,44.9445014716667,-93.4259252216667,284,true
The_Tree-62.jpg,The_Tree,21407985,3bfb7516b9a0e0d802b71b053148bb0254bad7ec6a365dacf988fbf4c557507e,5464,3640,2020:07:20 19:49:12,44.94461725,-93.4259796383333,285,true
The_Tree-620.jpg,The_Tree,17122600,30a79904a7e9c57f0389292fbc8c760c6b1e0c01367af76950b24f764220180d,5464,3640,2020:07:20 20:42:08,44.944500055,-93.4259323883333,284,true
The_Tree-621.jpg,The_Tree,17723256,ebcaf205dca839be9666068c8fc4a2667c08e69fab0e4b5b041957227b53e53a,5464,3640,2020:07:20 20:42:12,44.9445033616667,-93.425939695,284,true
The_Tree-622.jpg,The_Tree,18119054,9370837519e8297cd380c59c2974331d5e1fb745daee087c38814ead3329a083,5464,3640,2020:07:20 20:42:15,44.944506195,-93.4259454716667,284,true
The_Tree-623.jpg,The_Tree,18345054,4f243d10cb1a6abc75062ea5606c0e35e693230571b7fef587c565cf442fef89,5464,3640,2020:07:20 20:42:18,44.944509555,-93.425953,284,true
The_Tree-624.jpg,The_Tree,18232292,09f6d130eafac122de0a18ae7ea7388c9e974eee310359677962cec936720915,5464,3640,2020:07:20 20:42:21,44.9445134166667,-93.4259588616667,284,true
The_Tree-625.jpg,The_Tree,18254027,3d147e27c936a7711b39ee8690a794426ef4b35d0924c72471b2dec8c4de0007,5464,3640,2020:07:20 20:42:27,44.9445181383333,-93.42596475,285,true
The_Tree-626.jpg,The_Tree,18154293,9573098351e719d8597ce2facbba4c33feb7771946c85f83d94ec784e12d364f,5464,3640,2020:07:20 20:42:31,44.9445229716667,-93.4259693333333,285,true
The_Tree-627.jpg,The_Tree,18196973,bf3a035e2e0440109d04601280bd2f3c0f00ccf8815e77506cbfdd14a8fdb3a8,5464,3640,2020:07:20 20:42:35,44.944527805,-93.425972445,285,true
The_Tree-628.jpg,The_Tree,17946605,c0cc85c8c5c0f15c5bf35576d62340b58b187df27eff3ece8ae62ed2046a5f8b,5464,3640,2020:07:20 20:42:39,44.9445308616667,-93.4259760833333,285,true
The_Tree-629.jpg,The_Tree,17506571,51da35ab7f75325e324ba257f1b0fa3e45deedfc89c6615fdfb1e3f91ef44f42,5464,3640,2020:07:20 20:42:41,44.944534555,-93.4259798883333,285,true
The_Tree-63.jpg,The_Tree,21241686,8f5c22639d6895e895df453620e9e04cae0bdfec18565f00baec522cde3b9c43,5464,3640,2020:07:20 19:49:19,44.9446218333333,-93.425975445,285,true
The_Tree-630.jpg,The_Tree,17549600,bc909c63cbccdfada6a2677148ef7d77105bfe7eb773484f081bca96c239409f,5464,3640,2020:07:20 20:42:44,44.9445409716667,-93.4259834716667,285,true
The_Tree-631.jpg,The_Tree,17672737,639f1e0944e23bbe34b07f8ce076c2338a67a9a3b45798cbd605ae26d200f9f6,5464,3640,2020:07:20 20:42:52,44.9445403883333,-93.4259838333333,285,true
The_Tree-632.jpg,The_Tree,16920516,a2caa8fd9c7f629123880706fdfda8aa146ede36191fb495312d504a87cb221d,5464,3640,2020:07:20 20:42:56,44.9445469716667,-93.425986555,285,true
The_Tree-633.jpg,The_Tree,17748229,7f5c258e3cd4287cdd9a400f43d48c8b897d821272bd69f9f6e1db0585066533,5464,3640,2020:07:20 20:43:00,44.9445559716667,-93.425989,284,true
The_Tree-634.jpg,The_Tree,17893724,9f1396ff2d9016b0b679135a4305a7450eea0b55e1b30bc05dfec398bc84fe9d,5464,3640,2020:07:20 20:43:03,44.944554055,-93.4259916116667,284,true
The_Tree-635.jpg,The_Tree,18182836,508d40496e4ee9b64185adf1149ad169038ffbc1e59822ffd232e191ccf54b2f,5464,3640,2020:07:20 20:43:06,44.9445591116667,-93.425992805,284,true
The_Tree-636.jpg,The_Tree,18560355,a83129979861128de813a955624b3da7b98afbe7814790d7c12f9d540412c5de,5464,3640,2020:07:20 20:43:10,44.9445684716667,-93.425994555,284,true
The_Tree-637.jpg,The_Tree,18970510,9a33d6c85e3076b3219b86b6455b77147c3e5dde3920b28426d447a894913b06,5464,3640,2020:07:20 20:43:15,44.9445735833333,-93.42599425,284,true
The_Tree-638.jpg,The_Tree,18942482,ccf24419282acb21387ab2b69f02ea44eb0dfebc44cf5f451b39dac668d697a5,5464,3640,2020:07:20 20:43:19,44.944578305,-93.4259925283333,284,true
The_Tree-639.jpg,The_Tree,18747629,7f784ab678bff9adbb3fa059d5235870233a00307b95882084f4aecc6701949e,5464,3640,2020:07:20 20:43:26,44.94458325,-93.42599175,285,true
The_Tree-64.jpg,The_Tree,21215714,08a474e80a0419635b19a25a92b5d11f96eacccf4468964c74a540915a532cbc,5464,3640,2020:07:20 19:49:21,44.944620695,-93.425975,286,true
The_Tree-640.jpg,The_Tree,19561575,aaa08c9be2e58c9fb8f853fe9479a3793eb8e2dcc6af6450251ea10f0a8df61d,5464,3640,2020:07:20 20:43:33,44.944588,-93.425991805,285,true
The_Tree-641.jpg,The_Tree,19383659,047577a4eb461955a0fe5b63a48e4693bfbb060879b59efb3034240b0024b52f,5464,3640,2020:07:20 20:43:37,44.944594695,-93.4259879166667,285,true
The_Tree-642.jpg,The_Tree,19667667,c9bdd62a04efe15803605ada84d014c2d1eaf3768d7637f79948e06d2878e0b9,5464,3640,2020:07:20 20:43:41,44.94459425,-93.4259878616667,285,true
The_Tree-643.jpg,The_Tree,19887598,0fa1e7cd4b5784e58b0fb5c0afa19fa40bfc9706ea226d0f2dc50812772a4e11,5464,3640,2020:07:20 20:43:45,44.944597305,-93.4259870833333,285,true
The_Tree-644.jpg,The_Tree,19671861,8bf14f52664ece85ecf37014452f694d6b8f04e849e32ce0e8afd1de4f13055c,5464,3640,2020:07:20 20:43:51,44.9445990833333,-93.42598375,285,true
The_Tree-645.jpg,The_Tree,19726552,b6b9ac8f9bc7d412419cefa16e80dae34cd09f1e8468e62e30453efcda5950dd,5464,3640,2020:07:20 20:43:54,44.9446008333333,-93.4259784166667,285,true
The_Tree-646.jpg,The_Tree,19819636,1a26b55c174892e5884e46333c2b2a0b95671443f3cf33706ea0adaa06ae3b8f,5464,3640,2020:07:20 20:44:00,44.9446055,-93.4259703883333,284,true
The_Tree-647.jpg,The_Tree,19263113,f42ff059d790c91d1576445f4c0d2654ed2e6438b7bcb9b1b3bfa60fb1b952e0,5464,3640,2020:07:20 20:44:04,44.9446103616667,-93.42596475,284,true
The_Tree-648.jpg,The_Tree,19415839,8fc92df92c80f41ffbfe18c9c89de08e6aa2779d2e2e726d55b279964d874f9a,5464,3640,2020:07:20 20:44:09,44.944617305,-93.4259577783333,284,true
The_Tree-649.jpg,The_Tree,19625841,a43d27b44620d55fe481c7d337c893fa4563c9831f62db9e31ed78ef45a30765,5464,3640,2020:07:20 20:44:12,44.9446207216667,-93.42595125,284,true
The_Tree-65.jpg,The_Tree,21442027,2998a06e83217ad930895796f8241cd1fc6342480fcb96ca63ffb8bc9f3d2045,5464,3640,2020:07:20 19:49:29,44.944627055,-93.4259610283333,285,true
The_Tree-650.jpg,The_Tree,19683559,d1a5e2d04f297af8ed72cd783ae694a1f60d834207863ee8dc4ae57083a64233,5464,3640,2020:07:20 20:44:15,44.9446246116667,-93.4259448616667,284,true
The_Tree-651.jpg,The_Tree,20345642,b48a16b630694545d09c2e26ead507815accceb3a8d3033455f6de2ea46361de,5464,3640,2020:07:20 20:44:20,44.9446315,-93.4259522216667,284,true
The_Tree-652.jpg,The_Tree,19779950,0e98ff3967f2620e745b2580a1021bda7a90bc1373a06aada11cbd03a22638e1,5464,3640,2020:07:20 20:44:24,44.94463375,-93.425947555,284,true
The_Tree-653.jpg,The_Tree,19925034,d55fed27c3a465b44c1d03f102476d34cc3270c291f71e31d6384334af4e7fc2,5464,3640,2020:07:20 20:44:30,44.9446363616667,-93.425941,284,true
The_Tree-654.jpg,The_Tree,20107286,f41f4618e239c921c332c8bb0b2ce4fba78b4b29234e9ebe6c5eb6c4f2764281,5464,3640,2020:07:20 20:44:35,44.9446388883333,-93.425931805,284,true
The_Tree-655.jpg,The_Tree,20087394,eb1822212e076ec345b3f8afb35f6fa50f67f46626b9650c9391b4d279beaed3,5464,3640,2020:07:20 20:44:38,44.9446397216667,-93.4259234166667,284,true
The_Tree-656.jpg,The_Tree,19159139,3b8fdd79e8c61edd7631da591d7316d574725cfaf54c83f5b4bec62a61f8c855,5464,3640,2020:07:20 20:44:43,44.9446392216667,-93.425919305,284,true
The_Tree-657.jpg,The_Tree,19501303,307b5be8d5470e0381f90c3d318e81fa7df53d7b838a416642598ab24c49fee1,5464,3640,2020:07:20 20:44:47,44.9446387216667,-93.4259141666667,283,true
The_Tree-658.jpg,The_Tree,18223117,8facdd2fc4713248866d74cf1a00020ab1a93029c7107f331dae7f532de86f36,5464,3640,2020:07:20 20:44:52,44.9446390283333,-93.425902055,283,true
The_Tree-659.jpg,The_Tree,18819538,ac37b86bc138d9e6bce47720c344e9fc4cbaf7308fb71bb8c65f4c698993ca4e,5464,3640,2020:07:20 20:44:57,44.9446381383333,-93.4258971116667,283,true
The_Tree-66.jpg,The_Tree,20906801,7b2b365b2410a203a83680738275e829ed1d01a60da5fd705e78a121cd8c3bda,5464,3640,2020:07:20 19:49:45,44.94462225,-93.42594775,285,true
The_Tree-67.jpg,The_Tree,22121230,36c1e825500853f33d0da132aead30ae262c7e38a0e6d71d7d613dec26f4fc81,5464,3640,2020:07:20 19:50:12,44.9445965283333,-93.4259381383333,286,true
The_Tree-68.jpg,The_Tree,21203187,f579343cd49d22a8244c0a772ff2b2203084eae79152b70103e539a622e56555,5464,3640,2020:07:20 19:50:17,44.9445994716667,-93.4259322216667,285,true
The_Tree-69.jpg,The_Tree,22077313,4f1a416ccba3417e51c3581ddbc6746f990195339cc7581888ba09e60dfbf754,5464,3640,2020:07:20 19:50:25,44.9446006333333,-93.4259218833333,285,true
The_Tree-7.jpg,The_Tree,21380698,df08b3ddca5bebb7c8be47dd5bdbc1dbef7b8b1ec0bb9016c5c0af3f4624614f,5464,3640,2020:07:20 19:42:37,44.94463375,-93.4259367216667,286,true
The_Tree-70.jpg,The_Tree,22451268,8feea212f29b46a4482f80a7707e39aa7f1ca0e71b55b270fc5c5b7d5c552c7c,5464,3640,2020:07:20 19:50:33,44.9446028616667,-93.425906445,285,true
The_Tree-71.jpg,The_Tree,21733390,79e5d826a4df6ade9920572f2ef4f233b2b21e6f65c2f82ca81bd559fd7c26c5,5464,3640,2020:07:20 19:50:38,44.9446003616667,-93.425899445,285,true
The_Tree-72.jpg,The_Tree,22444803,fabcbf67d4cbd66d7448ee7c9d55bb14021ef705a650d895c827b3880499648c,5464,3640,2020:07:20 19:50:44,44.944597695,-93.4258905,285,true
The_Tree-73.jpg,The_Tree,21316963,8ba2ac2531359580054d19ecc85afd34aa06eb1e258a56b0d1a9bae55c8682ee,5464,3640,2020:07:20 19:50:49,44.9445978883333,-93.425880055,286,true
The_Tree-74.jpg,The_Tree,21607204,37074cecf3fe22ce7707d0b0eff102407b487e4470c9c1602d18d72792077ce8,5464,3640,2020:07:20 19:50:56,44.9445978616667,-93.425871,286,true
The_Tree-75.jpg,The_Tree,21793628,e81a383147a8251ec4a07a1b517ea52c2d76066b23416fb522cdc1b230a63a63,5464,3640,2020:07:20 19:51:02,44.9445946666667,-93.4258598616667,286,true
The_Tree-76.jpg,The_Tree,21739129,2cb2b06aa2bd95381c51aa7aed724102758c9149e3d113cd684e320b2ebad351,5464,3640,2020:07:20 19:51:07,44.9445891383333,-93.425848945,286,true
The_Tree-77.jpg,The_Tree,21327818,d0f2b96fbedbdc85ea4fba9253697226878ee0272bf8f65b4fb28fa0f6d01765,5464,3640,2020:07:20 19:51:10,44.9445831383333,-93.4258433616667,286,true
The_Tree-78.jpg,The_Tree,21577606,bc29598a0a46942c19662c6982bbcc95dd5b142809fa38b702f0e9773d13038f,5464,3640,2020:07:20 19:51:18,44.94458025,-93.425839195,286,true
The_Tree-79.jpg,The_Tree,21117821,44f94d9de8387703723b617ff34177530f03475e41c02292592fa3a42f3bff98,5464,3640,2020:07:20 19:51:24,44.9445785,-93.4258370833333,286,true
The_Tree-8.jpg,The_Tree,21298148,2992638e046fcf87d39d055b86ef3595bfbb940b06ff073f615a44e2a8954213,5464,3640,2020:07:20 19:42:42,44.9446321666667,-93.4259272216667,286,true
The_Tree-80.jpg,The_Tree,21351592,096a49e9412f72526e6990208ff0bec6875c2f9d6ed4738e4e6b8e9c3201144c,5464,3640,2020:07:20 19:51:30,44.9445772216667,-93.4258433333333,286,true
The_Tree-81.jpg,The_Tree,20909701,36889c910cf1554ace20675925fa426890263c11739fe43c1dc9bb26ec797be4,5464,3640,2020:07:20 19:51:35,44.944571,-93.4258419716667,286,true
The_Tree-82.jpg,The_Tree,21364369,c184434141b490bf1d123b5ab4b9b7567645cf076336650f63e733c1beecf454,5464,3640,2020:07:20 19:51:43,44.9445652216667,-93.4258358333333,286,true
The_Tree-83.jpg,The_Tree,21105936,369593f6a99a56ab9ea4aa26ab2b6996f5c4a046ad5ef8d6f0cd67b1a2340be8,5464,3640,2020:07:20 19:51:49,44.94455675,-93.4258332783333,285,true
The_Tree-84.jpg,The_Tree,21401723,adec11776c9318ed0fb7c0db1b226a7fa08b02ab12957314b0c67a94f50173f0,5464,3640,2020:07:20 19:52:01,44.9445503616667,-93.4258355283333,286,true
The_Tree-85.jpg,The_Tree,21490731,984a3cadc28d14c242b127eef5d04da3920b57926429555c45ffc11e92ce2d88,5464,3640,2020:07:20 19:52:08,44.944542195,-93.4258366116667,286,true
The_Tree-86.jpg,The_Tree,21778806,e1b549646f44e5cf2d9572279bd1a98b92894b790a39b69434aee2d4d7f2da4d,5464,3640,2020:07:20 19:52:14,44.9445311383333,-93.4258431666667,285,true
The_Tree-87.jpg,The_Tree,21452475,986e2711e846869f8c03495d736dcaca19a6b023b2cc5704ebef84f32bb56c71,5464,3640,2020:07:20 19:52:18,44.944525195,-93.4258468883333,285,true
The_Tree-88.jpg,The_Tree,21396250,2631828bd953828d150bccd839ec473577531c774f5901c141fe123db68698a9,5464,3640,2020:07:20 19:52:23,44.9445210283333,-93.4258515833333,286,true
The_Tree-89.jpg,The_Tree,21127363,51c1d4a3b535141a7b00adb95f597be7e89ccf2505f237ac6712f63d350bacd0,5464,3640,2020:07:20 19:52:29,44.94451925,-93.425856555,286,true
The_Tree-9.jpg,The_Tree,21812775,9c1b6ce0f24a7d3b839ed9f1c46bc558ce71590cdb882d7556ddaff0af87b92d,5464,3640,2020:07:20 19:42:49,44.9446311666667,-93.4259149166667,286,true
The_Tree-90.jpg,The_Tree,20851858,2f9a9d5eb4fe89aa99d5989fd95c1fb52e99163d18172818d0237f8bc1af8972,5464,3640,2020:07:20 19:52:34,44.944517555,-93.4258613333333,287,true
The_Tree-91.jpg,The_Tree,21178315,cba036b67309def300053331bf899dfb5bc551cfaeaad15f541cf2c3c243e7da,5464,3640,2020:07:20 19:52:42,44.9445151666667,-93.4258653333333,288,true
The_Tree-92.jpg,The_Tree,21502864,454545be781b9b7e84772372fbeb560719b2e6d5d547ece5a83a7a19275e9ba7,5464,3640,2020:07:20 19:52:46,44.9445144716667,-93.4258635833333,288,true
The_Tree-93.jpg,The_Tree,21395276,9da42bcb2e24ea75837ecab9d091860d60bf7a37f25bc3f13e3ca25e0c24ebd6,5464,3640,2020:07:20 19:52:50,44.9445126383333,-93.4258709716667,289,true
The_Tree-94.jpg,The_Tree,21202375,7cc7315f532e2262b1397ee6933b4f9458db607fc70d3c08a56e4df5f523a739,5464,3640,2020:07:20 19:52:55,44.9445099716667,-93.4258758883333,288,true
The_Tree-95.jpg,The_Tree,19964749,a2ca3bf56d0a8cd38280137584bab4fff70c0ce348bb6ebf37f11c75aa88fb22,5464,3640,2020:07:20 19:53:01,44.944508555,-93.4258872216667,288,true
The_Tree-96.jpg,The_Tree,21417675,2a2f4ccd1e2c61c973fc2f9b2772e7b5f2a22540723e17c2ea282ed61e52a40f,5464,3640,2020:07:20 19:53:07,44.9445062783333,-93.4258849716667,287,true
The_Tree-97.jpg,The_Tree,22414133,1470b7e9fe861e445b58fd744a0d47095a63302df94abe3dd1fe5f0225bf9d14,5464,3640,2020:07:20 19:53:17,44.9445073333333,-93.4258987216667,286,true
The_Tree-98.jpg,The_Tree,22424000,fd1adc37c56ec4219bb3b9118f3630234544492e95f47b505bb8a4480735d1e3,5464,3640,2020:07:20 19:53:27,44.9445085,-93.425908,287,true
The_Tree-99.jpg,The_Tree,22664114,feccdff46a79098cafea72aa1e014900e18d03ba439d3076d14296fb29aaa354,5464,3640,2020:07:20 19:53:39,44.9445064716667,-93.425924805,287,true
