filename,width,height,focal_35mm,principal_u,principal_v,distortion_model,distortion_coeffs,R0,R1,R2,R3,R4,R5,R6,R7,R8,X,Y,Z
Original_low-1.jpg,5464,3640,26.4103114930183,-7.66342013627341e-17,-3.8317100681367e-17,perspective,0 0 0 0 0 0,-0.688909067004452,-0.724674879220753,-0.0158308820171804,-0.486343706301928,0.478314458399699,-0.731221634134485,0.537470089158047,-0.496045963910795,-0.681956233894999,-8.8326856414471,9.07605228117037,22.7486506724561
Original_low-10.jpg,5464,3640,26.4988073912834,0,0,perspective,0 0 0 0 0 0,0.93185644157544,0.362520604301688,-0.0149125367089944,0.250179518323749,-0.671765906574021,-0.697237961800762,-0.262780860995725,0.64599487476413,-0.716684617438397,2.88998699156745,-8.4423556065886,22.5875624936586
Original_low-11.jpg,5464,3640,26.4972495203212,0,0,perspective,0 0 0 0 0 0,0.982726135967327,0.184514431511204,-0.0142746716538333,0.12232355936127,-0.705502001969632,-0.698071537911431,-0.138875082401118,0.68426701643506,-0.715885718328802,1.29096277915872,-8.68988854804612,22.506706614269
Original_low-12.jpg,5464,3640,26.4723928025842,0,3.84466816779222e-17,perspective,0 0 0 0 0 0,0.776304100441499,0.630139626714347,-0.0166130816533077,0.443912058858291,-0.565211644649679,-0.695325737156764,-0.447542207660807,0.532409473616603,-0.71850269642179,5.18249273350475,-7.01637789159818,22.5013993252642
Original_low-13.jpg,5464,3640,26.3890528575262,0,-3.83688281206939e-17,perspective,0 0 0 0 0 0,0.27934930965659,0.960076802588275,-0.0147138141302889,0.682816855755207,-0.209403201740411,-0.699936740425474,-0.675074147550444,0.18548000494053,-0.714053263472902,9.49612698580866,-1.3904229208746,22.5720797711254
Original_low-14.jpg,5464,3640,26.3536977491961,0,0,perspective,0 0 0 0 0 0,0.161868098686439,0.986708659385138,-0.0143087428525845,0.70287797805009,-0.125459439632588,-0.700158894094258,-0.692648010608458,0.103276088720774,-0.713843668388733,9.67473653870719,-0.493605485497886,22.5139867327933
Original_low-15.jpg,5464,3640,26.381974248927,0,3.83494139725472e-17,perspective,0 0 0 0 0 0,0.340946607811713,0.939977519469241,-0.0140596413232963,0.667557414110079,-0.25261109892574,-0.700396124750983,-0.661908233434478,0.229412065053222,-0.713615859492812,9.16176776953023,-2.33797901061342,22.5758851746505
Original_low-16.jpg,5464,3640,26.4316044074174,0,0,perspective,0 0 0 0 0 0,0.60363463957715,0.797061849566909,-0.0178221734797752,0.562413882203661,-0.44156127209794,-0.699081016826988,-0.565080389862514,0.411966079851519,-0.714820328505424,8.08468034982856,-4.45848271233891,22.607288421501
Original_low-17.jpg,5464,3640,26.4037747066889,-7.67894884982209e-17,3.83947442491104e-17,perspective,0 0 0 0 0 0,0.458692637311403,0.888443870160445,-0.0163876188215468,0.629636377267213,-0.337976396957631,-0.699521255946778,-0.627024000256872,0.310547008798778,-0.714423864682586,8.75589907272042,-3.28353216826049,22.5528245206604
Original_low-18.jpg,5464,3640,26.2692307692308,-7.63896104294413e-17,-3.81948052147207e-17,perspective,0 0 0 0 0 0,-0.433861622612341,0.900868642070618,-0.0141344316485466,0.577322300075547,0.265928041827041,-0.771998211400464,-0.691710238654646,-0.34310051924163,-0.635467528231346,9.92796295390802,5.80862992139085,22.4582114276004
Original_low-19.jpg,5464,3640,26.3184372491303,0,0,perspective,0 0 0 0 0 0,-0.103417372191917,0.994546834866583,-0.0134699809124079,0.681689787265699,0.0610103959149013,-0.729093111699701,-0.724295437695534,-0.0845832421178631,-0.684281955107882,,,
Original_low-2.jpg,5464,3640,26.381974248927,0,0,perspective,0 0 0 0 0 0,-0.731614440337869,-0.681529399820691,-0.0160620007831014,-0.456724696422555,0.507508487715615,-0.730641968801639,0.506105584208307,-0.527212302660569,-0.682571846442929,-7.99310475742361,9.79342217101187,22.7558691926196
Original_low-20.jpg,5464,3640,26.2833702016444,0,-3.82140630997029e-17,perspective,0 0 0 0 0 0,-0.433079387589771,0.901252101496621,-0.013670903144785,0.577133095352353,0.265616172282735,-0.772247006644169,-0.692358024647566,-0.342334191353703,-0.635175304255704,,,
Original_low-21.jpg,5464,3640,25.9025546484066,7.59177547389756e-17,0,perspective,0 0 0 0 0 0,-0.747945395397489,0.663623899235586,-0.0134538420925452,0.428849448550691,0.467670793014831,-0.772898557275563,-0.506621985292251,-0.583855589785896,-0.634386959429576,8.37460580722344,9.48718031280556,22.3897970097136
Original_low-23.jpg,5464,3640,26.2287462950945,-7.63255036734582e-17,0,perspective,0 0 0 0 0 0,-0.997647067554178,0.0674760403352561,-0.0121372394400048,0.0497043188848621,0.589922245058316,-0.805928796773976,-0.0472208564592073,-0.804635773978532,-0.591888048493318,,,
Original_low-26.jpg,5464,3640,26.3184372491303,0,-3.83623545542824e-17,perspective,0 0 0 0 0 0,-0.0327908925414349,-0.999462233411771,3.67408675767677e-05,0.15872549433205,-0.00524384517582171,-0.987308826830196,0.986778077794284,-0.0323689059334308,0.158812087428162,-18.5014745812639,0.236199354191772,6.89053926126157
Original_low-28.jpg,5464,3640,26.1504918904547,0,3.81755667298912e-17,perspective,0 0 0 0 0 0,0.0178246895566616,0.999825041077314,0.00567165557452398,-0.205227684273204,0.00921041557301772,-0.978670918058175,-0.978551929153516,0.0162805245529652,0.205355950656935,18.7850906579506,-0.141634386013594,6.89080873453102
Original_low-29.jpg,5464,3640,26.4415331677239,0,-3.832355898251e-17,perspective,0 0 0 0 0 0,0.999345083317748,-0.0313824017805242,-0.0180152520695298,-0.0300126973603605,-0.440717185858663,-0.897144135624804,0.020214906524601,0.897097267272232,-0.441370423348569,0.531731136384302,-11.8513309079856,15.311948868576
Original_low-3.jpg,5464,3640,26.3961352657005,0,0,perspective,0 0 0 0 0 0,0.368182618775134,-0.929582310119282,-0.0178406262553885,-0.649176004367325,-0.243289835761595,-0.720680630493682,0.66559152232098,0.276923788303562,-0.693037618665859,-9.64804823359238,-3.0184364200138,22.6019505357859
Original_low-30.jpg,5464,3640,26.5171205176597,0,0,perspective,0 0 0 0 0 0,-0.110769668309469,-0.993696056737602,-0.0172692619052111,-0.418765435436651,0.0624250555941253,-0.905946258073636,0.90131325889846,-0.0931195965316163,-0.423040364593766,-11.6839332269053,1.77475487442851,15.4582941467256
Original_low-31.jpg,5464,3640,26.2277072819523,7.63383164153876e-17,0,perspective,0 0 0 0 0 0,-0.234311587337286,-0.972058525493351,-0.0141528461863114,-0.407483265057186,0.111419269959527,-0.906390167080392,0.882641189123766,-0.206610670821664,-0.422204407798883,-11.5218949176113,3.2874401032522,15.4922406657092
Original_low-32.jpg,5464,3640,26.8062142273099,-7.70627606992822e-17,3.85313803496411e-17,perspective,0 0 0 0 0 0,-0.984393788706269,0.175775711616991,-0.00847159737340064,0.0839306431065682,0.426634307035956,-0.900521412964549,-0.154675518115293,-0.887178712134985,-0.434729130413727,,,
Original_low-33.jpg,5464,3640,26.3184372491303,0,0,perspective,0 0 0 0 0 0,-0.999405894285202,0.0335198687677707,-0.00801728543752667,0.0217624200189649,0.433362771561914,-0.900956772158961,-0.0267255597305931,-0.900595984124939,-0.433834781725853,0.668446971307312,13.7905853456903,15.5738378347865
Original_low-34.jpg,5464,3640,26.3418870155585,0,0,perspective,0 0 0 0 0 0,-0.733018713275117,0.680123810769302,-0.0107316360884404,0.316816983664629,0.327410439537569,-0.890185038597853,-0.601922391052317,-0.655922256145085,-0.455472753349093,8.78478509933471,11.1158506925466,15.6701733081654
Original_low-35.jpg,5464,3640,26.1922769640479,0,3.81691582076938e-17,perspective,0 0 0 0 0 0,-0.994693158294595,0.102456129629763,-0.00939480405395266,0.0528862140750439,0.430837861808616,-0.900878340950091,-0.0882528707903125,-0.896594377817232,-0.433969990280202,,,
Original_low-36.jpg,5464,3640,26.3217101985753,0,0,perspective,0 0 0 0 0 0,-0.938212159317254,0.345816623165568,-0.012992584485751,0.168096068986825,0.422589953108448,-0.890596116723499,-0.302492406021098,-0.837752108128749,-0.454609447356084,,,
Original_low-37.jpg,5464,3640,26.2973262032086,0,0,perspective,0 0 0 0 0 0,-0.983839804248849,0.178647486816084,-0.0120131190738864,0.0882141406150252,0.425236825207122,-0.900772950239582,-0.155812403136396,-0.887276010011577,-0.434124149393692,2.69912820316541,14.2040961426233,15.6410007482693
Original_low-38.jpg,5464,3640,26.3276182996269,0,-3.82783965392647e-17,perspective,0 0 0 0 0 0,-0.96446437266647,-0.264065352166153,-0.00882970228478897,-0.10728557397387,0.421948761520305,-0.900249436694396,0.241450366481746,-0.867311208527162,-0.435284950450833,-3.12618525123759,12.2005189020715,15.5669587735937
Original_low-39.jpg,5464,3640,26.2411953041622,0,0,perspective,0 0 0 0 0 0,0.958181860347581,-0.286006611471489,-0.00936700034404759,-0.0599253332819961,-0.168539605842127,-0.983871615452759,0.279815076312715,0.943289255455174,-0.178630634581341,-4.70593562315067,-20.0036315807861,14.0144315161396
Original_low-4.jpg,5464,3640,26.3922048066876,0,3.82783965392647e-17,perspective,0 0 0 0 0 0,0.291475855920035,-0.956424017047355,-0.017173381457475,-0.666769593449078,-0.190263572946557,-0.720567888586053,0.68590096564113,0.221478830646659,-0.6931716907866,-9.94734204032225,-2.59601094437445,22.6232925469493
Original_low-40.jpg,5464,3640,26.2832709780866,0,3.81948052147207e-17,perspective,0 0 0 0 0 0,-0.793809613908341,-0.607972378415812,-0.0153585139291401,-0.254633198707521,0.355187909763752,-0.899446208993975,0.552293609398721,-0.710078260363657,-0.436761528956312,-7.2609699159105,10.5870174691533,15.5917599950792
Original_low-41.jpg,5464,3640,26.2999787380873,0,0,perspective,0 0 0 0 0 0,-0.931390551045639,-0.363883750794733,-0.0100128582561556,-0.150392638341066,0.409700151590871,-0.899737650717825,0.331502180619848,-0.836501286128105,-0.436316287285166,-4.37050689548618,12.0304115012731,15.6334937357767
Original_low-42.jpg,5464,3640,26.2574470609685,0,0,perspective,0 0 0 0 0 0,0.995603577593018,-0.0935840031427304,0.0039434299492882,0.0203668566269795,0.175197765048349,-0.984322576330138,0.0914259669630001,0.980075393772257,0.176333533643024,-1.2909034468094,-19.1600958954424,6.23168573525967
Original_low-43.jpg,5464,3640,26.2202079445481,0,0,perspective,0 0 0 0 0 0,0.979606044147796,-0.200915528183579,0.00222459070842262,0.0460894282998152,0.213914805093328,-0.975764428927843,0.195570352732981,0.95596726235609,0.218812317832658,-3.10934132119044,-18.3808432741869,6.26972735073731
Original_low-44.jpg,5464,3640,26.2622162883845,0,3.83364821182317e-17,perspective,0 0 0 0 0 0,0.998722637654461,0.0504479213950582,0.00284609617456955,-0.00608322512076435,0.17596538364332,-0.984377558730079,-0.0501606161111182,0.983102838459018,0.176047498150856,0.621899318508102,-19.4883040939085,6.23182891231563
Original_low-45.jpg,5464,3640,26.4671689989236,0,-3.84012287524459e-17,perspective,0 0 0 0 0 0,0.93505357054234,0.354178546277531,-0.0152439356058558,0.0635475658850215,-0.209763288332177,-0.9756849233939,-0.348764285852364,0.911348956341536,-0.218647096228337,10.0947597932213,-18.4118182329127,14.9102275268981
Original_low-46.jpg,5464,3640,26.371300750257,7.66858939100277e-17,0,perspective,0 0 0 0 0 0,-0.820981749866198,-0.57095354366661,0.00100864323567329,0.0841827858027952,-0.122794461600357,-0.988855287074281,0.564714286131595,-0.811747233549224,0.148876471828372,-11.2503207234096,16.1568858617154,6.88573896975954
Original_low-47.jpg,5464,3640,26.3124212553198,0,-3.83753038722755e-17,perspective,0 0 0 0 0 0,-0.931484436572519,-0.363758971678475,0.0040193216586264,0.0499666124490615,-0.138878839962214,-0.989048029901033,0.360333293026807,-0.921082014987899,0.147539281556775,-6.71410435724851,18.1989560216021,6.89694163257773
Original_low-48.jpg,5464,3640,26.3466380926868,0,0,perspective,0 0 0 0 0 0,-0.687232288990268,-0.726436848855809,0.00113384021771701,0.0684384436067317,-0.0662986597599482,-0.995449982244574,0.723206720382136,-0.684027771613462,0.0952787870180864,-10.5724141471463,10.3667412734147,6.81413235202676
Original_low-49.jpg,5464,3640,26.3492369597929,0,3.83041906070135e-17,perspective,0 0 0 0 0 0,-0.714730134906414,-0.699400324788868,0.000141215738779898,0.0664500862289367,-0.0681075664252776,-0.995462578621514,0.69623646866336,-0.711477719314422,0.0951537420300529,-10.5467327801656,11.0516794549447,6.80402130105217
Original_low-5.jpg,5464,3640,26.456330764395,0,0,perspective,0 0 0 0 0 0,0.820054078790436,-0.572089593117346,-0.0149935087954844,-0.418784560854822,-0.582032950631413,-0.697034529968871,0.390039484474078,0.577885059355337,-0.716880784178983,-5.38896870486098,-7.08516994338592,22.3766700737902
Original_low-50.jpg,5464,3640,26.2706310707738,-7.6608381214027e-17,-3.83041906070135e-17,perspective,0 0 0 0 0 0,0.910550028585285,-0.413398370874848,0.000657572321946631,0.06526628732977,0.142184267899875,-0.987686157491318,0.408214352003362,0.899380576241114,0.156446866055786,-7.93710706529105,-17.3416233074278,6.80475824974809
Original_low-51.jpg,5464,3640,26.3113964686998,-7.67247091085649e-17,-3.83623545542824e-17,perspective,0 0 0 0 0 0,0.933922238993051,-0.357461976793132,-0.00319165495513474,0.0456953403158486,0.128231368217126,-0.99069099727341,0.354543632558287,0.925082510564496,0.136092473194019,-6.6312301521154,-18.0127779365236,6.8158942394789
Original_low-52.jpg,5464,3640,26.2973262032086,0,0,perspective,0 0 0 0 0 0,0.978823148153029,-0.204691089653814,0.002608151860791,0.038275999995772,0.170488157203799,-0.984616034846872,0.20109747005897,0.96386479657138,0.174712510903755,-3.02532228058639,-18.8317354511998,6.74545203035982
Original_low-53.jpg,5464,3640,26.1514480430973,0,0,perspective,0 0 0 0 0 0,-0.964983195311619,0.261971813367877,-0.0133492234577126,0.168156638719624,0.578748940568788,-0.797980581621523,-0.201322571066176,-0.772282611995927,-0.60253530152851,,,
Original_low-54.jpg,5464,3640,26.3344071212674,0,0,perspective,0 0 0 0 0 0,0.961797014648953,-0.273763583814748,-5.28135219655113e-05,0.0442962077593017,0.155813551936799,-0.98679277612424,0.270156155936724,0.949092006714704,0.161987697680251,-4.46899034753059,-18.9933163319338,6.76546695843444
Original_low-55.jpg,5464,3640,26.5028294260307,0,0,perspective,0 0 0 0 0 0,0.741619797544165,0.670695419446157,-0.0129510703996107,0.135744424629465,-0.168950020525466,-0.976232217121756,-0.656942559949169,0.722235103618197,-0.216339843831515,15.6809763853297,-14.6825420930658,14.8318493501778
Original_low-56.jpg,5464,3640,26.4814216478191,0,0,perspective,0 0 0 0 0 0,0.580741916583081,0.814073130218211,0.00487493385943249,-0.226005573181053,0.166974466637367,-0.959708814371458,-0.782087148094452,0.556241373998636,0.280954136181683,8.00362264707163,-5.10666285622584,5.29343964416412
Original_low-57.jpg,5464,3640,26.5612718109436,0,0,perspective,0 0 0 0 0 0,0.344671642552337,0.938712003309666,0.00460799985108285,-0.276782444917018,0.106315731006003,-0.955033215928335,-0.896991046224004,0.3278974537611,0.296463020983993,9.31827013214998,-2.28815539045445,5.29346205410915
Original_low-58.jpg,5464,3640,26.5099730458221,7.68803636325383e-17,0,perspective,0 0 0 0 0 0,0.467011378797087,0.88423454739418,0.0054440121835082,-0.259278894753274,0.142819831226673,-0.955184249526711,-0.845384425459545,0.444670395914767,0.29596184245176,8.84341896124598,-3.18654150563919,5.27908742915893
Original_low-59.jpg,5464,3640,26.5171205176597,0,3.84466816779222e-17,perspective,0 0 0 0 0 0,0.591392077909763,0.806290004526204,-0.0123222882090559,0.167347189420387,-0.137664246593091,-0.976239454951014,-0.788828453073715,0.575278179501961,-0.216343910961781,18.1389255703323,-11.7313949478052,14.8236361725971
Original_low-6.jpg,5464,3640,26.4387096774194,-7.66988279450943e-17,-3.83494139725472e-17,perspective,0 0 0 0 0 0,0.746224627356753,-0.665520445656149,-0.0152099289911618,-0.485156102717221,-0.528059606862992,-0.696976762593948,0.455820536530017,0.527480414814942,-0.716932389046655,-6.82769958436166,-6.04249773802688,22.4217634246839
Original_low-60.jpg,5464,3640,26.5044722341652,7.6867368304e-17,0,perspective,0 0 0 0 0 0,0.514392977905742,0.857535012345123,0.00579369342587999,-0.250919367328789,0.156967674937379,-0.955196639506271,-0.820023984637391,0.489892693992269,0.295915212505902,8.20419658754555,-4.17018953677087,5.27428351880115
Original_low-61.jpg,5464,3640,26.6103896103896,0,-3.86427048679864e-17,perspective,0 0 0 0 0 0,-0.999662244663171,-0.0254003267840268,0.00549727152826751,0.00219617757086095,-0.293337291506298,-0.95600649067662,0.0258954320116135,-0.95567152139792,0.293293998898576,0.190324731263583,10.9724720812992,5.33466174627716
Original_low-62.jpg,5464,3640,26.5242718446602,0,-3.85444440486917e-17,perspective,0 0 0 0 0 0,-0.990181308506707,0.139625455625957,0.00676080063227591,-0.0475245917607398,-0.290758127882931,-0.955615573464554,-0.131462502113418,-0.946553983252544,0.294538906304112,2.21079481817378,10.9165324565956,5.34927759814315
Original_low-63.jpg,5464,3640,26.4984263067192,0,-3.85248518202698e-17,perspective,0 0 0 0 0 0,-0.955050671015808,0.296380914458156,0.00604725865176104,-0.0930790029293761,-0.28044293408505,-0.955347088725057,-0.281450732821799,-0.912967750945627,0.295424052384631,,,
Original_low-64.jpg,5464,3640,26.1163892539041,-7.65954776632077e-17,0,perspective,0 0 0 0 0 0,-0.0597545393061001,-0.998213032975011,-0.000368552770540376,0.275113706377747,-0.0161138064503291,-0.961276647903599,0.959552939443893,-0.0575420371598909,0.275584960337234,-9.57790845066878,1.2198965962151,5.53341157157569
Original_low-65.jpg,5464,3640,26.0635536743807,0,0,perspective,0 0 0 0 0 0,-0.200092466800683,-0.979776814684803,0.000630979967487732,0.269055922749798,-0.0555664948567656,-0.961520293640539,0.942110351903041,-0.192223198536064,0.274733191991235,-9.21370153832885,2.67478245528674,5.53539643346672
Original_low-66.jpg,5464,3640,26.3986463010809,0,3.84012287524459e-17,perspective,0 0 0 0 0 0,0.289256410670795,0.957176598970371,-0.011986962474337,0.204668310457894,-0.0740732601317808,-0.976024607695811,-0.935115827895218,0.279868023391317,-0.217329882673502,20.2043165725572,-5.06957288112827,14.7738051951393
Original_low-67.jpg,5464,3640,26.3890528575262,0,0,perspective,0 0 0 0 0 0,-0.326916924632581,-0.945042108703677,-0.0045538078223526,0.259099742620691,-0.0849939440307428,-0.962103608169095,0.908841376568358,-0.315707843195266,0.272646125925762,-8.77627832043124,3.8359287465347,5.54919989004503
Original_low-68.jpg,5464,3640,26.3961352657005,0,0,perspective,0 0 0 0 0 0,-0.445538749132549,-0.895262642349113,-0.000155677513439478,0.265147658296973,-0.131787984508126,-0.955158963963024,0.855097621515249,-0.425601607554965,0.296093446948078,-8.18509844547484,5.25023151327818,5.36823129287414
Original_low-69.jpg,5464,3640,26.2432979682847,0,-3.82076416473252e-17,perspective,0 0 0 0 0 0,0.798267899802214,-0.602302277838328,0.000571188343839068,0.166241923207339,0.219418847261259,-0.961363090842823,0.578905849956353,0.767520250923259,0.275282911400273,-6.27613243285761,-8.30076282802324,5.42575386301386
Original_low-7.jpg,5464,3640,26.6481874689616,0,-3.86624171813011e-17,perspective,0 0 0 0 0 0,0.954330970073536,-0.298353268666508,-0.0154183862487223,-0.223853565793376,-0.679946991270633,-0.698256163698971,0.197843323466057,0.669818942803221,-0.715681914834992,-3.07643832003925,-8.41632748580365,22.4304640380887
Original_low-70.jpg,5464,3640,26.2902967121091,0,3.8239770508448e-17,perspective,0 0 0 0 0 0,0.718324399687628,-0.695705010328659,-0.00214369237759726,0.188765111158461,0.197866282220175,-0.961881836386206,0.669610177358994,0.690538538362608,0.273457012002418,-7.22818052882181,-6.69921465826876,5.41775533985125
Original_low-71.jpg,5464,3640,26.2762489981298,0,0,perspective,0 0 0 0 0 0,0.72738101911526,-0.686233593050889,0.000555697141614964,0.188547165075151,0.199073945386614,-0.961675377042758,0.659823324514199,0.699609190932105,0.274190007823691,-6.77039615701027,-7.6057562932128,5.43642736315555
Original_low-72.jpg,5464,3640,26.2944960428225,7.64924055317854e-17,0,perspective,0 0 0 0 0 0,0.85887978619276,0.512175345635214,0.00138859386755907,-0.118982681649029,0.202160588482681,-0.972097843805829,-0.498165268095926,0.834749969624309,0.234571639110803,6.4987491564037,-9.85996065927555,5.56250734725203
Original_low-73.jpg,5464,3640,26.2977077264128,0,0,perspective,0 0 0 0 0 0,0.723550477520278,0.690271386473499,0.000345682123800373,-0.161783047660502,0.170069667951988,-0.972060982414365,-0.671044672111967,0.703279262497234,0.234728198074899,7.99869606455971,-8.37423696732876,5.56673879687125
Original_low-74.jpg,5464,3640,26.2927785123611,0,3.82333404141974e-17,perspective,0 0 0 0 0 0,0.933463050280719,0.358667436380502,0.00209853302458463,-0.0823439992992946,0.21999459027696,-0.972019467926579,-0.349093396586092,0.90717145586108,0.234890932415183,4.63770610280782,-10.8271995385396,5.5385518091478
Original_low-75.jpg,5464,3640,26.3184372491303,0,0,perspective,0 0 0 0 0 0,0.652387565529497,0.757885181191832,-0.000718660086739931,-0.178539126728646,0.152764786156155,-0.972001389061578,-0.736555662913177,0.634249928845473,0.23497400534962,8.8861346391659,-7.11664586613991,5.55867695298823
Original_low-76.jpg,5464,3640,26.2572462425604,0,0,perspective,0 0 0 0 0 0,-0.796714324292973,0.604280177105206,-0.0095787798853415,0.412101672965863,0.531606423161167,-0.739977582087813,-0.442061643444811,-0.593498170520761,-0.672563324143817,6.81902521570239,10.5418285561078,22.8506587240135
Original_low-77.jpg,5464,3640,26.2062350119904,0,3.81563476159141e-17,perspective,0 0 0 0 0 0,-0.686056703245962,0.72746802251274,-0.0107924118104528,0.494364311428315,0.455236502436732,-0.740515802961138,-0.533788467014126,-0.51337121371438,-0.671952282094595,9.00214649138069,8.22787978541384,22.9338079477192
Original_low-78.jpg,5464,3640,26.278090809396,0,0,perspective,0 0 0 0 0 0,-0.613151443501252,0.789888763908211,-0.0110021808697169,0.536028897906271,0.405781437774826,-0.740279977688701,-0.580274355750553,-0.459801223801061,-0.672208677903913,9.43293060893681,7.55822687206811,22.9050223750273
Original_low-79.jpg,5464,3640,26.2552055525894,0,0,perspective,0 0 0 0 0 0,-0.716107474657987,0.697921086722558,-0.00981027252241163,0.474652923221303,0.476620241894259,-0.739957936300524,-0.511756472569162,-0.534545883647664,-0.672581601784428,8.25199182646322,9.29792391584581,22.8591138500537
Original_low-8.jpg,5464,3640,26.4671689989236,7.68154308929838e-17,3.84077154464919e-17,perspective,0 0 0 0 0 0,0.868077076588319,-0.49622307353334,-0.0143125956766426,-0.364158960068849,-0.616924299153472,-0.697705282275813,0.33738767153447,0.610874021715707,-0.716241920505513,-4.53180144064821,-7.88532043361736,22.4359016325119
Original_low-80.jpg,5464,3640,26.2692307692308,-7.64281261994057e-17,-3.82140630997029e-17,perspective,0 0 0 0 0 0,-0.554804227299974,0.831912048386341,-0.0107057517121376,0.563930052134707,0.366563290034018,-0.740009628787885,-0.611698590540656,-0.41659776541537,-0.672511067701859,,,
Original_low-81.jpg,5464,3640,26.2453101659152,0,3.81563476159141e-17,perspective,0 0 0 0 0 0,-0.878331892611665,0.477930185249593,-0.0107621767547599,0.328056040695238,0.586215015241347,-0.740763923304147,-0.347724489480644,-0.654167175829602,-0.671679228116031,,,
Original_low-82.jpg,5464,3640,26.4245029554003,0,0,perspective,0 0 0 0 0 0,-0.561535040248017,-0.827287110400605,-0.0165660960601599,-0.557025314888931,0.392743540368249,-0.731761785058431,0.611883319879326,-0.401682148550356,-0.681359122922284,-9.82955898281541,7.4179414998182,22.7472183897602
Original_low-83.jpg,5464,3640,26.2762489981298,0,3.82462027658927e-17,perspective,0 0 0 0 0 0,-0.469341233838218,0.88294896223598,-0.0109515435270708,0.195606297050287,0.0918663973508371,-0.976370186759127,-0.861078964307859,-0.460392979012695,-0.215827065268288,18.0514882803556,9.76641651783091,14.7303967042818
Original_low-84.jpg,5464,3640,26.419668142057,0,3.83558831719352e-17,perspective,0 0 0 0 0 0,-0.407219050510029,-0.9131780746407,-0.0166867881036197,-0.623102144265835,0.291129039501394,-0.725939116021664,0.667769692868005,-0.285218664106157,-0.687556507446821,-10.8634598408555,5.75734147233514,22.7470246735297
Original_low-85.jpg,5464,3640,26.2313643418894,-7.64538249640995e-17,0,perspective,0 0 0 0 0 0,-0.521889019013184,0.852947021558034,-0.0106409702910266,0.194069702184376,0.106578688257002,-0.975180974949514,-0.830643607407849,-0.511001332312054,-0.221153421514977,17.1275264701104,11.3114822947467,14.7496320986813
Original_low-9.jpg,5464,3640,26.4742934051144,0,0,perspective,0 0 0 0 0 0,0.967497477897495,-0.252486580450988,-0.0141122979756219,-0.190341435394625,-0.690352245357342,-0.697985612532228,0.166489543917628,0.677985474787066,-0.715972714385023,-2.13689562863449,-8.72834361646187,22.5172065438082
Original_mid-1.jpg,5464,3640,26.4885537301374,0,0,perspective,0 0 0 0 0 0,0.959135123025576,0.282589778919743,-0.0142419320601057,0.193027140912672,-0.690294191319769,-0.697305135719841,-0.206882427116933,0.666060767708381,-0.716632901191349,1.98876757813121,-8.61119599626513,22.5779693851422
Original_mid-10.jpg,5464,3640,26.3254817987152,0,0,perspective,0 0 0 0 0 0,0.0756406449188063,0.997045932218424,-0.0133379864657748,0.699643781318096,-0.0625996655085223,-0.711744238572493,-0.710476651339918,0.0445049539367838,-0.702312065235891,9.88517037402794,0.348468568643258,22.4596757426598
Original_mid-11.jpg,5464,3640,26.3542387428015,0,-3.8317100681367e-17,perspective,0 0 0 0 0 0,0.00495429925932989,0.999893239962683,-0.013746403012302,0.683375365307168,-0.0134211808534522,-0.729943821123101,-0.730050385254432,-0.00577759304784884,-0.683368900674028,10.0775864213191,1.71442643959693,22.4708829316328
Original_mid-12.jpg,5464,3640,26.3043594543996,0,-3.82333404141974e-17,perspective,0 0 0 0 0 0,-0.329748309817685,0.94398925982673,-0.0122608932856956,0.628597371905255,0.209850828395905,-0.748884486323064,-0.704365953326953,-0.254650558910314,-0.66258712381126,10.5013339147954,5.53639510504977,22.4389883593346
Original_mid-13.jpg,5464,3640,26.2570940081701,0,0,perspective,0 0 0 0 0 0,-0.514828144538098,0.85718347378891,-0.0137285780267184,0.549986740660621,0.317955646645614,-0.772281549607186,-0.65762190253136,-0.405142813128095,-0.635132060505284,9.75079750022132,6.92123478404043,22.4287635153588
Original_mid-14.jpg,5464,3640,26.3113964686998,0,0,perspective,0 0 0 0 0 0,-0.237083590410874,0.971405202286121,-0.0127790504087315,0.666713075992388,0.153124045875527,-0.729415314396042,-0.70660105113045,-0.181452361643957,-0.683951749025598,,,
Original_mid-15.jpg,5464,3640,26.3537670368501,0,0,perspective,0 0 0 0 0 0,-0.742053460967092,0.670280921489318,-0.00895250547007364,0.141577671630086,0.143655716095485,-0.979448211049924,-0.655219370869455,-0.728070409727332,-0.201497033518886,,,
Original_mid-16.jpg,5464,3640,26.2622162883845,0,3.81755667298912e-17,perspective,0 0 0 0 0 0,-0.620080515982304,0.784416099799984,-0.013839655837554,0.504623158534882,0.385273054021271,-0.77260607149789,-0.600712594815024,-0.486061782307254,-0.634734844018268,9.45772650188809,7.79100088115366,22.4177345724718
Original_mid-17.jpg,5464,3640,26.2692307692308,0,0,perspective,0 0 0 0 0 0,-0.695276159903202,0.718597882835845,-0.0144272053461059,0.463999788530717,0.433430405456832,-0.772555680756395,-0.548903687101578,-0.543833767257393,-0.634783093565767,,,
Original_mid-18.jpg,5464,3640,25.9025546484066,0,0,perspective,0 0 0 0 0 0,-0.803868260592606,0.594682233283603,-0.012200861799279,0.385105878801106,0.504719439499366,-0.772626526534181,-0.453309256164758,-0.625788565578081,-0.634743561973716,7.53831060188348,10.3513127182772,22.3973551581194
Original_mid-19.jpg,5464,3640,26.3549232208128,0,3.82526371876232e-17,perspective,0 0 0 0 0 0,-0.800892453511011,0.598743664959872,-0.00879213168315118,0.128086489472155,0.156951431417726,-0.9792650812679,-0.584948826072686,-0.785412166856579,-0.20239219112861,11.6847157952871,17.3587381898435,14.6139243016587
Original_mid-2.jpg,5464,3640,26.4885537301374,0,0,perspective,0 0 0 0 0 0,0.995834598916386,0.089945216553831,-0.0149435477757223,0.0540533088403154,-0.714367778681995,-0.697679666168053,-0.0734281376888611,0.69396580232749,-0.716253986931667,0.391465409588471,-8.73095345176088,22.5201764540165
Original_mid-20.jpg,5464,3640,26.2341957855428,7.63255036734582e-17,0,perspective,0 0 0 0 0 0,-0.986217247363344,0.164934744104741,-0.0131175908676759,0.10970417468375,0.592497518789438,-0.798067468504585,-0.123856913654529,-0.788506956478802,-0.602425302028817,,,
Original_mid-21.jpg,5464,3640,25.8957345971564,0,-3.79398757622613e-17,perspective,0 0 0 0 0 0,-0.850189181037666,0.526362787976033,-0.0109805227835373,0.329859281779915,0.516306566666602,-0.790329287981019,-0.41033061142223,-0.67555143745761,-0.612583908276096,,,
Original_mid-22.jpg,5464,3640,26.1574468085106,-7.62359347672195e-17,0,perspective,0 0 0 0 0 0,-0.938884294763482,0.344019148622108,-0.0121287438673505,0.215957434366261,0.56121344224303,-0.799000537413882,-0.26806467053385,-0.752788348493153,-0.601207979641429,4.31483544435488,12.3224573083806,22.3662128833163
Original_mid-24.jpg,5464,3640,26.3395822174612,0,-3.82848417988267e-17,perspective,0 0 0 0 0 0,-0.920750146506952,-0.390152471203921,0.000465747678088935,0.0291351973302361,-0.0699486685122626,-0.997125029296672,0.389063372709324,-0.918089447160153,0.0757724160180376,-3.71722695675051,11.6500371382997,3.83426904585635
Original_mid-25.jpg,5464,3640,26.3067989594363,0,3.83429469550138e-17,perspective,0 0 0 0 0 0,0.995000250811957,-0.0997538218635299,0.00486578953119832,0.0200497172816229,0.151784163848401,-0.98821028958505,0.0978392033955192,0.983367043696534,0.153025317024567,-1.00734305574626,-19.4030728332296,6.7365261036909
Original_mid-26.jpg,5464,3640,26.1551110575304,0,0,perspective,0 0 0 0 0 0,0.195663929322464,0.980650854564852,0.00628714588031176,-0.201906051312452,0.0465572751207212,-0.978297688117859,-0.95966117625207,0.190148156905504,0.207108921150038,18.8216648892343,-2.05390835747062,6.89991254268409
Original_mid-27.jpg,5464,3640,26.3043594543996,-7.65052743752463e-17,-3.82526371876232e-17,perspective,0 0 0 0 0 0,-0.460533281592039,-0.88763965598183,-0.00222208787542844,0.086741678501307,-0.0425124470795206,-0.995323351004128,0.883394010482777,-0.458572276715208,0.0965737504262262,-11.9485866423233,6.95927062640409,6.72320714220584
Original_mid-28.jpg,5464,3640,26.3043594543996,0,0,perspective,0 0 0 0 0 0,-0.366559185677124,-0.930391130082025,-0.00259006957742969,0.0916957858229494,-0.0333561028111636,-0.995228241795601,0.925865133946643,-0.36504755234071,0.0975399316793958,-12.1583515221393,6.06788694945736,6.8116896534484
Original_mid-29.jpg,5464,3640,26.3961352657005,0,3.8259073774732e-17,perspective,0 0 0 0 0 0,0.979134988043283,-0.202298392339687,-0.019236310619732,-0.106358806007063,-0.429508783319621,-0.896777569654845,0.173154496257627,0.880112245970976,-0.44206329288654,-1.51058722280095,-11.0010956900828,15.3849565700883
Original_mid-3.jpg,5464,3640,26.4961607576175,0,-3.84727031206822e-17,perspective,0 0 0 0 0 0,0.999227794220671,0.0361698729802722,-0.0153478189161866,0.0152390590742561,-0.716797679969139,-0.697114665653644,-0.0362158299010863,0.696342463360846,-0.716795359489112,-0.456829340907315,-8.62265746227976,22.5024453266764
Original_mid-30.jpg,5464,3640,26.2692307692308,7.65954776632077e-17,3.82977388316039e-17,perspective,0 0 0 0 0 0,0.996500064415668,0.0835653232938327,0.00211148345178014,-0.0162531518874401,0.218469317691401,-0.975708456600217,-0.0819966869653507,0.972259221591778,0.219062889044346,1.80918765955052,-17.7593357919086,6.3098908698885
Original_mid-31.jpg,5464,3640,26.3680821939183,-7.67247091085649e-17,0,perspective,0 0 0 0 0 0,0.991325681254532,0.130554814326942,-0.0151272648319516,0.0136637190276484,-0.216851852564023,-0.976108895985425,-0.130716091081289,0.96743512159504,-0.216754674775008,3.45228122697243,-21.1315144447306,14.9566583430701
Original_mid-32.jpg,5464,3640,26.3325301204819,0,0,perspective,0 0 0 0 0 0,-0.993276025312517,-0.115328891125859,-0.0100987331407989,-0.0411146752188172,0.432952354962728,-0.900478673714086,0.108223477217379,-0.894008671772208,-0.434782904189058,-0.791072916974307,12.8519879183148,15.5670936882094
Original_mid-33.jpg,5464,3640,26.3260209021907,0,0,perspective,0 0 0 0 0 0,-0.664404176602966,-0.747213044374394,-0.0154840701782515,-0.316422514682002,0.300004160516725,-0.899930161665322,0.677084841297494,-0.593017849638107,-0.435759047749719,-9.0393844916264,8.98095609844508,15.6326057573021
Original_mid-34.jpg,5464,3640,26.2341957855428,-7.63511334597824e-17,0,perspective,0 0 0 0 0 0,-0.39185345415174,-0.919964112959035,-0.0108120921586092,-0.382932421301714,0.173770955658432,-0.907285189830387,0.836548642450251,-0.351382534906121,-0.420376834492092,-10.8176113275395,5.63741331471334,15.5764858409289
Original_mid-35.jpg,5464,3640,26.4600484261501,0,3.82977388316039e-17,perspective,0 0 0 0 0 0,-0.54040709684037,-0.841264542231589,-0.0153016230654632,-0.358164420299097,0.246455609709446,-0.900543103063122,0.761366152200355,-0.481179386951083,-0.434497387629668,-10.136460214444,7.60458880513952,15.6126830005145
Original_mid-36.jpg,5464,3640,26.4885537301374,-7.66600389221956e-17,0,perspective,0 0 0 0 0 0,-0.883934955923884,0.467519171250007,-0.00920968020876423,0.220615581566429,0.399588959436427,-0.889751329679602,-0.412295717739037,-0.788514101338854,-0.456352663105884,6.45263229313277,12.3861306500721,15.6871576629732
Original_mid-37.jpg,5464,3640,26.3043594543996,0,0,perspective,0 0 0 0 0 0,-0.985330802404332,-0.170432005544605,-0.00872589933924139,-0.0663726156786768,0.42982758450589,-0.90046816905752,0.157219228217179,-0.886679862793712,-0.434834376740063,-2.16494807035114,12.5623208337376,15.5652424903526
Original_mid-38.jpg,5464,3640,26.2832709780866,0,0,perspective,0 0 0 0 0 0,-0.614247266440713,-0.789111513972781,0.00182049051008182,0.0739194963790892,-0.0598357607645779,-0.995467523221519,0.785643814794703,-0.611328635227658,0.095084678184851,-10.4340400717048,9.52815149207007,6.80748274986532
Original_mid-39.jpg,5464,3640,26.2622162883845,0,0,perspective,0 0 0 0 0 0,0.999005469811398,0.0445870781030742,-0.000252493838343249,-0.00809420464352724,0.175781889208551,-0.984395861062744,-0.04384695129763,0.983418893398181,0.175967965747747,1.5900353940399,-19.6232173139067,6.19925466737703
Original_mid-4.jpg,5464,3640,26.4814216478191,-7.68803636325383e-17,-3.84401818162692e-17,perspective,0 0 0 0 0 0,0.996933830520963,-0.0768543330473577,-0.0147088087432401,-0.0652929266866951,-0.713438569529618,-0.69766914883218,0.0431250656519529,0.696490358152486,-0.716269090295775,-1.12164290508106,-8.73859006738263,22.5135935389736
Original_mid-40.jpg,5464,3640,26.3325301204819,0,3.8388261935376e-17,perspective,0 0 0 0 0 0,0.998626591707838,0.0523823922470861,0.00100762912771391,-0.00825235148394129,0.176258395265496,-0.984309339990949,-0.0517380810329499,0.982949166071626,0.176448598436268,2.52867489372322,-19.7609894594373,6.23331351341552
Original_mid-41.jpg,5464,3640,26.2832709780866,-7.63383164153876e-17,0,perspective,0 0 0 0 0 0,-0.869627064280306,-0.493556331198532,-0.0122848282471555,-0.206072890818844,0.385479140486396,-0.899410804871408,0.448645442126387,-0.779620407752205,-0.436931673234504,-6.07328068909896,11.3284022127206,15.620615011721
Original_mid-42.jpg,5464,3640,26.2571759341848,0,0,perspective,0 0 0 0 0 0,0.98940770317158,-0.14513034377822,0.00309519297516747,0.0286121394403327,0.174067091989379,-0.984318034459904,0.142315643487934,0.973980405758338,0.176375811316173,-2.62130125819287,-18.7374689427788,6.23317488765352
Original_mid-43.jpg,5464,3640,26.2341957855428,-7.65567930785293e-17,0,perspective,0 0 0 0 0 0,0.9684492570322,-0.249205624780508,0.00161032032127561,0.0535966134510572,0.20196505534021,-0.977925109324842,0.243379209425042,0.947157153274567,0.208949485331883,-3.7188991096941,-18.0769625635121,6.29484811669313
Original_mid-44.jpg,5464,3640,26.2242541255328,0,3.8259073774732e-17,perspective,0 0 0 0 0 0,0.926865787420241,-0.375391165718042,0.00113349490779768,0.0794103579072488,0.193116517347832,-0.977957057229246,0.366897543146448,0.906524949148281,0.208803039740342,-6.81010475344602,-16.759109135029,6.32392510418692
Original_mid-45.jpg,5464,3640,26.1644054269753,-7.63639548088101e-17,3.8181977404405e-17,perspective,0 0 0 0 0 0,-0.936806691316556,0.349806747301287,0.00533503955187254,-0.0736110538897973,-0.18218142410019,-0.980505656005135,-0.34201554913448,-0.918936977303297,0.196418420457247,6.60257055788061,16.7126935055142,6.93257576349938
Original_mid-46.jpg,5464,3640,26.2762489981298,-7.66212891131363e-17,-3.83106445565682e-17,perspective,0 0 0 0 0 0,-0.989412080611753,0.14510090438618,0.00307608287180638,-0.0311767941542453,-0.191792349607852,-0.980940213335229,-0.141745342942141,-0.970649999834241,0.194285448698564,1.74055145158431,17.4165480770325,6.91727283308698
Original_mid-47.jpg,5464,3640,26.4146037512673,0,3.84206954111578e-17,perspective,0 0 0 0 0 0,-0.900051418613139,-0.435771719367292,0.00323302523202784,0.0618501272620988,-0.135083203341946,-0.988901961739656,0.431372235557806,-0.889862650511051,0.148534365098816,-8.72215754661675,17.6498219916449,6.86699537882455
Original_mid-48.jpg,5464,3640,26.3395822174612,0,0,perspective,0 0 0 0 0 0,-0.745955407206594,-0.665995644334062,0.000576356921904164,0.0626902464165581,-0.0710783791184469,-0.995498767968161,0.663038809922523,-0.742561556875894,0.0947727322945425,-10.8252539381144,11.9231948567634,6.84070098026041
Original_mid-49.jpg,5464,3640,26.3890528575262,0,0,perspective,0 0 0 0 0 0,-0.818049414931956,-0.575146650444657,0.0012186926507276,0.0535664521986803,-0.0782986408063237,-0.995489808107913,0.572648050663173,-0.814294574051783,0.0948607228598553,,,
Original_mid-5.jpg,5464,3640,26.4956896551724,0,0,perspective,0 0 0 0 0 0,0.834824773149491,0.55027114083451,-0.0164094393745913,0.386122341241853,-0.606517904283573,-0.695014797955678,-0.392399204547883,0.573879519889105,-0.718808153071485,5.00027896669444,-8.01395944822468,22.5620637125979
Original_mid-50.jpg,5464,3640,26.2481985588471,7.65310250566247e-17,0,perspective,0 0 0 0 0 0,0.846386318432409,-0.532568219788822,0.00113632803267549,0.0842059723738994,0.131717260212401,-0.987704367500066,0.525870282661988,0.836075148914919,0.156329111747932,-9.58313634086438,-16.5659783413457,6.76515043944748
Original_mid-51.jpg,5464,3640,26.3043594543996,0,0,perspective,0 0 0 0 0 0,0.953805002296849,-0.300425344140987,-0.000793845878550137,0.0478379498086755,0.154485873333616,-0.986836179666338,0.296593236860876,0.941211308653971,0.161721131304071,-5.81600445850452,-18.3746688476924,6.78141286039838
Original_mid-52.jpg,5464,3640,26.502914816135,0,0,perspective,0 0 0 0 0 0,0.636689767027243,0.771101221536215,0.00538949980541493,-0.213606781197163,0.183079825234517,-0.959611338312906,-0.74094418385556,0.609823485721447,0.281277501185504,7.52713378614173,-5.55282392116042,5.29008866957963
Original_mid-53.jpg,5464,3640,26.475876051134,-7.67635636202674e-17,-3.83817818101337e-17,perspective,0 0 0 0 0 0,0.552652389233182,0.833397836548868,0.00483556723891265,-0.231461958869549,0.159058433828204,-0.959752976668679,-0.800625192128705,0.52929052576424,0.28080391924809,8.32283077660708,-4.83999268211441,5.30216402733966
Original_mid-54.jpg,5464,3640,26.5457489878542,0,0,perspective,0 0 0 0 0 0,-0.771697959397527,0.635962173175006,0.00586291328748611,-0.191976333214693,-0.22414220015245,-0.955460811125323,-0.606322807543254,-0.738452698824605,0.295059764541903,6.68368870633742,8.90487268878648,5.33237431861155
Original_mid-55.jpg,5464,3640,26.4671689989236,0,3.84596879978403e-17,perspective,0 0 0 0 0 0,-0.87427743964331,0.485388298557616,0.00609574885311304,-0.148518651279075,-0.255513071092123,-0.955329932914967,-0.462148427188693,-0.836128740161713,0.295478529038243,5.31322236665546,9.84039205148245,5.29515766910133
Original_mid-56.jpg,5464,3640,26.381974248927,0,0,perspective,0 0 0 0 0 0,-0.44563199150182,-0.895213330822756,-0.00228483420594827,0.265348748688911,-0.12965062826155,-0.955395601916094,0.854986648854443,-0.426361122651459,0.295320204815107,-8.15443030798116,5.24117488429624,5.35659408713201
Original_mid-57.jpg,5464,3640,26.6060700543741,0,0,perspective,0 0 0 0 0 0,-0.999203058487881,0.0395637621109746,0.00528740353010182,-0.0166191197723895,-0.291922283085228,-0.956297644824193,-0.0362912216170094,-0.955623403525643,0.292347153000693,0.945242359086509,10.9836836337672,5.37817007260929
Original_mid-58.jpg,5464,3640,26.1713677488026,0,0,perspective,0 0 0 0 0 0,0.130220504768792,-0.991485057949822,0,0.273061646455588,0.0358636019265593,-0.961327800124295,0.953142149615011,0.125184591380458,0.275406718705596,-9.67514966795642,-0.48364793429969,5.55932868719874
Original_mid-59.jpg,5464,3640,26.1394908057079,-7.66600389221956e-17,0,perspective,0 0 0 0 0 0,0.038590563263055,-0.999254988875633,-0.000485421670322062,0.275981722643516,0.0111251165003344,-0.961098496799142,0.960387868100049,0.0369553648339704,0.27620543770214,-9.56057694510305,0.254996987321476,5.56328211745857
Original_mid-6.jpg,5464,3640,26.4958792767648,0,0,perspective,0 0 0 0 0 0,0.89659570884652,0.442570238419391,-0.0157390896626737,0.307758412440208,-0.64825079427025,-0.696459379504844,-0.318435071011799,0.619598653802115,-0.717423594368291,3.68892274226342,-8.32209424819217,22.5930166364617
Original_mid-60.jpg,5464,3640,26.2832709780866,0,3.8259073774732e-17,perspective,0 0 0 0 0 0,0.905791128667859,-0.42371909465097,0.00213542847419657,0.114814195778167,0.240582794579865,-0.963814100021345,0.407872690522936,0.873259438987238,0.266566728128767,-4.23051661648856,-9.6305135940464,5.62327863669412
Original_mid-61.jpg,5464,3640,26.2566723852027,0,-3.82076416473252e-17,perspective,0 0 0 0 0 0,0.87934399984651,-0.476182627611609,0.00205793460672155,0.129084480327624,0.234209893189595,-0.963578187211949,0.458357204451385,0.847582344727061,0.267418851307249,-5.05617367369203,-9.17216919179509,5.62565935571039
Original_mid-62.jpg,5464,3640,26.2362463940489,0,0,perspective,0 0 0 0 0 0,0.834491581806548,-0.551020682623115,8.49444684867251e-05,0.152128981553362,0.230243097053275,-0.961168501996842,0.529604166208634,0.802099946129454,0.275962141522319,-5.3973956514035,-8.93530649795522,5.47069874545915
Original_mid-63.jpg,5464,3640,26.2202079445481,7.65696835976535e-17,-3.82848417988267e-17,perspective,0 0 0 0 0 0,0.992936566663481,0.118511289520409,-0.0056611693800086,0.0157316811685111,-0.178799774147528,-0.983759703877123,-0.11759884689125,0.976721923077906,-0.179401215683857,3.00668325899558,-21.4476395415921,13.9440613428353
Original_mid-64.jpg,5464,3640,26.3961352657005,-7.67247091085649e-17,3.83623545542824e-17,perspective,0 0 0 0 0 0,-0.121441758669619,0.992547464601342,-0.0100712345160989,0.214709771122173,0.0163616965331063,-0.976540838404223,-0.969098350754914,-0.120755229286382,-0.215096632154247,,,
Original_mid-65.jpg,5464,3640,26.2143146123836,0,0,perspective,0 0 0 0 0 0,-0.919601726001725,0.392705489727879,-0.010726782939674,0.271147945822091,0.614717785587495,-0.740675931537448,-0.284273560168912,-0.684035410209145,-0.671776823482992,5.09474633171971,11.8554846787955,22.9039211208929
Original_mid-66.jpg,5464,3640,26.3890528575262,0,0,perspective,0 0 0 0 0 0,-0.334958495807712,-0.942103195046503,-0.015632529206961,-0.643048734204917,0.240695241037827,-0.727017280660643,0.688687978349912,-0.233468136637344,-0.686441182951167,-10.1016694523557,4.71959328999719,22.6926463668466
Original_mid-67.jpg,5464,3640,26.381974248927,0,-3.8317100681367e-17,perspective,0 0 0 0 0 0,-0.583933991588054,0.811712499122301,-0.0119963426372678,0.17978213224368,0.114893864360566,-0.97697378923808,-0.791643529875637,-0.572644932485151,-0.213021836686095,16.2680617883476,12.6598007705484,14.6665109538215
Original_mid-68.jpg,5464,3640,26.4188905547226,-7.66342013627341e-17,3.8317100681367e-17,perspective,0 0 0 0 0 0,0.468380073811637,-0.883351805284512,-0.0175981407199615,-0.618350912846593,-0.313511497704905,-0.720661286173063,0.631080228685696,0.348425212789519,-0.693063933598184,-9.1239112128195,-3.84507876675452,22.5379382220782
Original_mid-7.jpg,5464,3640,26.2552055525894,0,0,perspective,0 0 0 0 0 0,-0.708552369309805,0.70554203106197,-0.0128055593556926,0.159326078415295,0.142274813293562,-0.976920200548175,-0.687436353913775,-0.694239382279075,-0.213220401018529,14.6825566854261,14.7451724992301,14.6892037388822
Original_mid-8.jpg,5464,3640,26.4174053182917,0,0,perspective,0 0 0 0 0 0,0.724000398027393,0.689579447780787,-0.0174243752978924,0.485220683190472,-0.527069964971865,-0.697680543392697,-0.490290028718052,0.49666632382607,-0.716197075194216,6.26992880387078,-5.88208727973266,22.539584941609
Original_mid-9.jpg,5464,3640,26.4174053182917,0,0,perspective,0 0 0 0 0 0,0.63944707309578,0.768635806027352,-0.0175053820844724,0.541932609543354,-0.466763934300252,-0.698885166783557,-0.545359044504418,0.43741333693571,-0.715019639763829,7.34641606261471,-5.45629937832618,22.5990047279281
The_Tree-1.jpg,5464,3640,26.2220390173387,0,-3.82333404141974e-17,perspective,0 0 0 0 0 0,0.0369700255844823,-0.999295668317192,-0.00643307786207714,0.136110970933048,0.0114128506443932,-0.990627856680717,0.990003545852209,0.0357479247322917,0.136437037044157,-14.3787061739005,-0.607470144794267,4.59182105736628
The_Tree-10.jpg,5464,3640,26.2365032607607,0,3.8239770508448e-17,perspective,0 0 0 0 0 0,-0.170002197570687,-0.985417686379191,-0.00715794608948261,0.134218443721677,-0.0159578735412494,-0.990823271646852,0.976260550358391,-0.169402861968517,0.134974101852198,-13.9961330204283,1.83556246810306,4.64476628700185
The_Tree-100.jpg,5464,3640,26.3890528575262,-7.69584279719858e-17,3.84792139859929e-17,perspective,0 0 0 0 0 0,0.929770409628988,-0.367998151280019,-0.0102149905937825,-0.000529537020424442,0.0264106709645765,-0.999651037137333,0.368139518347171,0.929451363500904,0.0243609917167602,-6.36207586539873,-21.170121642812,9.1125438393749
The_Tree-101.jpg,5464,3640,26.3748994368463,0,3.84401818162692e-17,perspective,0 0 0 0 0 0,0.857689296457929,-0.514007705711311,-0.012851039292471,0.00115199734970238,0.0269148319421855,-0.999637066501453,0.514167038659236,0.857363207917693,0.0236766987874825,-9.7209468404341,-19.5600450855812,9.15657392705034
The_Tree-102.jpg,5464,3640,26.3622919104274,-7.68154308929838e-17,-3.84077154464919e-17,perspective,0 0 0 0 0 0,0.834977318306955,-0.550165670468723,-0.0114286023041359,0.0035853221416921,0.0262071352853291,-0.999650104549225,0.55027268093016,0.83464418832089,0.023854884700982,-10.7210841471424,-19.0384742463633,9.17487016143354
The_Tree-103.jpg,5464,3640,26.3184372491303,0,0,perspective,0 0 0 0 0 0,0.765958687377859,-0.642819639849595,-0.00949736037139815,0.00773578924798067,0.0239875034143647,-0.999682328164631,0.642843252119129,0.765641894297578,0.023346153887078,-12.2997265576982,-17.5947271256239,9.23730745038905
The_Tree-104.jpg,5464,3640,26.1670744121047,0,0,perspective,0 0 0 0 0 0,0.418728672193609,-0.908056069107731,-0.0100236939096483,-0.00144157910627376,0.0103732731885751,-0.999945157022642,0.908110247124576,0.418720157814228,0.00303455225200282,-20.1274602985052,-8.63323466935733,9.30855628158126
The_Tree-105.jpg,5464,3640,26.1019108280255,0,3.80796642845808e-17,perspective,0 0 0 0 0 0,0.195158576587467,-0.980703904152816,-0.0115317979421619,0.0158234182126974,0.0149047523523678,-0.999763705979258,0.980644048276652,0.19492998932114,0.0184268782717119,-22.0764388639614,-3.65346730439537,9.41650565851022
The_Tree-106.jpg,5464,3640,26.1480661460231,0,0,perspective,0 0 0 0 0 0,0.348548165272969,-0.937221765987839,-0.0113814693024814,0.0113235858667869,0.0163526214161788,-0.999802164518529,0.937222467127183,0.34835033103394,0.0163123873353976,-20.9903784581615,-6.21078864674884,9.36959196835707
The_Tree-107.jpg,5464,3640,26.2174602596835,0,0,perspective,0 0 0 0 0 0,0.144366649656348,-0.989456929250082,-0.0115436400671634,0.0173980442248337,0.0142021601673913,-0.999747771542268,0.989371304679973,0.144129399518553,0.0192649336949102,-22.3435497753843,-2.23995947422237,9.45442725597593
The_Tree-108.jpg,5464,3640,26.2447230205563,0,3.832355898251e-17,perspective,0 0 0 0 0 0,0.919060819077457,0.394025194527355,-0.0084473021938365,-0.0199848341519807,0.0251870780205541,-0.999482975094976,-0.393608710829158,0.918754459678138,0.0310229847200694,10.0765284628642,-19.6706527791199,8.91250549017148
The_Tree-109.jpg,5464,3640,26.3404924406047,0,0,perspective,0 0 0 0 0 0,-0.95156350703185,0.307134990786634,-0.0139638647852642,0.231393994310739,0.685518618392386,-0.690305036367486,-0.202444341689683,-0.660100235776271,-0.723383692963798,2.83471528874712,9.61176938998845,23.1678564052534
The_Tree-11.jpg,5464,3640,26.2341957855428,0,-3.8181977404405e-17,perspective,0 0 0 0 0 0,-0.717404735792102,-0.696589772741297,-0.0096505738322401,0.0894057805026915,-0.0783215187940197,-0.992911046421835,0.690895832579535,-0.713181904009086,0.118467380819388,-9.78216231762617,11.1469092260634,4.69785120815538
The_Tree-110.jpg,5464,3640,26.3395822174612,-7.64538249640995e-17,3.82269124820498e-17,perspective,0 0 0 0 0 0,-0.993818872284646,0.11019570596055,-0.0134519693253878,0.0890103911663306,0.718555285223355,-0.689750282596535,-0.0663415356717939,-0.686684213059714,-0.723922366127245,1.31386612211675,9.80714047142971,23.1214202151332
The_Tree-111.jpg,5464,3640,26.3441838616514,0,-3.8239770508448e-17,perspective,0 0 0 0 0 0,-0.999437196809828,0.0307368670364241,-0.0134363178623609,0.0315215553943131,0.723496910548418,-0.689607578244626,-0.0114752419772509,-0.689642998537417,-0.724058598036018,0.403277582246131,10.0353054015189,23.0943044381178
The_Tree-112.jpg,5464,3640,26.3401699037038,-7.64924055317854e-17,-3.82462027658927e-17,perspective,0 0 0 0 0 0,-0.998330587941851,-0.0561946556884916,-0.013349076811874,-0.0315196263213887,0.723724432083662,-0.689368884967795,0.0483999001676393,-0.687797286325872,-0.724287472338525,-0.320522012659816,10.0012570794403,23.0765240864844
The_Tree-113.jpg,5464,3640,26.3395822174612,0,0,perspective,0 0 0 0 0 0,-0.986500550642264,-0.163176129373905,-0.0137918231231815,-0.108836620098893,0.716245758330202,-0.68930878697391,0.122357074613444,-0.678502442498584,-0.724336373389806,-1.01023528708374,9.86109869249479,23.0400556382635
The_Tree-114.jpg,5464,3640,26.3466380926868,0,0,perspective,0 0 0 0 0 0,-0.979697196446144,-0.19999302423631,-0.0140069101653921,-0.135439158968522,0.711743558960461,-0.689258544013925,0.147816228789216,-0.673367579064445,-0.724380056304301,-2.01415266540537,9.62345827202237,22.9961985233105
The_Tree-115.jpg,5464,3640,26.3466380926868,7.65181475494639e-17,-3.8259073774732e-17,perspective,0 0 0 0 0 0,-0.945080557310514,-0.326533955839865,-0.0140824670145854,-0.227419889654054,0.687940612555634,-0.689215428865545,0.234740141397644,-0.64816146852474,-0.724419613716019,-3.14702112850811,9.31878336868683,22.9727727314739
The_Tree-116.jpg,5464,3640,26.3559518307594,0,0,perspective,0 0 0 0 0 0,-0.905565375968055,-0.423972165660985,-0.014105055567768,-0.298377090352974,0.660236281443032,-0.689245358793784,0.301533516877193,-0.619948107030752,-0.724390697613283,-4.09201616678377,8.95072673821369,22.9575407122646
The_Tree-117.jpg,5464,3640,26.4074424079918,0,3.84142043323589e-17,perspective,0 0 0 0 0 0,0.704281391079872,0.709788741521205,-0.0136990725359176,0.560042495105289,-0.567348808706191,-0.603711630611758,-0.436279871017267,0.417510804254703,-0.797085066022283,5.16015102631726,-5.19340142450188,23.2722179888176
The_Tree-118.jpg,5464,3640,26.4245029554003,0,-3.84401818162692e-17,perspective,0 0 0 0 0 0,0.7955653770817,0.605691287460066,-0.0146217332700225,0.475945951302103,-0.639716404580543,-0.603521642652258,-0.374901563384294,0.473181768462724,-0.797212538641046,4.39570989257968,-5.62186407620698,23.2518204423716
The_Tree-119.jpg,5464,3640,26.468174157193,-7.67894884982209e-17,-3.83947442491104e-17,perspective,0 0 0 0 0 0,0.866360962553331,-0.499178623675717,-0.015472046693386,-0.382905483064204,-0.64403329957811,-0.662272225050924,0.320627624516407,0.579691133880577,-0.749103541372764,-3.61833840724333,-5.90494350823906,21.4458568392327
The_Tree-12.jpg,5464,3640,26.2361740290252,-7.63126952318282e-17,0,perspective,0 0 0 0 0 0,-0.95821424601724,0.28604380074434,-0.00209828152193259,-0.0207448978147913,-0.0768053252733588,-0.996830272024434,-0.28529827890169,-0.955133438879294,0.0795299062639162,3.79908252752896,12.0255210635373,3.88192020454885
The_Tree-120.jpg,5464,3640,26.3570366716433,0,0,perspective,0 0 0 0 0 0,0.387472465989129,0.921774551820677,-0.014027249056543,0.731091643439023,-0.316515814090436,-0.604419348072427,-0.561578219835788,0.223940650723488,-0.796542834981025,7.39380279038026,-2.62757084856356,23.230078062427
The_Tree-121.jpg,5464,3640,26.3331613263136,0,0,perspective,0 0 0 0 0 0,0.120320457351237,0.992626154076131,-0.014707337856283,0.789496403650043,-0.10465880474028,-0.604766040063415,-0.601845840864948,0.0611543361861252,-0.796267374064263,7.59908166365653,0.114895682531633,23.2479425535064
The_Tree-122.jpg,5464,3640,26.3197682136649,7.64924055317854e-17,0,perspective,0 0 0 0 0 0,-0.39362238599584,0.919193999615079,-0.0119920104476314,0.669235038025027,0.277591436490431,-0.689251375237526,-0.630226848938209,-0.279330244439826,-0.72442303484815,7.00191934228853,3.88474343679882,23.1290466729742
The_Tree-123.jpg,5464,3640,26.2762489981298,0,0,perspective,0 0 0 0 0 0,-0.257556481836297,0.966180466456068,-0.0126477232276869,0.763874979572035,0.195576712467814,-0.61501606899666,-0.591742912292097,-0.168062654325751,-0.788413134069348,7.23237959705606,2.75149937497887,23.1177607065814
The_Tree-124.jpg,5464,3640,26.4316044074174,0,3.83429469550138e-17,perspective,0 0 0 0 0 0,0.696822511135941,-0.717075012335172,-0.0155503909505157,-0.545478272150284,-0.515745420347612,-0.660651281692851,0.465716483051805,0.468839085481339,-0.750531857644217,-5.44003911962944,-4.44369950316174,21.4433211675512
The_Tree-125.jpg,5464,3640,26.3748994368463,-7.64924055317854e-17,0,perspective,0 0 0 0 0 0,0.257637109849505,-0.966144720188752,-0.0136930376393032,-0.727624848589913,-0.184668862675417,-0.660650808576417,0.635755612907114,0.180171559380401,-0.750568457802175,-7.01612300595398,-1.27515336301973,21.4177330876513
The_Tree-126.jpg,5464,3640,26.1713677488026,0,0,perspective,0 0 0 0 0 0,-0.907621678340449,0.419661514155078,-0.0103490358745972,0.0940111444295138,0.179171967093467,-0.979315736078468,-0.409126867523412,-0.889821116711064,-0.202073220703674,8.24140056695644,19.6224281248267,14.6289217171029
The_Tree-127.jpg,5464,3640,26.3678284182306,0,0,perspective,0 0 0 0 0 0,-0.871987167096485,-0.489326271567988,-0.0140776550752726,-0.345926633420049,0.636284670378211,-0.689548100231132,0.346371397072157,-0.59640725867067,-0.724103056957515,-4.48321105027264,8.8464707644935,22.9415554139554
The_Tree-128.jpg,5464,3640,26.4956896551724,0,3.84401818162692e-17,perspective,0 0 0 0 0 0,0.950163047001431,-0.31132715585464,-0.016296813811838,-0.243504484877937,-0.708497146763712,-0.66237252273325,0.194668307531779,0.633330241702653,-0.748997366475725,-2.18883100869397,-6.51084622253656,21.4302394939746
The_Tree-129.jpg,5464,3640,26.3890528575262,0,0,perspective,0 0 0 0 0 0,0.520896523900344,0.853501719131996,-0.0141995361637548,0.675653808460111,-0.422407066042604,-0.604205430024116,-0.521688357644567,0.305134537533866,-0.796702059431321,6.49592745612428,-3.53168436232577,23.2517648295108
The_Tree-13.jpg,5464,3640,26.1793476364551,0,0,perspective,0 0 0 0 0 0,-0.644917089240629,-0.764208881623734,-0.00816904234266947,0.0956128542583449,-0.0700736695462522,-0.992949073687516,0.75824806633843,-0.641150891821671,0.118259899417802,-10.7073639288249,9.84013476768464,4.69263109196483
The_Tree-130.jpg,5464,3640,26.3678284182306,7.65310250566247e-17,0,perspective,0 0 0 0 0 0,-0.937921471465899,0.346591494920897,-0.0133285037322679,0.0818935740294698,0.183946292866835,-0.979518863459621,-0.337041178338676,-0.919803292551754,-0.200910793923648,6.73061113235524,20.3471527852674,14.7135381386781
The_Tree-131.jpg,5464,3640,26.3070293408231,0,0,perspective,0 0 0 0 0 0,-0.39289425415725,0.919511016974435,-0.0115583179078094,0.704752155593648,0.2930090184961,-0.646119272476884,-0.590727097936369,-0.262002299116996,-0.763148931088214,7.07192465602189,3.27358526399754,23.1452082811844
The_Tree-132.jpg,5464,3640,26.2780250599534,0,0,perspective,0 0 0 0 0 0,-0.17745734274102,0.984054146859706,-0.0120965927232746,0.787596162902077,0.134637925177115,-0.601302680258393,-0.590085735880153,-0.116232805834748,-0.798929758588676,7.32386901080811,1.87462875533612,23.1881336852511
The_Tree-133.jpg,5464,3640,26.4532123581013,-7.67376562413878e-17,0,perspective,0 0 0 0 0 0,0.822789418340024,-0.568116837197507,-0.0161503052722551,-0.434688399811821,-0.610733298800244,-0.661854087247039,0.366146921517475,0.551586889827228,-0.749458694548273,-4.43758152148528,-5.37849649914999,21.4522803085889
The_Tree-134.jpg,5464,3640,26.381974248927,0,3.82783965392647e-17,perspective,0 0 0 0 0 0,0.478557689294225,-0.877934162853771,-0.0146336499760302,-0.663339897813381,-0.350563584370063,-0.661124310007239,0.575293592860468,0.32609320601304,-0.750133656761134,-6.74554753530736,-2.3283132955446,21.4119033321698
The_Tree-135.jpg,5464,3640,26.2144475635612,0,-3.82655125283124e-17,perspective,0 0 0 0 0 0,0.994875848124536,0.101004553363449,-0.00448631456056425,0.0135838246643633,-0.177505556532477,-0.984026044933559,-0.100187456929368,0.978922804719527,-0.177968019245257,3.00508548114308,-21.2948636926011,13.951265605346
The_Tree-136.jpg,5464,3640,26.4103114930183,0,3.82848417988267e-17,perspective,0 0 0 0 0 0,0.544740203988759,-0.838490183527459,-0.0138680310921622,-0.634531986177293,-0.401310159157647,-0.660544710579657,0.54829487383723,0.368624969698136,-0.75065861950614,-6.36396598354978,-3.00363251231043,21.4346395936697
The_Tree-137.jpg,5464,3640,9.441792,0,0,perspective,0 0 0 0 0 0,0.977637879461335,-0.209709494290699,-0.015687722801097,-0.015836759652389,0.00096863487385705,-0.999874121472395,0.209698292043729,0.977763258540032,-0.00237414471385594,3.09361855183778,35.1793443435578,11.1780551034375
The_Tree-138.jpg,5464,3640,26.3846044864227,0,0,perspective,0 0 0 0 0 0,-0.374753287008629,-0.927041776220439,-0.0123902791849915,-0.5869309279796,0.247567530416816,-0.77085822539837,0.717685209306444,-0.281609415725705,-0.636886235773229,-7.06365856679963,4.54621176237365,21.5200833255182
The_Tree-139.jpg,5464,3640,26.2283991206088,-7.63767804646396e-17,3.81883902323198e-17,perspective,0 0 0 0 0 0,-0.874613999305063,-0.484604455441373,-0.014452473351426,-0.305336529432351,0.573736865303471,-0.759997113932648,0.376589904290875,-0.660291247222101,-0.649765736883742,-5.23332439285539,9.47702701200571,22.2593550904708
The_Tree-14.jpg,5464,3640,26.1580517588288,0,-3.81243587262294e-17,perspective,0 0 0 0 0 0,-0.645905549270797,-0.763386877540468,-0.00681884302538372,0.0946696508838037,-0.0712310309156937,-0.992957097480161,0.757524704958676,-0.642002036938904,0.118278087334759,-10.6284884742578,9.59590483640603,4.71689351525543
The_Tree-140.jpg,5464,3640,26.2272,0,0,perspective,0 0 0 0 0 0,-0.968739643914643,-0.247876877235969,-0.0100277634532979,-0.138749021487442,0.574874067841303,-0.806392283668358,0.205650702270642,-0.779792831369549,-0.5912959739422,-2.13997545052489,10.7763904146065,22.2815868252228
The_Tree-141.jpg,5464,3640,26.2341957855428,7.63255036734582e-17,0,perspective,0 0 0 0 0 0,-0.998924656407471,-0.0448845407027107,-0.0116150259200367,-0.0171856465747788,0.591145830889573,-0.806381584718849,0.0430602412095336,-0.80531483571817,-0.591281515861264,-1.23224535327551,12.5764214955467,22.3476629903996
The_Tree-142.jpg,5464,3640,26.2411953041622,7.63767804646396e-17,0,perspective,0 0 0 0 0 0,-0.911124533863244,-0.411947256481902,-0.0123102262172736,-0.239945316230799,0.554510955329076,-0.796833637366632,0.335079586085736,-0.723060895289649,-0.604073350423227,-4.5151828908365,9.79000629681776,22.2306782330878
The_Tree-143.jpg,5464,3640,26.0959504349437,0,0,perspective,0 0 0 0 0 0,0.999338226501777,0.0360081193899724,-0.00515018351913277,-0.0103439481606978,0.145580094738689,-0.989292392951812,-0.0348727943923634,0.988690978695503,0.145856219810456,0.497989111962742,-13.5406791291846,4.30121569431262
The_Tree-144.jpg,5464,3640,26.2202079445481,7.65825784584817e-17,0,perspective,0 0 0 0 0 0,0.00552634956454057,0.999982452043404,-0.00213426000094152,-0.127982428955633,-0.00140945573105695,-0.991775433912919,-0.991761038425642,0.00575404551627004,0.127972393980459,13.5752965061864,0.34308116028368,4.08538307818691
The_Tree-145.jpg,5464,3640,26.3055485445854,0,3.83300194610978e-17,perspective,0 0 0 0 0 0,-0.972068387782673,-0.234697781390038,2.97353260019229e-05,0.0180158420858977,-0.0747441146495049,-0.997039992557569,0.234005296751017,-0.969190522413347,0.076884669191021,-2.48477650698197,12.0803197339337,3.88671996190481
The_Tree-146.jpg,5464,3640,26.2341957855428,0,3.82655125283124e-17,perspective,0 0 0 0 0 0,-0.278362538577619,0.960470227036041,-0.00335262493579602,-0.121060916858918,-0.0385480771994142,-0.991896315223273,-0.952816116323555,-0.275700904462725,0.127005746927191,12.9559809331006,3.81151846793775,4.05853288310467
The_Tree-147.jpg,5464,3640,26.3395822174612,0,0,perspective,0 0 0 0 0 0,-0.369454269423599,0.929245771420246,-0.00241642344532611,-0.116899857805954,-0.0490570731260044,-0.991931361950643,-0.921866566293421,-0.366190797090673,0.126753043657639,12.5291873700726,5.08562723063528,4.04329845040916
The_Tree-148.jpg,5464,3640,26.3285466556997,7.66342013627341e-17,-3.8317100681367e-17,perspective,0 0 0 0 0 0,-0.71917907627975,0.69481683678051,-0.00331957342639422,-0.0773569314806423,-0.0848153240821571,-0.99338928218133,-0.690505149432867,-0.714167994331282,0.1147463048622,9.65782893245542,9.30887208345935,3.91605701490714
The_Tree-149.jpg,5464,3640,26.3325301204819,7.65567930785293e-17,0,perspective,0 0 0 0 0 0,-0.803090949568629,0.595855386547557,0.00113359746805886,-0.0676006543084241,-0.0892213143222295,-0.99371510434716,-0.592009356562911,-0.798120238681413,0.111933044044614,,,
The_Tree-15.jpg,5464,3640,26.2562812427675,0,-3.82204867109148e-17,perspective,0 0 0 0 0 0,-0.607127434023023,-0.794593147022541,-0.00424376736343213,0.0974911828907939,-0.069187909025521,-0.992828536305857,0.788601133726787,-0.603187171572382,0.119471703492229,-10.9609509646225,9.24898331000245,4.71709553336437
The_Tree-150.jpg,5464,3640,26.368539384797,0,-3.83753038722755e-17,perspective,0 0 0 0 0 0,-0.670060652268773,0.742302028662123,-0.00253387553807549,-0.0836075719374282,-0.0788617386758755,-0.993373343757394,-0.737582874120511,-0.665408539483162,0.114904218316874,9.94349693896503,8.83717998659071,3.96850801499205
The_Tree-151.jpg,5464,3640,26.2341957855428,7.63383164153876e-17,-3.81691582076938e-17,perspective,0 0 0 0 0 0,-0.999519948441365,0.0285268895913688,-0.0120867381047169,0.0266344706571853,0.591894421009325,-0.805575321959932,-0.0158264854146996,-0.805510528142418,-0.592370079773734,-0.02705245783057,12.393321642284,22.3502590148962
The_Tree-152.jpg,5464,3640,26.3701390169543,0,-3.83623545542824e-17,perspective,0 0 0 0 0 0,-0.605643047239914,0.795733804146042,-0.00205238135333907,-0.099898246954569,-0.078592128027327,-0.991888913975522,-0.789440839826111,-0.600525595084343,0.12709118798422,10.4889078644505,8.36728310840568,3.96912456844913
The_Tree-153.jpg,5464,3640,26.3266759699418,0,0,perspective,0 0 0 0 0 0,-0.521059968418809,0.853517275638559,-0.00218391802069373,-0.107596713508945,-0.0682241157735227,-0.991851005579465,-0.846710963997434,-0.516578871241801,0.12738450939217,11.5371678441436,7.03735093377296,4.00762362527455
The_Tree-154.jpg,5464,3640,26.2552055525894,7.65825784584817e-17,3.82912892292408e-17,perspective,0 0 0 0 0 0,-0.415484714323172,0.909594779422087,-0.00312880358552814,-0.114275893111698,-0.0556108293156869,-0.991891352879107,-0.902393191694904,-0.411758148566493,0.1270502053197,12.1522348641751,5.85157337098413,4.02278505430888
The_Tree-155.jpg,5464,3640,26.3607611900295,-7.67376562413878e-17,-3.83688281206939e-17,perspective,0 0 0 0 0 0,-0.575117231180738,0.818064269105229,-0.00331994161540372,-0.101725340552784,-0.0755407397726969,-0.991940296451361,-0.811721704458136,-0.570144234600264,0.126662647468212,,,
The_Tree-156.jpg,5464,3640,26.2272,7.66342013627341e-17,-3.8317100681367e-17,perspective,0 0 0 0 0 0,-0.128623181471298,0.991693177484179,0.000847891227767406,-0.126910273076819,-0.0156123610305302,-0.991791327230996,-0.983539455118995,-0.127674961971347,0.12786416350896,13.4944292130165,1.35533810025004,4.08514771946218
The_Tree-157.jpg,5464,3640,26.4245029554003,0,-3.84012287524459e-17,perspective,0 0 0 0 0 0,0.918682984280121,-0.394714062016549,-0.0149125330030842,-0.292651673724828,-0.654809539668203,-0.696835321023248,0.265285831246656,0.644534930012262,-0.717076112929345,-3.42907116640434,-8.73946639743276,22.4649367691454
The_Tree-158.jpg,5464,3640,26.4057809488138,0,3.83947442491104e-17,perspective,0 0 0 0 0 0,0.906428076078015,-0.422110692937262,-0.0145157089228434,-0.311896245307854,-0.645791431503733,-0.69690326384601,0.284796199167704,0.636220079771445,-0.717018225037025,-4.45586982672097,-8.42890616916966,22.4455181042364
The_Tree-159.jpg,5464,3640,26.3678284182306,0,3.83300194610978e-17,perspective,0 0 0 0 0 0,0.799889284845601,-0.599925802995482,-0.0163144993615703,-0.439625755183569,-0.567220668512974,-0.696412168612074,0.408541708236099,0.564224905611158,-0.717456569082484,-6.02080595106552,-7.33522636146646,22.6066639329842
The_Tree-16.jpg,5464,3640,26.1158890626064,-7.62742956870956e-17,0,perspective,0 0 0 0 0 0,0.978358362590536,-0.206835895454347,-0.0058160726237233,0.0246684533016822,0.144500210822798,-0.989197228303775,0.205441918217458,0.96764590704646,0.146475311282707,-2.41382484136628,-13.4887447347381,4.35216108787239
The_Tree-160.jpg,5464,3640,26.5028294260307,0,-3.83947442491104e-17,perspective,0 0 0 0 0 0,0.660564809413706,0.750706299622473,-0.00970485813232358,0.44853665329553,-0.404978425221884,-0.796747981331141,-0.602053986960206,0.521950693851379,-0.604233787513892,7.21475223496737,-5.96323913531577,20.3342887067932
The_Tree-161.jpg,5464,3640,26.5171205176597,0,3.84142043323589e-17,perspective,0 0 0 0 0 0,0.777812200679375,0.628419960042023,-0.00982518677123778,0.373757216494286,-0.475064416343235,-0.796629991553736,-0.505285784079417,0.615956292398449,-0.604387394195152,6.49089325167152,-6.78485104620759,20.3865175170594
The_Tree-162.jpg,5464,3640,26.5385860766325,0,3.84466816779222e-17,perspective,0 0 0 0 0 0,0.853250756365359,0.521431668784558,-0.00849479549453136,0.308736904439558,-0.518198999790311,-0.797590948076394,-0.420291173591621,0.677922422851518,-0.603138887816153,5.34831346844781,-7.90539619587115,20.3704365993339
The_Tree-163.jpg,5464,3640,26.2582823737126,7.66988279450943e-17,3.83494139725472e-17,perspective,0 0 0 0 0 0,0.988053260872538,0.153507432135616,-0.0136463166559189,0.100910562810178,-0.711345683057674,-0.695560477247337,-0.116480951200088,0.685873740184256,-0.718337943125088,1.55388347140491,-9.07037323822171,22.2958892036933
The_Tree-164.jpg,5464,3640,26.2414752112945,0,0,perspective,0 0 0 0 0 0,0.99986687372971,0.00767245188785815,-0.0144002881917125,-0.00428063964702572,-0.728291721853868,-0.685253853694629,-0.0157451879057756,0.685224270849447,-0.728161924091514,-0.147118641439627,-8.97256829193435,22.2752474702875
The_Tree-165.jpg,5464,3640,26.2308759589246,0,0,perspective,0 0 0 0 0 0,0.992048129912874,-0.125056523879087,-0.0141906226659856,-0.100725030282067,-0.721268636387672,-0.685292654592287,0.0754650661633956,0.681272647329061,-0.72812952404789,-1.14475225624311,-9.09465632090464,22.3322591684696
The_Tree-166.jpg,5464,3640,26.1952838741064,7.63896104294413e-17,0,perspective,0 0 0 0 0 0,-0.997262731070756,0.0731664711593289,-0.0106636164310352,0.0263281679760938,0.216622071278412,-0.975900458963963,-0.0690932181065533,-0.973509910444235,-0.217955457556214,0.768041424279032,19.7131348559406,14.6367869988675
The_Tree-167.jpg,5464,3640,26.1945653396258,0,-3.81883902323198e-17,perspective,0 0 0 0 0 0,-0.982396043752109,0.186623059362354,-0.00835744784250281,0.0453749239799029,0.194980611373453,-0.979756948157171,-0.181215698806762,-0.962888568268764,-0.200016188353111,2.22985676127821,20.6088866786511,14.6014082863419
The_Tree-168.jpg,5464,3640,26.4316044074174,7.65696835976535e-17,0,perspective,0 0 0 0 0 0,0.108098264851604,0.994110918051728,-0.00763202112312555,0.599742879564534,-0.071334029774532,-0.797006859824787,-0.79285764393598,0.0815778082966042,-0.603922029442385,9.11667375926148,-0.105738554078643,20.2355861803024
The_Tree-169.jpg,5464,3640,26.4458187684862,0,-3.83300194610978e-17,perspective,0 0 0 0 0 0,0.395705961739274,0.918348871756583,-0.00722091319762441,0.551774911844601,-0.24402410023031,-0.797494003216118,-0.734139794932054,0.311588812780881,-0.603283659025273,8.78046426374323,-2.51060327655476,20.3010466137307
The_Tree-17.jpg,5464,3640,26.0907034811693,7.62231563671579e-17,0,perspective,0 0 0 0 0 0,0.947625480132658,-0.319312450968763,-0.00674596617773293,0.0402755808813278,0.140425967482157,-0.989271664024282,0.31683406854065,0.93718733789623,0.14593171930378,-3.9864493869672,-13.2613223813898,4.34744476741962
The_Tree-170.jpg,5464,3640,26.5028294260307,0,3.83947442491104e-17,perspective,0 0 0 0 0 0,0.534984325339975,0.844823664002371,-0.00804663794020044,0.505420953887737,-0.327660615522869,-0.798240678245844,-0.677009180891767,0.422979311286952,-0.602284875462994,8.29225565399932,-4.12999999677288,20.3362780639398
The_Tree-171.jpg,5464,3640,26.4754869827743,0,0,perspective,0 0 0 0 0 0,0.577619974302106,0.816254454772331,-0.00915589163097864,0.488205968061324,-0.354423218476283,-0.797520604720793,-0.654224806955942,0.456193870267058,-0.603222226624835,7.94271058969965,-5.28517121748073,20.3473810802308
The_Tree-172.jpg,5464,3640,26.2411953041622,0,0,perspective,0 0 0 0 0 0,0.59108417319526,-0.806508759939718,-0.0127718572876248,0.00491218412944464,0.0194329019673726,-0.999799096202935,0.806594923518091,0.590902684425808,0.0154482003230029,,,
The_Tree-173.jpg,5464,3640,26.1783337769497,-7.64409734218296e-17,-3.82204867109148e-17,perspective,0 0 0 0 0 0,0.631043054786857,-0.775643630287509,-0.0127130562684776,-0.00471429372679271,0.0125534337346317,-0.999910089326099,0.775733484155434,0.631046250361956,0.00426514527147522,-16.8591296543455,-13.6380275935188,9.32122237718221
The_Tree-174.jpg,5464,3640,26.2912345198332,-7.6608381214027e-17,-3.83041906070135e-17,perspective,0 0 0 0 0 0,0.726004786047497,-0.687618391715021,-0.0098993944954504,-0.00309079073012187,0.0111323446361917,-0.99993325673045,0.687682701286568,0.725986927071107,0.00595685093483127,-15.2689427722111,-15.4921604415477,9.34579929462913
The_Tree-175.jpg,5464,3640,26.1480490468812,0,0,perspective,0 0 0 0 0 0,-0.791955765787861,0.610535731264466,-0.00722397983986233,-0.0281445121208398,-0.0483213073652559,-0.998435244616291,-0.609929464342265,-0.790513233351521,0.0554515682671004,13.3489920911832,17.3074075143191,8.32189501956364
The_Tree-176.jpg,5464,3640,26.1783337769497,0,0,perspective,0 0 0 0 0 0,0.519297841943417,-0.854518636493434,-0.0112982847509073,0.012988264888322,0.0211108228150147,-0.999692771873071,0.854494620420808,0.51899155392499,0.0220615191322715,-18.4648889908199,-11.1636666298096,9.38402193768214
The_Tree-177.jpg,5464,3640,26.1157727031333,0,3.81179673836097e-17,perspective,0 0 0 0 0 0,0.0164040040727436,-0.999781914551476,-0.0129240855060146,0.0183673716313386,0.0132249574468148,-0.999743837270271,0.999696728167967,0.0161624204967976,0.0185803082306776,-22.8108961476333,1.1087896276486,9.48969020790812
The_Tree-178.jpg,5464,3640,26.1296493092455,0,0,perspective,0 0 0 0 0 0,0.60346583232445,0.797358910441427,-0.006910655295993,-0.0371586358929256,0.0194634991618283,-0.999119816628093,-0.796522582853453,0.603191462257249,0.0413743261507118,18.481132813977,-11.9580464878542,8.70446777545216
The_Tree-179.jpg,5464,3640,26.2132196162047,0,0,perspective,0 0 0 0 0 0,0.702643856615091,0.711513929965719,-0.00628794289167445,-0.0346862709530346,0.0254246180710001,-0.999074797702012,-0.710695767096192,0.702211874195161,0.0425442166560226,16.5558372795593,-14.8114475511104,8.72340099297984
The_Tree-18.jpg,5464,3640,26.1365931437683,-7.62231563671579e-17,0,perspective,0 0 0 0 0 0,0.929678541456314,-0.368320656657195,-0.00614031231064605,0.0483065189146546,0.138421500240721,-0.989194605980773,0.36519075807858,0.919336381391882,0.146479787217457,-4.76141382486221,-13.0060329327828,4.29093597379048
The_Tree-180.jpg,5464,3640,26.2832709780866,0,0,perspective,0 0 0 0 0 0,0.532830631037128,0.846185235076257,-0.00787823378150775,-0.0385623717770146,0.0149798449308695,-0.999143907417134,-0.845342807452401,0.532678282066003,0.0406126298545846,19.5394872121832,-10.1265872872384,8.70563392753762
The_Tree-181.jpg,5464,3640,26.1922769640479,0,0,perspective,0 0 0 0 0 0,0.378926083974775,0.925388465471641,-0.00843865247438735,-0.0409447513332244,0.00765484558512456,-0.999132088703655,-0.924520713787313,0.378942728273165,0.0407904212663733,20.007747765395,-7.45848396211777,8.48283558288237
The_Tree-182.jpg,5464,3640,26.2762489981298,0,0,perspective,0 0 0 0 0 0,0.219087777725093,0.975683499434328,-0.00650035253380565,-0.0470982248564483,0.0039208991356657,-0.998882567555035,-0.974567751809412,0.219149116999251,0.0468119819234016,21.193326465679,-3.31094039084746,8.54700000856178
The_Tree-183.jpg,5464,3640,26.2910168825071,-7.70627606992822e-17,3.85313803496411e-17,perspective,0 0 0 0 0 0,0.272048876040227,0.962270855561009,-0.00492032347852245,-0.0460370162965304,0.007907717324125,-0.998908434811337,-0.961181565665802,0.271978433969691,0.0464513646692105,20.4820711148287,-5.86078126610517,8.54697010150195
The_Tree-184.jpg,5464,3640,26.3352602566191,-7.64666808283948e-17,3.82333404141974e-17,perspective,0 0 0 0 0 0,-0.854182245648283,-0.519765376399876,-0.0147188557690861,-0.327493564867741,0.559758549089991,-0.761195330838863,0.403881982996859,-0.645379206526336,-0.648355630494532,-6.37428686150773,9.29734069364577,22.2762609716575
The_Tree-185.jpg,5464,3640,26.2481985588471,0,0,perspective,0 0 0 0 0 0,0.0685074904121983,0.99764858388876,-0.00200669434023304,-0.128641747580739,0.00683903103809071,-0.991667549349999,-0.989322002452587,0.0681947997959712,0.12880778215617,13.4451124583745,-0.828705661323583,4.0592384530758
The_Tree-186.jpg,5464,3640,26.3842739489118,0,3.82526371876232e-17,perspective,0 0 0 0 0 0,0.0694975260702577,-0.997498048774168,-0.0129513150622564,-0.74992741739498,-0.043678522375583,-0.660076552622786,0.657859378978069,0.0555862336807746,-0.751086684821251,-7.04284494798033,-0.261072992903256,21.4584305162644
The_Tree-187.jpg,5464,3640,26.2031201790378,0,3.82912892292408e-17,perspective,0 0 0 0 0 0,0.88712588729896,0.461493598000565,-0.00559634599761516,-0.0208063373639911,0.0278766192956113,-0.999394812084865,-0.461058300445321,0.886705448895596,0.0343320621188363,11.1148342250269,-18.8621512421476,8.91095048730581
The_Tree-188.jpg,5464,3640,26.1504918904547,0,0,perspective,0 0 0 0 0 0,-0.893702525059017,0.44863720252555,-0.00452296508781025,-0.0206330225934707,-0.0511679825324973,-0.998476898051333,-0.448185313326746,-0.892248002560725,0.0549856967274497,10.8407823471158,18.7337343600075,8.31420669741109
The_Tree-189.jpg,5464,3640,26.1931360201511,7.63639548088101e-17,0,perspective,0 0 0 0 0 0,-0.962443967385299,0.271091179678951,-0.0145321004648711,0.0678947173818324,0.188525099420513,-0.979718630138331,-0.262853413512717,-0.943910938165652,-0.199850503666996,4.85812580004842,20.8236157659192,14.6370153154181
The_Tree-19.jpg,5464,3640,26.2861751548114,0,0,perspective,0 0 0 0 0 0,-0.999970443800512,-0.00766255733686983,-0.000629873372994361,0.00123013436070025,-0.0785864416468893,-0.996906544245114,0.00758935404770719,-0.9968778543053,0.0785935449054139,0.00201425961565281,12.3820636411598,3.87478073998663
The_Tree-190.jpg,5464,3640,26.381974248927,7.65181475494639e-17,-3.8259073774732e-17,perspective,0 0 0 0 0 0,-0.807912521148871,0.589160824429145,-0.0129182479014993,0.434304904266056,0.580456522177716,-0.688802929720687,-0.398317220693917,-0.562102969943515,-0.724833527700915,4.73233420100195,7.20429592001505,23.0484024837302
The_Tree-191.jpg,5464,3640,26.2341957855428,0,-3.8317100681367e-17,perspective,0 0 0 0 0 0,0.858722766950554,0.512399518971894,-0.00647630127134669,-0.0267286406325384,0.0321660278780124,-0.99912508046815,-0.511742893737394,0.858144556358614,0.0413174430641007,12.6320820698531,-18.0962207980848,8.86217338411456
The_Tree-192.jpg,5464,3640,26.3325301204819,0,0,perspective,0 0 0 0 0 0,-0.720961627310914,0.69283240099244,-0.0140568872887883,0.50881102538464,0.515479917920668,-0.689486616742872,-0.470452625024274,-0.504245692451162,-0.724162004838847,6.23261901418807,6.06100578314507,23.1366327507005
The_Tree-193.jpg,5464,3640,26.4051081813588,7.65954776632077e-17,3.82977388316039e-17,perspective,0 0 0 0 0 0,-0.761879223548094,0.647598316381042,-0.0125087707706832,0.475640514713991,0.546258702587152,-0.689469020776431,-0.439665952159549,-0.531241800377419,-0.724207152714881,5.44461403285886,6.76738432707322,23.1431491961448
The_Tree-194.jpg,5464,3640,26.3678284182306,7.65310250566247e-17,0,perspective,0 0 0 0 0 0,-0.795897877799121,-0.605272304031768,-0.0138566261020223,-0.430708547703993,0.582144671212066,-0.68963593925644,0.425484094943128,-0.542911613203725,-0.724023663424723,-5.69437621391542,8.01569171486742,22.8920647288978
The_Tree-195.jpg,5464,3640,26.381974248927,0,-3.82719534494584e-17,perspective,0 0 0 0 0 0,-0.698391859454418,-0.715579730489951,-0.0139448900938355,-0.511244817831927,0.512410863709797,-0.689973798772229,0.50087677814788,-0.474742831503656,-0.723700004869483,-6.49233403811758,7.2653081377035,22.8806323264331
The_Tree-196.jpg,5464,3640,26.3395822174612,0,0,perspective,0 0 0 0 0 0,-0.688367009802332,-0.725208080858116,-0.0149699456874259,-0.461479004977831,0.453771529117062,-0.762317865019202,0.559632011039814,-0.51784615362176,-0.64702965418803,-7.79553704268247,7.67357255841251,22.1833850416226
The_Tree-197.jpg,5464,3640,26.3395822174612,0,0,perspective,0 0 0 0 0 0,-0.865529970857462,0.500787808324762,-0.00833310150913569,0.108251875786458,0.170799473007868,-0.979341141486943,-0.489018814501236,-0.84855118352019,-0.202043282517115,10.2594468000831,18.6298736593916,14.6420828338146
The_Tree-198.jpg,5464,3640,26.1328931005268,0,0,perspective,0 0 0 0 0 0,-0.933822258995197,0.357539437316437,-0.0118970319220324,0.0831258589224234,0.184522116986987,-0.97930673433866,-0.347945513239526,-0.915487377906482,-0.202031632944933,7.06971831918662,19.4090177439305,14.5621995635354
The_Tree-199.jpg,5464,3640,26.3748994368463,0,3.82526371876232e-17,perspective,0 0 0 0 0 0,-0.909148158651241,0.416271739501893,-0.0129408080553759,0.309628692702437,0.65480331506527,-0.689465511272981,-0.278531323689882,-0.630833145508066,-0.724202902681259,3.60847854931316,8.63328356223369,23.0861216005909
The_Tree-2.jpg,5464,3640,26.1644054269753,0,3.82076416473252e-17,perspective,0 0 0 0 0 0,0.0903684235982514,-0.995888165668643,-0.00634897609957097,0.135640276120771,0.0186233625627283,-0.990583103964901,0.98662822963376,0.0886562566771409,0.136765509693595,-14.2935498930213,-1.35997451476347,4.56535145438627
The_Tree-20.jpg,5464,3640,26.1019108280255,0,0,perspective,0 0 0 0 0 0,0.883029099180506,-0.46928156187915,-0.0058673401750573,0.0640285831017581,0.132846239383817,-0.989066336110758,0.464930049089587,0.872998678327661,0.147354528575512,-6.53301776264328,-12.4206510199419,4.2963050947622
The_Tree-200.jpg,5464,3640,26.3890528575262,7.65567930785293e-17,-3.82783965392647e-17,perspective,0 0 0 0 0 0,-0.86380971312785,0.503666826837794,-0.0123493744428345,0.372596898676238,0.62213648475842,-0.688562085384671,-0.339122884221681,-0.599387956064838,-0.725072236071403,,,
The_Tree-201.jpg,5464,3640,26.1922769640479,0,3.82012223526936e-17,perspective,0 0 0 0 0 0,-0.871681563268533,0.490051825497776,-0.00452333770828162,-0.0233055612670648,-0.0506708141574201,-0.998443448276692,-0.489518235688675,-0.87021932690496,0.0555897473400046,11.7222047873569,18.2618640003082,8.33059975467388
The_Tree-202.jpg,5464,3640,26.3536977491961,0,0,perspective,0 0 0 0 0 0,0.0953381730167741,-0.995330877976784,-0.015069044820045,-0.717068453612291,-0.0581690697997366,-0.694571228998662,0.690451638856699,0.0770246886692718,-0.719266106344168,-9.88880375089945,0.156236389200756,22.795237416165
The_Tree-203.jpg,5464,3640,26.2441395065188,0,0,perspective,0 0 0 0 0 0,0.953335395850886,0.301846422103882,-0.00635298991974941,-0.0156397517582513,0.028359692227113,-0.999475425421618,-0.301507912305424,0.952934659522818,0.0317571015263651,6.77981594540766,-21.3338417500796,8.93545346649913
The_Tree-204.jpg,5464,3640,26.2202646525512,0,0,perspective,0 0 0 0 0 0,0.949376726292885,0.314022229411301,-0.00859482454504424,-0.0180337857755056,0.0271655995247891,-0.999468265015484,-0.31362176924443,0.949026906698654,0.0314533975585779,7.75486525938955,-20.7875837150041,8.93040541153569
The_Tree-205.jpg,5464,3640,26.2813683065379,0,0,perspective,0 0 0 0 0 0,0.942616138416241,0.333743392323115,-0.00949545564539633,-0.0191606434729557,0.0256800630701585,-0.999486570246151,-0.333328194635492,0.942314110284555,0.0306011800372363,8.85448145181606,-20.1839948715297,8.91913082916571
The_Tree-206.jpg,5464,3640,26.2481985588471,7.65954776632077e-17,0,perspective,0 0 0 0 0 0,0.804906006389868,0.593374499909867,-0.0057466280746663,-0.0295899970472379,0.0304625877043772,-0.999097824452189,-0.592664114783625,0.804349882580379,0.0420774695136705,14.5375934964073,-16.8421596423148,8.77577277640525
The_Tree-207.jpg,5464,3640,26.3403833975767,0,-3.82526371876232e-17,perspective,0 0 0 0 0 0,0.586812313234859,-0.809574667008524,-0.0154973408684249,-0.588038272051068,-0.412920327824878,-0.695491044854059,0.556652763973331,0.417235738410594,-0.718367621036623,-7.70948488985041,-5.41362000701386,22.7082039182062
The_Tree-208.jpg,5464,3640,26.3113964686998,0,0,perspective,0 0 0 0 0 0,0.258286327257943,-0.965937096275003,-0.0159279374502148,-0.697079141206873,-0.174929484282551,-0.695327510187055,0.668856370266361,0.190696621806617,-0.718516495555706,-9.51032148597174,-1.96367236070609,22.7886922269297
The_Tree-209.jpg,5464,3640,26.3678284182306,0,0,perspective,0 0 0 0 0 0,0.58969344125289,-0.807457253843126,-0.0165658854107669,-0.586602673877349,-0.414122335331561,-0.695988501614416,0.555120661066826,0.420137447266549,-0.71786180916739,-8.53531855136288,-5.6226302242794,22.6567828161256
The_Tree-21.jpg,5464,3640,26.0811455847255,7.61976124139518e-17,0,perspective,0 0 0 0 0 0,0.864422902844296,-0.502719867622062,-0.00676607244252292,0.0706447014960381,0.13477521308954,-0.988354677272893,0.497777431377495,0.853878431999969,0.152017275914607,-7.18696788768996,-12.1597377578936,4.33465760161784
The_Tree-210.jpg,5464,3640,26.4756885175711,0,3.83753038722755e-17,perspective,0 0 0 0 0 0,0.468366134925015,0.883502499958196,-0.00751639694405881,0.529990936309621,-0.287747424644041,-0.797691059897485,-0.706924869476987,0.369627856334367,-0.603019466299892,8.49490916571351,-3.29199231727292,20.3238783715232
The_Tree-211.jpg,5464,3640,26.1296493092455,7.62487174524588e-17,3.81243587262294e-17,perspective,0 0 0 0 0 0,-0.988698287405464,-0.14947219054034,-0.0115654976795536,-0.0204613192655059,0.210961010564318,-0.977280300853136,0.148516096418599,-0.965998714428106,-0.211635188066228,-3.56605456361254,19.8987933773025,14.599173091686
The_Tree-212.jpg,5464,3640,26.3607611900295,0,0,perspective,0 0 0 0 0 0,0.630560033057598,-0.775943851683381,-0.017469509013111,-0.564223137628395,-0.442819925675746,-0.696823338005621,0.532959938152175,0.449245648236336,-0.717030021592921,-7.79141477706643,-6.41018023563696,22.6131417633277
The_Tree-213.jpg,5464,3640,26.1122552090506,0,3.81051911250598e-17,perspective,0 0 0 0 0 0,-0.811825956957916,0.583875516633189,-0.00529118944003315,-0.0291280314517059,-0.0495470936033544,-0.998346955371332,-0.583172507405066,-0.810329850487928,0.0572307610913992,12.3256751909515,17.9455990923638,8.32226518726035
The_Tree-214.jpg,5464,3640,26.4600484261501,0,-3.83300194610978e-17,perspective,0 0 0 0 0 0,0.248904446736303,0.968505266323327,-0.00664270267869682,0.58330503055429,-0.155376681853089,-0.797253615900476,-0.773176446695678,0.194565248285264,-0.603607940997084,8.87828429842686,-1.60105612621598,20.2972711229452
The_Tree-215.jpg,5464,3640,26.4249082087614,0,0,perspective,0 0 0 0 0 0,-0.0272230219078384,0.999610207288396,-0.00619197569884378,0.604601878656354,0.0115320213102445,-0.796444336290809,-0.796062482097613,-0.025425301755334,-0.604680145719403,9.10991062314089,1.17576200612258,20.2145854971961
The_Tree-216.jpg,5464,3640,26.381974248927,0,3.83494139725472e-17,perspective,0 0 0 0 0 0,0.76053768821756,-0.649077473919344,-0.0167588081668626,-0.474183076647868,-0.537608210664023,-0.697228672422032,0.443545752568382,0.538215425900365,-0.716652859271096,-6.89879186956934,-7.16851321282301,22.6423453860038
The_Tree-217.jpg,5464,3640,26.3254817987152,0,-3.8239770508448e-17,perspective,0 0 0 0 0 0,0.341942988367053,-0.939573650821632,-0.0166236995978437,-0.678751172613776,-0.234709209124773,-0.695850869674995,0.649901406662605,0.249224681429696,-0.717993885617582,-9.38168790005119,-3.22417491730149,22.7662867964906
The_Tree-218.jpg,5464,3640,26.3341589509187,0,0,perspective,0 0 0 0 0 0,0.471913486083249,-0.881471203218292,-0.0174979870171512,-0.638667268943642,-0.328106770922733,-0.696024472597571,0.607784321312112,0.33963872684303,-0.717804816085557,,,
The_Tree-219.jpg,5464,3640,26.3415063454398,0,0,perspective,0 0 0 0 0 0,0.532859172738602,-0.846047377862531,-0.0162768682573677,-0.613075006182957,-0.372726900215154,-0.696572820780261,0.583266781860668,0.38115415814069,-0.717301449120217,-8.78075710277578,-4.4422707622419,22.7062421466533
The_Tree-22.jpg,5464,3640,26.1157727031333,0,-3.81307522125159e-17,perspective,0 0 0 0 0 0,0.828760457175702,-0.559566122825519,-0.00646983832389924,0.0800789868451269,0.130029765067509,-0.988271023587329,0.55384425652685,0.818521847223704,0.152573015732521,-7.57519478636728,-11.9380168495843,4.28719693081535
The_Tree-220.jpg,5464,3640,26.4032214765101,0,3.82848417988267e-17,perspective,0 0 0 0 0 0,-0.343906475611764,0.938992541190484,-0.00461991568455744,0.528081950926196,0.189337348800758,-0.827816900923799,-0.776439172851472,-0.287131286936372,-0.560979353384761,8.40076504038172,2.74581831155992,20.2200027882757
The_Tree-221.jpg,5464,3640,26.2390586914606,0,0,perspective,0 0 0 0 0 0,0.977150706316323,0.212371779504622,-0.00864432851941288,-0.0151777574288943,0.0291531117996692,-0.999459719924633,-0.212005030187826,0.976753972780473,0.0317103111404293,5.65922537820686,-21.8726805245493,8.94761853207819
The_Tree-222.jpg,5464,3640,26.3184372491303,0,-3.82462027658927e-17,perspective,0 0 0 0 0 0,0.18171206172474,-0.983240052940048,-0.0148231210679697,-0.708962639333073,-0.120547330277606,-0.694867121968528,0.681434298119509,0.136774776393139,-0.718985366950524,-9.81554260419469,-0.672192773645573,22.7815154149857
The_Tree-223.jpg,5464,3640,9.28900642236494,0,0,perspective,0 0 0 0 0 0,0.96945893812586,-0.24503139630437,-0.0104394498423854,-0.00995286658057478,0.00322400742739841,-0.999945271613871,0.245051642995329,0.969509783654213,0.000686778021606214,,,
The_Tree-224.jpg,5464,3640,26.2341957855428,0,-3.8239770508448e-17,perspective,0 0 0 0 0 0,-0.348434317117953,-0.937287445073578,-0.00926131534887453,0.0110213169461027,0.00578306362203504,-0.999922540373962,0.937268401914478,-0.348509399417847,0.00831512417776528,-20.8840146337774,8.81944817821956,9.66059232924376
The_Tree-225.jpg,5464,3640,26.2991606017625,0,-3.83300194610978e-17,perspective,0 0 0 0 0 0,-0.463758074307691,-0.885852257308972,-0.0139365252133228,-0.111609053211975,0.0740197696260025,-0.990991671481471,0.878903787541929,-0.458024946837083,-0.133196397546399,-19.9067118331016,11.1873287632855,12.3679689815773
The_Tree-226.jpg,5464,3640,26.1524348316928,0,0,perspective,0 0 0 0 0 0,-0.768017575036081,0.640373126363567,-0.00844176918946538,-0.0291431816469263,-0.0481139463673763,-0.998416607999112,-0.639765331507727,-0.766555482138317,0.0556148667579119,14.1500187136641,16.6862808268221,8.30967564975691
The_Tree-227.jpg,5464,3640,26.1783337769497,-7.63383164153876e-17,0,perspective,0 0 0 0 0 0,-0.229940653991285,-0.973174970153045,-0.00760086243007229,0.00993566751648709,0.00546228595059569,-0.999935720905697,0.973153933431429,-0.230001393256247,0.00841314133504053,-21.5057331299016,6.85603730228895,9.62026335714804
The_Tree-228.jpg,5464,3640,26.4348996341164,0,0,perspective,0 0 0 0 0 0,-0.639681866066533,0.768602945802706,-0.00752475441737132,0.436809643149523,0.355451590662085,-0.826348293607108,-0.632459046798467,-0.53188690376733,-0.563109115290792,6.65963272189855,5.92508514859464,20.2555083803294
The_Tree-229.jpg,5464,3640,26.4477151718327,0,-3.83494139725472e-17,perspective,0 0 0 0 0 0,-0.525156546926852,0.850984965897726,-0.00593203471939674,0.480844875449663,0.29097146597198,-0.827117773804865,-0.702138737696236,-0.437218702488999,-0.561997330260716,7.65252341945039,4.44616213561454,20.2483184658578
The_Tree-23.jpg,5464,3640,26.1157727031333,0,-3.81691582076938e-17,perspective,0 0 0 0 0 0,0.742381708751351,-0.669967300995987,-0.00363512139784561,0.0988721949276606,0.114922048998406,-0.988441809983873,0.662641447225882,0.733441707465672,0.151557164687877,-9.31436132331426,-10.492394938227,4.37205391173338
The_Tree-230.jpg,5464,3640,26.4174053182917,7.66858939100277e-17,3.83429469550138e-17,perspective,0 0 0 0 0 0,-0.447732895438474,0.894149390764587,-0.00566756893198317,0.504328637618006,0.247291436139415,-0.827344892345672,-0.738368390182466,-0.373287841494233,-0.561665654791113,,,
The_Tree-231.jpg,5464,3640,26.4108677337826,0,0,perspective,0 0 0 0 0 0,-0.373770029191053,0.927505237791913,-0.00547714771445485,0.522172940027127,0.205539706888504,-0.827700942125605,-0.766571187810986,-0.312229823624769,-0.561142719152,8.07178636010957,3.39456631402796,20.2213054957286
The_Tree-232.jpg,5464,3640,26.4184228949198,0,3.832355898251e-17,perspective,0 0 0 0 0 0,-0.582544961121547,0.812768883876297,-0.00693611378029857,0.46059700408707,0.323073646258899,-0.826724754025785,-0.669695280032576,-0.484799092919385,-0.562563837627901,,,
The_Tree-233.jpg,5464,3640,26.3113964686998,-7.68413908223157e-17,-3.84206954111578e-17,perspective,0 0 0 0 0 0,0.992766992393566,0.119618800615779,-0.0102489683908082,-0.0131966231200435,0.0238759949255715,-0.999627823744688,-0.11932957702121,0.992532759865163,0.0252818639024617,3.43990482529468,-21.9473391474986,9.00043492622137
The_Tree-234.jpg,5464,3640,26.3331994973328,0,0,perspective,0 0 0 0 0 0,0.992800039151561,0.119281078750802,-0.0109593116893123,-0.0138286121528372,0.0232538699411292,-0.999633946511766,-0.118982569087178,0.992588173304924,0.0247359347631953,3.58164363723337,-22.0061820469763,8.95985292621562
The_Tree-235.jpg,5464,3640,9.48314606741573,0,0,perspective,0 0 0 0 0 0,0.98371394498984,-0.17905303236045,-0.0157126075192657,-0.0163697422179636,-0.00219308963971064,-0.999863601646519,0.178994150664887,0.98383697936211,-0.00508842484428136,0.199377382626288,35.0387141734628,10.9316446179482
The_Tree-236.jpg,5464,3640,26.3536977491961,-7.65052743752463e-17,-3.82526371876232e-17,perspective,0 0 0 0 0 0,-0.0536738533629038,-0.998439043842854,-0.0154464622274588,-0.717968072162152,0.0493379968521111,-0.694325290784071,0.694003576951114,-0.0261770471365256,-0.719495515887536,-9.88308276107786,0.738643380538072,22.8315445027676
The_Tree-237.jpg,5464,3640,26.4215632813243,0,3.832355898251e-17,perspective,0 0 0 0 0 0,-0.292915616858876,-0.955994556394713,-0.0165785869078476,-0.684204892350425,0.221688243158722,-0.694779093042489,0.667880308651129,-0.192168496348585,-0.719032101040834,-8.89414763200032,3.64156625564728,22.8717445977545
The_Tree-238.jpg,5464,3640,26.3961352657005,0,0,perspective,0 0 0 0 0 0,-0.395792619145693,-0.91819650819347,-0.0162288314770933,-0.656733196705154,0.295351815946179,-0.69387953793344,0.641910983684827,-0.263974387315539,-0.719908196832182,-8.20028342158439,4.86112887662418,22.8675232686359
The_Tree-239.jpg,5464,3640,26.4035716539537,-7.65825784584817e-17,3.82912892292408e-17,perspective,0 0 0 0 0 0,-0.592568048648067,-0.80539072049347,-0.0144532025665782,-0.576540314296791,0.436584924194852,-0.690648152069006,0.562551663149243,-0.400923173823594,-0.723046495724333,-7.44558068541646,5.88701060263384,22.8817900043734
The_Tree-24.jpg,5464,3640,26.060413354531,0,0,perspective,0 0 0 0 0 0,0.464871291971393,-0.885357070363114,-0.00612697795744932,0.107839598328667,0.0634889007162815,-0.992138992539931,0.878786266923397,0.460556204435335,0.124990718147225,-12.5444275993797,-6.51396123778255,4.48247770243561
The_Tree-240.jpg,5464,3640,26.4245029554003,0,3.83429469550138e-17,perspective,0 0 0 0 0 0,0.99948626763077,0.0293729065434878,-0.0128231501082805,0.00418669868432496,-0.516327777736537,-0.856380813360374,-0.0317753421954608,0.855887176150477,-0.516185498953162,0.447785365847203,-10.2063133195873,16.0009604679888
The_Tree-241.jpg,5464,3640,26.3999065469876,0,0,perspective,0 0 0 0 0 0,-0.347576269977326,-0.937506404681375,-0.016506899468137,-0.67085021466718,0.260937105559035,-0.694169875767792,0.655095967038149,-0.230203319098304,-0.719621918681246,-8.5726622339541,4.21846097652187,22.8756223963532
The_Tree-242.jpg,5464,3640,26.4068659769317,0,0,perspective,0 0 0 0 0 0,-0.168386061749137,-0.98559823372755,-0.0155645713641697,-0.70708159443419,0.131773877003175,-0.69474546716906,0.686790909244596,-0.105980031197801,-0.719087254765577,-9.0837321641017,2.71707862524219,22.8529512646374
The_Tree-243.jpg,5464,3640,26.3961352657005,0,3.8259073774732e-17,perspective,0 0 0 0 0 0,-0.139260783648586,-0.990136673752516,-0.0153558271638303,-0.711288992602394,0.110806227578441,-0.694110905354833,0.688966184322752,-0.0857399977848063,-0.71970427929783,-9.04698725076303,1.2515606845613,22.8335836961885
The_Tree-244.jpg,5464,3640,26.1873926766084,0,3.81883902323198e-17,perspective,0 0 0 0 0 0,-0.955391904684996,0.295212485507797,-0.00871188054807526,0.0674504276005339,0.189380781700166,-0.97958427883421,-0.287535646970737,-0.936474510023067,-0.200845074119772,,,
The_Tree-245.jpg,5464,3640,26.5457489878543,7.67247091085649e-17,3.83623545542824e-17,perspective,0 0 0 0 0 0,-0.0806811616136667,-0.99663258935237,-0.0146298325848377,-0.716118147168849,0.0681692966555762,-0.694642171401175,0.693300331354403,-0.0455678486904421,-0.719206661335669,,,
The_Tree-246.jpg,5464,3640,26.2072025019322,0,0,perspective,0 0 0 0 0 0,-0.0651503623209422,-0.997820497811676,-0.0104730337681946,0.01008760116504,0.00983622140589354,-0.999900739599281,0.997824468828153,-0.0652495432575128,0.00942478182776283,-22.2296001798823,2.23466403353225,9.52132560902125
The_Tree-247.jpg,5464,3640,26.1530617553717,-7.62998910883329e-17,0,perspective,0 0 0 0 0 0,-0.116436397462582,-0.993129230007757,-0.0117003354710334,0.0115018959935042,0.0104313569917866,-0.999879439322494,0.993131548051158,-0.116556935853295,0.0102082794828884,-22.1337424935014,3.92404955694454,9.59938289684338
The_Tree-248.jpg,5464,3640,26.1865308450055,0,-3.81883902323198e-17,perspective,0 0 0 0 0 0,-0.310718189657511,-0.950464455068235,-0.00845732036771985,0.00979052382594528,0.0056968820959441,-0.999935843530773,0.950451656981655,-0.310781056672101,0.00753542000151562,-21.0734249581244,8.30059142158514,9.64729300480104
The_Tree-249.jpg,5464,3640,26.3254817987152,7.64409734218296e-17,0,perspective,0 0 0 0 0 0,-0.661042522313177,0.750295778966955,-0.00888975580113539,0.346915785995561,0.295099458153368,-0.890261617292732,-0.665336171511001,-0.591584781634855,-0.455362740040427,9.95750868211668,9.62866973280176,15.7296295526436
The_Tree-25.jpg,5464,3640,26.1504918904547,7.62359347672195e-17,-3.81179673836097e-17,perspective,0 0 0 0 0 0,0.526108718908356,-0.850391741239721,-0.0065956288468092,0.123173837921776,0.0838728923974716,-0.98883443688643,0.841449833050211,0.519422009884216,0.148872274475851,-11.8048325791094,-7.80541722449913,4.4178204952609
The_Tree-250.jpg,5464,3640,26.3395822174612,0,0,perspective,0 0 0 0 0 0,-0.354434067836683,0.935063159965558,-0.00577740702799901,0.434748293869426,0.159314171537302,-0.886348078197841,-0.827871012014773,-0.316663672723299,-0.462983483337178,,,
The_Tree-251.jpg,5464,3640,26.3043594543996,0,0,perspective,0 0 0 0 0 0,-0.106913192583733,0.994243482301827,-0.00703328883884957,0.461011544037058,0.0433036304754213,-0.886336929080706,-0.880930147921004,-0.0980035381401362,-0.46298745230934,,,
The_Tree-252.jpg,5464,3640,26.3343579373634,-7.65310250566247e-17,0,perspective,0 0 0 0 0 0,0.450306855695476,0.892836435974745,-0.00817522535274406,0.409238099740851,-0.21452185453099,-0.8868509185027,-0.793566577820759,0.396009434893286,-0.461983348229511,10.8060716427623,-4.07320054805237,15.7639092867221
The_Tree-253.jpg,5464,3640,26.2411953041622,0,0,perspective,0 0 0 0 0 0,0.570198071183848,0.821462969083885,-0.00852936352301725,0.37465919364192,-0.269272267716916,-0.887199489662937,-0.731098248006249,0.502683833301288,-0.461307181279152,10.1150333509323,-5.63933698179131,15.7562660914096
The_Tree-254.jpg,5464,3640,26.1924527180126,0,3.81755667298912e-17,perspective,0 0 0 0 0 0,-0.632724967531485,0.774337110212726,-0.00782017964536231,-0.034612153102504,-0.0383679219266888,-0.998664058342262,-0.773602685052146,-0.631609010634294,0.0510778167669481,17.1267475070037,14.4120511939237,8.40373958969337
The_Tree-255.jpg,5464,3640,26.5298349252028,0,0,perspective,0 0 0 0 0 0,0.903454594061873,0.428608875986417,-0.00801423072765495,0.192470432220582,-0.422266851953188,-0.885802369867211,-0.383046902075083,0.798739718035359,-0.463993462931836,4.19690520209434,-9.51456303548187,15.7782351834735
The_Tree-256.jpg,5464,3640,26.2272,0,0,perspective,0 0 0 0 0 0,0.911711477271453,-0.4107034889924,-0.0102384735666199,-0.0898866113505674,-0.175095785499291,-0.980439627412264,0.400877262153164,0.894798362777814,-0.196553582156946,-7.19930707498089,-19.4959510034745,14.0111027959239
The_Tree-257.jpg,5464,3640,26.369750392107,0,0,perspective,0 0 0 0 0 0,0.948907742929063,0.315482481668326,-0.00670068426847515,0.0471850436389708,-0.162855061206947,-0.985521080797397,-0.312005876653085,0.93485241230885,-0.16942048321931,7.80558849873596,-20.723009692161,13.9044564580489
The_Tree-258.jpg,5464,3640,26.3890528575262,0,0,perspective,0 0 0 0 0 0,0.574804216470323,-0.818183326789922,-0.0132723958242096,-0.431502989873082,-0.289285869269265,-0.854469926663143,0.695273530675898,0.496879995173987,-0.519331289195413,-8.10381168681133,-4.6656101370788,16.0848916276619
The_Tree-259.jpg,5464,3640,26.4316044074174,-7.66600389221956e-17,-3.83300194610978e-17,perspective,0 0 0 0 0 0,-0.776311787834641,0.630325939186361,-0.00540541005064199,0.344181769784152,0.416680255577153,-0.841377723712963,-0.528089876268455,-0.65503188853749,-0.540420491452514,5.94548306775105,7.87007637989883,20.1990060621706
The_Tree-26.jpg,5464,3640,26.1227091633466,0,0,perspective,0 0 0 0 0 0,0.527791839336748,-0.849343593838152,-0.00715778845906279,0.12264829712081,0.0845484611188392,-0.988842228535878,0.840471992122818,0.521024968047145,0.148794533261721,-11.8188610454714,-7.78483123547964,4.38886556325656
The_Tree-260.jpg,5464,3640,26.4483789772605,0,-3.8317100681367e-17,perspective,0 0 0 0 0 0,-0.156848976347902,0.987608780047132,-0.00522457581352143,0.554397550761532,0.0836672928027117,-0.828035711684393,-0.817338212937722,-0.132773045791988,-0.56065101799862,,,
The_Tree-261.jpg,5464,3640,26.5343178307326,-7.68413908223157e-17,0,perspective,0 0 0 0 0 0,0.954619356715847,0.297770133161498,-0.00590182856460153,0.133118116524143,-0.444321562888642,-0.885922070955036,-0.266423442730715,0.844932717172899,-0.463796563823337,3.30651382453639,-9.70977772856412,15.7615453425185
The_Tree-262.jpg,5464,3640,26.4545471240244,0,0,perspective,0 0 0 0 0 0,0.986436543768931,-0.163412082642457,-0.0154737314071802,-0.0973797500341241,-0.5067205146817,-0.856592963013359,0.132136782920194,0.846481429948211,-0.515760660919707,-2.00745077369622,-10.2022986272194,16.0378181559731
The_Tree-263.jpg,5464,3640,26.4671689989236,0,0,perspective,0 0 0 0 0 0,0.905409922747338,0.424409225464057,-0.0104728759975252,0.20954680353141,-0.468217310114808,-0.858407064066124,-0.369219459021906,0.775015715872816,-0.512862195165249,4.8556578191465,-9.51877512094265,16.0042736022071
The_Tree-264.jpg,5464,3640,26.4963027598152,0,0,perspective,0 0 0 0 0 0,0.962656366369564,0.27066642467125,-0.00569270092583984,0.120423787864334,-0.44694440762743,-0.886419092645782,-0.242468207409866,0.852631446198326,-0.462848555522428,2.52608996109509,-9.95005115163313,15.7861119992897
The_Tree-265.jpg,5464,3640,26.4103114930183,0,3.83300194610978e-17,perspective,0 0 0 0 0 0,0.837030569602822,-0.546928618405769,-0.0157769426421037,-0.121147513009971,-0.15713366503752,-0.980118508856646,0.533575773102447,0.822300491110539,-0.197784723063973,-10.9920117163719,-17.3837279047594,14.0767338477342
The_Tree-266.jpg,5464,3640,26.3678284182306,7.65052743752463e-17,-3.82526371876232e-17,perspective,0 0 0 0 0 0,-0.31647952490337,-0.948546846135995,-0.00997952916697997,-0.488037945554492,0.171835375039527,-0.855740362250126,0.813424657860756,-0.265953914373303,-0.517309231904505,-8.6702069881986,3.77370466220958,16.1993623979153
The_Tree-267.jpg,5464,3640,26.3334760542929,0,0,perspective,0 0 0 0 0 0,-0.994488158390166,-0.104460029062603,-0.00902248025639096,-0.0448119442430674,0.501259634920871,-0.864135792599839,0.0947902551684135,-0.858968498099456,-0.503177828205766,-1.39115168116743,13.0523133961824,16.1239471096248
The_Tree-268.jpg,5464,3640,26.2902967121091,0,0,perspective,0 0 0 0 0 0,-0.951294303976295,-0.308190497067805,-0.00760031179336451,-0.148533070243899,0.479803064493859,-0.864712059789976,0.270142692416764,-0.821466759412334,-0.502210403032853,-2.67868630928544,9.68278548009114,16.1280424761916
The_Tree-269.jpg,5464,3640,26.3748994368463,7.65825784584817e-17,0,perspective,0 0 0 0 0 0,0.744336024527893,-0.66762971613188,-0.0153115880194488,-0.143561464155817,-0.137579449626241,-0.980031632678241,0.652191680872618,0.731671003373925,-0.198251240153357,-12.8745851481962,-16.1766878059221,14.0862189636306
The_Tree-27.jpg,5464,3640,26.1713677488026,0,3.81627518367291e-17,perspective,0 0 0 0 0 0,0.623123225539032,-0.782098475013297,-0.00627862848939386,0.113162003743048,0.0980972264649838,-0.988722051472878,0.77389392470977,0.615385171694731,0.149630490728181,-11.0212618691104,-8.89046933467045,4.41482963406469
The_Tree-270.jpg,5464,3640,26.2832709780866,-7.63383164153876e-17,-3.81691582076938e-17,perspective,0 0 0 0 0 0,-0.810579872118275,-0.585569778606515,-0.00826470201752727,-0.288696089629093,0.411828968934136,-0.864321391716945,0.509524129702992,-0.698215536012601,-0.502871978261908,-5.41493765410449,8.58232011359339,16.1843569371527
The_Tree-271.jpg,5464,3640,26.3688227897001,7.65954776632077e-17,0,perspective,0 0 0 0 0 0,-0.727578312880334,-0.685965019788509,-0.00904379636861563,-0.339575355979103,0.371567323748747,-0.864075402689985,0.596085879918214,-0.625611473319299,-0.50328114231847,-6.16496678344817,7.74425440453436,16.1712879367392
The_Tree-272.jpg,5464,3640,26.4032214765101,0,-3.82848417988267e-17,perspective,0 0 0 0 0 0,-0.20986144671882,-0.977686101191554,-0.009384067238841,-0.505974488537006,0.116810685368646,-0.854602293896654,0.836628944114892,-0.174599975144805,-0.519198284423817,-9.20785657357039,2.34138640605755,16.1742219717545
The_Tree-273.jpg,5464,3640,26.4032214765101,0,-3.82783965392647e-17,perspective,0 0 0 0 0 0,0.489613747511873,-0.871861993795291,-0.0116207582661332,-0.456848989727062,-0.245156568940512,-0.855094882039811,0.742675823514367,0.42397514134748,-0.518341297492918,-8.64443406746792,-3.40268961572964,16.1107456035911
The_Tree-274.jpg,5464,3640,26.5744393407187,0,3.83688281206939e-17,perspective,0 0 0 0 0 0,0.737391931467082,-0.675339521119123,-0.013025767610408,-0.358129675443267,-0.374539853947134,-0.855256121505225,0.572709590433185,0.635323877262498,-0.518041789825879,-7.21341658520818,-6.29549942426467,16.1177425968168
The_Tree-275.jpg,5464,3640,26.234784315292,0,-3.8239770508448e-17,perspective,0 0 0 0 0 0,0.691527262632341,0.722321001219652,-0.00651277462071498,0.32948130545915,-0.323432894451906,-0.88703620678042,-0.642831326546206,0.611263882446445,-0.461653930587993,8.65752473164034,-7.38507362333467,15.7300042379964
The_Tree-276.jpg,5464,3640,26.2850089544014,7.64281261994057e-17,3.82140630997029e-17,perspective,0 0 0 0 0 0,-0.174619713976481,0.984612338711107,-0.00681894043207798,0.457379114029075,0.0749788604532987,-0.886105251386709,-0.871958887528965,-0.157850286483646,-0.46343390630842,,,
The_Tree-277.jpg,5464,3640,26.3254817987152,0,0,perspective,0 0 0 0 0 0,-0.239619915484243,0.970852468559817,-0.00527071101790711,0.450686518713182,0.106423946676549,-0.886315748152982,-0.859920902149446,-0.214754343064574,-0.463051416347457,12.4291050681968,4.06573384299702,15.7319931417116
The_Tree-278.jpg,5464,3640,26.3113964686998,7.67376562413878e-17,0,perspective,0 0 0 0 0 0,-0.536685536714234,-0.843687248971378,-0.0126673045618428,-0.106897713700754,0.0828759104853149,-0.99081000311199,0.836983580177835,-0.530399292405578,-0.134666540493011,-19.2680292687106,11.9986394504552,12.4107639813134
The_Tree-279.jpg,5464,3640,26.4621084862119,7.66988279450943e-17,-3.83494139725472e-17,perspective,0 0 0 0 0 0,0.211670928719991,0.977314704841554,-0.00716837745112642,0.588639647825081,-0.133338231707615,-0.797323197313016,-0.780191504018841,0.164550550486931,-0.603510011011638,9.07650777377326,-0.730610056914985,20.2668207610758
The_Tree-28.jpg,5464,3640,26.4399188937844,0,0,perspective,0 0 0 0 0 0,0.0914492680633678,0.99579714105718,-0.00500851604970087,-0.0474639073899361,-0.000665125951071623,-0.998872732185011,-0.99467794228381,0.0915839039887197,0.0472035980009057,21.5802816636645,-1.91632443884359,8.51763894731615
The_Tree-280.jpg,5464,3640,26.4245029554003,0,0,perspective,0 0 0 0 0 0,-0.709249964094163,0.704924862164105,-0.00673996553007328,0.400872122026096,0.395430275943986,-0.826399684565016,-0.579884497305043,-0.588825810889589,-0.563043634379695,,,
The_Tree-281.jpg,5464,3640,26.4542865898257,0,0,perspective,0 0 0 0 0 0,-0.716690532192664,0.697365456623644,-0.0060084085656662,0.395881245425814,0.399728665418711,-0.826737584462375,-0.574136499959289,-0.59489361565802,-0.56255565543671,5.67524215967569,7.11067207925961,20.2162545390284
The_Tree-282.jpg,5464,3640,26.4316044074174,0,0,perspective,0 0 0 0 0 0,-0.87249370934076,0.488591143785749,-0.00578112229025151,0.268732445145442,0.469936078408631,-0.840798998058436,-0.408090186217401,-0.735145411754743,-0.541316564949749,,,
The_Tree-283.jpg,5464,3640,26.4329834351519,0,0,perspective,0 0 0 0 0 0,-0.92712728356524,0.374698424563347,-0.00600755346918902,0.207803808660075,0.500702386887024,-0.840306311336529,-0.31185345464706,-0.78031930028379,-0.542078603552391,2.78853307663128,8.80853154372171,20.2009373277191
The_Tree-284.jpg,5464,3640,26.2552055525894,7.65825784584817e-17,-3.82912892292408e-17,perspective,0 0 0 0 0 0,-0.402382179481418,-0.915403629244281,-0.0111703716224287,-0.0764237570963574,0.0457476137184133,-0.996025383808238,0.912276269003563,-0.399929182988026,-0.088366609120578,-20.6110919174259,10.0451746645845,11.3953346955547
The_Tree-285.jpg,5464,3640,26.3325301204819,0,0,perspective,0 0 0 0 0 0,-0.706928290915608,-0.707150579417378,-0.0138003453871321,-0.0869627899874427,0.106266023436214,-0.990527639907466,0.70191870231583,-0.6990318950468,-0.136618245657533,-15.4266459406859,15.728280536605,12.6452629272579
The_Tree-286.jpg,5464,3640,26.4103114930183,0,-3.84661944583373e-17,perspective,0 0 0 0 0 0,-0.803178956349229,-0.595711374832572,-0.00561444323601279,-0.0637191399585836,0.0952731763608346,-0.99340973070987,0.592320382293824,-0.797528043244377,-0.114479626825448,-13.2321005790434,18.0015124205137,12.4236780490218
The_Tree-287.jpg,5464,3640,26.3076099266147,0,0,perspective,0 0 0 0 0 0,0.175282207170188,0.98447935102991,-0.0087495854344386,0.453670000119839,-0.0886549476121188,-0.88674902382532,-0.873761797540275,0.151461901677021,-0.462168382193728,12.9159442966657,-0.80757919762969,15.7099537279107
The_Tree-288.jpg,5464,3640,26.2303728835928,0,-3.82333404141974e-17,perspective,0 0 0 0 0 0,0.637431023273651,0.770465900912788,-0.00799913113729823,0.35110475141508,-0.299690008172699,-0.887080240189805,-0.685862336115682,0.562643932280526,-0.461545947188193,9.65427420123669,-6.40507591692229,15.7175387398502
The_Tree-289.jpg,5464,3640,26.3540239660569,7.66212891131363e-17,3.83106445565682e-17,perspective,0 0 0 0 0 0,0.858760153236545,0.51227407887758,-0.0103086043319571,0.229984115326376,-0.403360626483064,-0.885667833728162,-0.4578627588161,0.75820542936154,-0.464204934243479,4.88490932143064,-9.35082823785283,15.7920610052507
The_Tree-29.jpg,5464,3640,26.185303514377,7.65052743752463e-17,-3.82526371876232e-17,perspective,0 0 0 0 0 0,0.0105399271608633,0.99994083082834,-0.0026916124857479,-0.0452454178475143,-0.00221209689713344,-0.998973452495672,-0.998920298171605,0.0106508905565417,0.0452194253734503,22.3532973004739,0.164058103661663,8.65480332427209
The_Tree-290.jpg,5464,3640,26.4387096774194,0,0,perspective,0 0 0 0 0 0,-0.814905027181472,-0.579593321351994,-0.00117410328751433,0.0111262844518778,-0.0136180716941647,-0.999845365002823,0.579487706917637,-0.814792077752047,0.0175461552438634,-12.9184843452952,17.1890651910169,8.69455994592222
The_Tree-291.jpg,5464,3640,26.2202079445481,0,0,perspective,0 0 0 0 0 0,-0.754744397843976,0.65598154704908,-0.00700741423277228,-0.0276829277505884,-0.0425193723719783,-0.99871204983431,-0.655434626361996,-0.753578338929795,0.0502507478702714,14.9965009454919,16.0930283116951,8.32889447822949
The_Tree-292.jpg,5464,3640,26.3522589723902,0,0,perspective,0 0 0 0 0 0,-0.536439726026588,0.843905377946165,-0.00749222357244506,0.386833754773356,0.237986503831403,-0.890910809319346,-0.750061375161037,-0.480818195441526,-0.454116500937687,,,
The_Tree-293.jpg,5464,3640,26.3259066585343,0,0,perspective,0 0 0 0 0 0,-0.00239634525666332,0.999972247983255,-0.00705413302441293,0.462504172585281,-0.00514603278287747,-0.886602170473208,-0.886613866274725,-0.00538717086352349,-0.462479005490489,12.8696327138358,1.58163246975031,15.7630264782372
The_Tree-294.jpg,5464,3640,26.5112441148198,0,0,perspective,0 0 0 0 0 0,0.993117274888883,-0.116747886320827,-0.00938133023076482,-0.0627467792825841,-0.462698501100764,-0.884292337843526,0.0988985338968279,0.878794645021649,-0.466839428363043,-1.45242227371186,-9.63708095800389,15.8717977738112
The_Tree-295.jpg,5464,3640,26.2202079445481,0,0,perspective,0 0 0 0 0 0,0.889396309325103,-0.456996207438426,-0.0113433392693896,-0.0999061617807708,-0.170101498755507,-0.980349039352498,0.44608627393938,0.873052086938704,-0.196944382237358,-8.80691252684258,-18.6806378209305,14.0096950702198
The_Tree-296.jpg,5464,3640,26.3043594543996,0,3.83558831719352e-17,perspective,0 0 0 0 0 0,-0.656358576723374,-0.7543004391404,-0.0149755225039794,-0.092339296051736,0.100018254056771,-0.990691578272524,0.748776918158097,-0.648866085080763,-0.135299410440799,-17.2645155023331,14.1698252722327,12.5861602607944
The_Tree-297.jpg,5464,3640,26.1435406698565,-7.62615044250317e-17,0,perspective,0 0 0 0 0 0,-0.703961435345496,0.71019433752609,-0.00789306608284867,-0.031283349357255,-0.0421074471054575,-0.998623209699861,-0.709548905713554,-0.702745306525871,0.0518592764754653,15.5599618424321,15.5295328314656,8.35789317671763
The_Tree-298.jpg,5464,3640,26.3375680432727,0,0,perspective,0 0 0 0 0 0,0.382832967601864,0.923776785189421,-0.0086815933012172,0.423258491826132,-0.183745089909518,-0.887180923505015,-0.821152341538535,0.335967547657866,-0.461340046935599,11.6079693919447,-2.6828072166425,15.7127482993101
The_Tree-299.jpg,5464,3640,26.2622162883845,0,0,perspective,0 0 0 0 0 0,-0.345894500123876,-0.938229690699013,-0.00905771907762976,-0.0773996801353964,0.0381527643423452,-0.996269871113232,0.935075550048761,-0.343903204497825,-0.085815509304175,-20.8884622958686,8.99810719022883,11.4389216270787
The_Tree-3.jpg,5464,3640,26.1655104600064,0,0,perspective,0 0 0 0 0 0,0.159573868253654,-0.987162959691079,-0.00674326215670007,0.122500486751932,0.0265791487013159,-0.992112483340399,0.97955592556837,0.157489173812874,0.125169280638793,-14.1296520144616,-2.13814069689939,4.53152106922279
The_Tree-30.jpg,5464,3640,26.0949854072698,0,0,perspective,0 0 0 0 0 0,-0.104174706471454,0.994553269349637,-0.00338008247456933,-0.0440091982038133,-0.00800494528271072,-0.998999054716509,-0.993584833320761,-0.103921678570784,0.0446034047802052,22.1938010829268,3.04079968598378,8.61548661252712
The_Tree-300.jpg,5464,3640,26.4820904808852,0,0,perspective,0 0 0 0 0 0,0.942011888955343,0.335409870876562,-0.0106686262168463,0.163326107902259,-0.486016443029114,-0.858552618994799,-0.293152150843699,0.807024309190186,-0.51261445632348,3.81697930663718,-10.1320017159264,15.9354886618723
The_Tree-301.jpg,5464,3640,26.2411953041622,0,-3.82462027658927e-17,perspective,0 0 0 0 0 0,0.752057383756839,0.659068966792208,-0.00614723907706072,0.300255212866293,-0.350891333033059,-0.886973550647876,-0.586733754511734,0.665209267384132,-0.461779310821555,7.95264005601326,-7.98352141176998,15.766144314593
The_Tree-302.jpg,5464,3640,26.4390024425482,0,0,perspective,0 0 0 0 0 0,0.999105166243016,0.0414656863550942,-0.00833448508402235,0.0120010814517953,-0.466891372572206,-0.884233238609378,-0.0405566373174874,0.883341974024071,-0.466971215490586,-0.0963289906262524,-9.6249409263565,15.8312363914756
The_Tree-303.jpg,5464,3640,26.2692307692308,0,0,perspective,0 0 0 0 0 0,-0.981618367980385,0.190725624576132,-0.00700826466182747,0.101881390704114,0.492600843972049,-0.864271132658161,-0.161386374492153,-0.849098430482632,-0.50297742840033,,,
The_Tree-304.jpg,5464,3640,26.3466380926868,-7.66858939100277e-17,3.83429469550138e-17,perspective,0 0 0 0 0 0,-0.879090582608649,-0.476596327051665,-0.00746248012715612,-0.233963789339167,0.445084872234947,-0.86438440626012,0.415283870198258,-0.758126241168622,-0.502776202305452,-4.28794923898851,8.90500511299049,16.1529839356714
The_Tree-305.jpg,5464,3640,26.5314270299434,7.67376562413878e-17,3.83688281206939e-17,perspective,0 0 0 0 0 0,0.867458926762763,-0.497365268977495,-0.0119498784319845,-0.26599011456716,-0.443349658384576,-0.855973328651558,0.420433430321787,0.745700254542818,-0.516881863719972,-5.47619402137845,-8.10947334902526,16.1072932475615
The_Tree-306.jpg,5464,3640,26.4850075199041,7.67894884982209e-17,0,perspective,0 0 0 0 0 0,0.956555615254308,0.291354071547804,-0.0106845644726263,0.141045393231679,-0.494523086703536,-0.857643931806976,-0.255161815273316,0.818877110261194,-0.514132985050271,2.81949794081956,-10.2925592976548,15.9619032504623
The_Tree-307.jpg,5464,3640,26.3184372491303,0,0,perspective,0 0 0 0 0 0,0.695604665040826,-0.718258537375954,-0.0154539140671925,-0.152884336955599,-0.126975735190602,-0.980052826222369,0.701969037413395,0.684091979312257,-0.198135393994992,-14.9860460163562,-14.3497741221294,14.198024299809
The_Tree-308.jpg,5464,3640,26.2448381274323,0,3.82526371876232e-17,perspective,0 0 0 0 0 0,0.857041296784774,0.515185131280635,-0.00803094719370101,0.232693340510112,-0.400911802309931,-0.886071970017587,-0.459710805711284,0.75753152229855,-0.463478120126856,5.7617307394745,-9.15134319960316,15.7744868104753
The_Tree-309.jpg,5464,3640,26.4991796861102,-7.6776523870752e-17,-3.8388261935376e-17,perspective,0 0 0 0 0 0,0.994082519348026,0.108489902966067,-0.00546677977378174,0.0455655075890026,-0.462139331554503,-0.885635942556824,-0.0986089714216622,0.880146112406781,-0.464348028498444,1.12290721544778,-9.91483773642654,15.8379926700001
The_Tree-31.jpg,5464,3640,26.20100845381,0,-3.82269124820498e-17,perspective,0 0 0 0 0 0,-0.321441103285153,0.946908088740016,-0.00637876144354266,-0.0397447912319321,-0.0202216305624071,-0.999005223823844,-0.946095116089685,-0.320867818791676,0.0441347275410047,21.4626313834095,6.54935219944273,8.60152269438723
The_Tree-310.jpg,5464,3640,26.2552055525894,0,-3.82655125283124e-17,perspective,0 0 0 0 0 0,0.792958269766693,0.609231988570038,-0.00731891464702095,0.276589337917921,-0.370651882642187,-0.886631558226938,-0.542877076840365,0.701037492575682,-0.462418547902721,7.23914242615369,-8.29282546296938,15.799714953948
The_Tree-311.jpg,5464,3640,26.4458187684862,7.67635636202674e-17,0,perspective,0 0 0 0 0 0,0.9840998051068,0.177148226123263,-0.0128871862770641,0.0804019253326857,-0.508996927389713,-0.857005051508233,-0.158376462871084,0.842342349575998,-0.515146835493757,,,
The_Tree-312.jpg,5464,3640,26.2983293582098,0,3.82462027658927e-17,perspective,0 0 0 0 0 0,-0.95411481056261,0.299338926804811,-0.00781889790304646,0.172083118364766,0.526755675835027,-0.832415676419805,-0.245055766385801,-0.795565625749962,-0.554096567834651,,,
The_Tree-313.jpg,5464,3640,26.3429229952366,0,3.8259073774732e-17,perspective,0 0 0 0 0 0,-0.891018057133993,0.4539160861013,-0.00685628468204768,0.290859461106415,0.559218669915325,-0.776321617052508,-0.348550707567851,-0.693710794205058,-0.630299720971966,4.08129488921908,10.0872320163869,16.1533183287986
The_Tree-314.jpg,5464,3640,26.3358713233822,0,0,perspective,0 0 0 0 0 0,-0.855553007727399,0.517669576792319,-0.00687460778973659,0.330458473205742,0.535830941235719,-0.776970012227611,-0.398530109847589,-0.667010803269411,-0.629500071379475,4.88598252249095,9.66571499035538,16.1968949932375
The_Tree-315.jpg,5464,3640,26.3466380926868,0,3.82912892292408e-17,perspective,0 0 0 0 0 0,-0.854679299101973,0.519088954316531,-0.00836380255206848,0.332261932620389,0.534548100028852,-0.777084510775314,-0.398905131350706,-0.66693701821245,-0.629340694632058,,,
The_Tree-316.jpg,5464,3640,26.3142528106725,7.64924055317854e-17,0,perspective,0 0 0 0 0 0,-0.994522298385312,-0.104279932123772,-0.00714799067270988,-0.0462381761238711,0.500243909030299,-0.864649097927491,0.0937412880385879,-0.859582298115979,-0.50232543602979,-0.664696424512251,10.8692824872569,16.1242609564048
The_Tree-317.jpg,5464,3640,26.2552055525894,0,0,perspective,0 0 0 0 0 0,0.42311360376037,-0.905908271810906,-0.0174665788719466,-0.189869138857098,-0.0697981860057577,-0.979325238794533,0.88595969909617,0.417682195329036,-0.201536585469091,-18.8045244887951,-8.58403600512311,14.2263124221692
The_Tree-318.jpg,5464,3640,26.3272225283489,0,0,perspective,0 0 0 0 0 0,-0.654722844712872,0.75580632110607,-0.00973661066248255,0.482106857788077,0.407638305926809,-0.775502410837534,-0.582160608668081,-0.512433231277236,-0.631269521835151,,,
The_Tree-319.jpg,5464,3640,26.64123208956,0,0,perspective,0 0 0 0 0 0,0.816649907262732,0.577045150057448,-0.0100907761321167,0.301547166738971,-0.441535146795396,-0.845053856494405,-0.492089661748213,0.687070308585333,-0.534585966763985,5.06989485605116,-6.97036632202698,19.7918807029914
The_Tree-32.jpg,5464,3640,26.1783337769497,-7.63896104294413e-17,0,perspective,0 0 0 0 0 0,-0.376512467829933,0.926396481220263,-0.00528404687037387,-0.0390161184452825,-0.0215554034243546,-0.999006059583563,-0.925589598077937,-0.375932073872299,0.0442602729769563,,,
The_Tree-320.jpg,5464,3640,26.2941972920136,0,0,perspective,0 0 0 0 0 0,0.521891275818838,-0.852863803169147,-0.0159006121908636,-0.179345585555752,-0.0914845692212552,-0.979523217966816,0.833945236311025,0.51405632652294,-0.200702356727294,-17.4260233572062,-11.2262057314335,14.2120292596854
The_Tree-321.jpg,5464,3640,26.3056855347666,7.65052743752463e-17,0,perspective,0 0 0 0 0 0,-0.985274721952808,0.170900692604089,-0.00516483767999177,0.0904676445060805,0.495454567257654,-0.863909935746228,-0.145083863948888,-0.851655872433798,-0.503619844099384,2.01745586566864,11.7214073261717,16.2009540163288
The_Tree-322.jpg,5464,3640,26.3206758502936,0,0,perspective,0 0 0 0 0 0,-0.992661144537576,0.120763492567848,-0.00632700467561165,0.0662067052764415,0.498939124275127,-0.864104404828495,-0.101195475698216,-0.858181757630856,-0.503272835118117,,,
The_Tree-323.jpg,5464,3640,26.3193485946103,0,0,perspective,0 0 0 0 0 0,0.467363058869555,-0.883970349337392,-0.0129689126923651,-0.463181340562852,-0.232340338114627,-0.855266632717061,0.753017142539592,0.405726987982202,-0.518025862543944,-8.96499181951289,-3.65355638440575,16.1514535188534
The_Tree-324.jpg,5464,3640,26.3607611900295,0,-3.82333404141974e-17,perspective,0 0 0 0 0 0,0.24571514880768,-0.969295523159171,-0.00950023315553495,-0.503381885369848,-0.119218806911836,-0.855799949497554,0.828390453305636,0.215065257217683,-0.517219674809432,-9.50331200711333,-1.69126864329043,16.1640109182614
The_Tree-325.jpg,5464,3640,26.3831058039086,0,3.82655125283124e-17,perspective,0 0 0 0 0 0,-0.0296092315473881,-0.999515623954917,-0.00958179926661629,-0.517658074266452,0.02353382366987,-0.855263864132131,0.855075091178501,-0.0203636100308379,-0.51810415152997,-9.58048891616157,0.427473536124902,16.1444531793957
The_Tree-326.jpg,5464,3640,26.4557454070453,0,0,perspective,0 0 0 0 0 0,-0.531945073060567,-0.846715592284215,-0.0103510883185827,-0.434696210229476,0.28354546238742,-0.85477551179923,0.726686757866634,-0.450194043210586,-0.518894670813823,-7.87575468326693,5.63911858376954,16.1866455974381
The_Tree-327.jpg,5464,3640,26.3466380926868,0,0,perspective,0 0 0 0 0 0,-0.920452891230453,-0.390765681769915,-0.0082859505425148,-0.190069611848712,0.466034004054657,-0.864109859749595,0.341526013177883,-0.793797511343842,-0.503235027901619,-3.60865006414614,9.58727263079105,16.1703951946873
The_Tree-328.jpg,5464,3640,26.2832709780866,0,-3.82269124820498e-17,perspective,0 0 0 0 0 0,-0.97359690403775,-0.228142208639198,-0.00775893583787379,-0.108053689035687,0.490526926087475,-0.864700951236295,0.201080751773726,-0.84103178740188,-0.502227103854134,-1.58105433400847,9.8450452905563,16.1454837747206
The_Tree-329.jpg,5464,3640,26.2762489981298,0,0,perspective,0 0 0 0 0 0,-0.999961080186219,0.00427412645252367,-0.00771815754422178,0.00882034286924954,0.504058178812625,-0.86362466032633,0.000199159429776818,-0.863659125011232,-0.504076260222949,0.425896406758464,12.950614776932,16.1203290936252
The_Tree-33.jpg,5464,3640,26.1435406698565,7.63255036734582e-17,-3.81627518367291e-17,perspective,0 0 0 0 0 0,-0.466629394963356,0.884439303693397,-0.00491180602947772,-0.0367324554950909,-0.0249281179886175,-0.999014171894897,-0.883689840650798,-0.465988955894756,0.0441198199756307,19.9960686176565,9.73099187853475,8.55751264933198
The_Tree-330.jpg,5464,3640,26.3043594543996,0,-3.82333404141974e-17,perspective,0 0 0 0 0 0,-0.999958480140362,0.00391673190575581,-0.00822783121821047,0.00907911304814632,0.505467395273275,-0.862797938118717,0.000779552202167073,-0.862836816279202,-0.505481968789723,0.497945497475379,11.9078722182468,16.1373042885799
The_Tree-331.jpg,5464,3640,26.3833010789168,0,0,perspective,0 0 0 0 0 0,-0.0718565579537831,-0.997371374681473,-0.00932609484319613,-0.516323014825444,0.0451956781135365,-0.85520049990714,0.853373997401256,-0.0566364868776946,-0.518213400939761,-9.68676701822443,0.614143040616863,16.1237695920914
The_Tree-332.jpg,5464,3640,26.4956896551724,0,0,perspective,0 0 0 0 0 0,0.957279832867294,-0.288816117081611,-0.0141623479503892,-0.160887650883825,-0.491286271738777,-0.8560099082336,0.2402716907558,0.821719568779346,-0.516765386714741,-2.82411025228444,-9.70163493822775,16.078897042218
The_Tree-333.jpg,5464,3640,26.5409965761043,0,0,perspective,0 0 0 0 0 0,0.940044444505863,-0.340844140331857,-0.0119043838606387,-0.186156498109852,-0.483545415622789,-0.855295030525527,0.285765989167957,0.806231420270646,-0.518004533187922,-3.72508065263189,-8.96515077774172,16.1062333836241
The_Tree-334.jpg,5464,3640,26.3765585726964,0,0,perspective,0 0 0 0 0 0,0.980178860301434,-0.197828804917881,-0.0106379397885448,-0.101572499209512,-0.455706733499717,-0.884315780955735,0.170095353324291,0.867868156454528,-0.466768072804583,-2.35018446367802,-9.46293605239124,15.8419297634911
The_Tree-335.jpg,5464,3640,26.2973262032086,0,0,perspective,0 0 0 0 0 0,0.994087373041502,0.108328353760054,-0.00743387725771427,0.0437543071063957,-0.462292609838939,-0.885647279393971,-0.0993773383075108,0.88008551326558,-0.464299078150038,1.18551013382999,-9.81557588635538,15.8019401427438
The_Tree-336.jpg,5464,3640,26.2367907197347,0,0,perspective,0 0 0 0 0 0,0.493863108984888,0.869496092448328,-0.00870487224892891,0.398325331274511,-0.235119982929523,-0.886597723938129,-0.772939945952356,0.434390537240753,-0.462459404820421,10.4310642321054,-4.87692544149063,15.7519425745442
The_Tree-337.jpg,5464,3640,26.3977781898065,0,0,perspective,0 0 0 0 0 0,-0.151763077892031,0.988400330140622,-0.00572324791068368,0.572597752364974,0.0831963424653709,-0.815604182546267,-0.805667289999611,-0.127055719974721,-0.578581940477223,9.87182327855474,3.19395831606149,18.7721993258275
The_Tree-338.jpg,5464,3640,26.5600864164191,0,3.84792139859929e-17,perspective,0 0 0 0 0 0,-0.452206976462655,-0.891783492013205,-0.01520045431025,-0.171947738613152,0.103889033515885,-0.979612700969602,0.875181595798453,-0.440374013865338,-0.200319500518056,-17.9121918113096,9.79465662671928,14.4711261674785
The_Tree-339.jpg,5464,3640,26.4331885941478,0,-3.83300194610978e-17,perspective,0 0 0 0 0 0,-0.93864853166012,0.34482116414989,-0.00610727161791047,0.205039850254753,0.543731387838666,-0.813827277551291,-0.277304153989458,-0.765150013156474,-0.581074748674246,3.17900918236705,10.2437155524553,18.7242043911086
The_Tree-34.jpg,5464,3640,26.3466380926868,-7.66858939100277e-17,3.83429469550138e-17,perspective,0 0 0 0 0 0,-0.964512281502945,-0.263915980461826,-0.0080258387011769,0.0415331560097042,-0.12162948483819,-0.991706239452929,0.260750945888712,-0.956846186006335,0.128274395509285,-3.98629302544712,15.1842881743516,4.77238083959305
The_Tree-340.jpg,5464,3640,26.4529316837009,0,3.83753038722755e-17,perspective,0 0 0 0 0 0,-0.615082650330584,0.788449954384258,-0.00447243711700907,0.459553364965962,0.353884280624819,-0.814602124153329,-0.64069028243822,-0.503102957015873,-0.580002910881591,8.04038902806806,6.44548099001236,18.7679057552455
The_Tree-341.jpg,5464,3640,26.4465634576631,0,-3.83494139725472e-17,perspective,0 0 0 0 0 0,-0.731733151658115,0.681570586985048,-0.00530374597230577,0.399065090585464,0.4221015011454,-0.813988560243211,-0.552551941667475,-0.597738954467297,-0.580856689788321,,,
The_Tree-342.jpg,5464,3640,26.4481120919664,0,3.83558831719352e-17,perspective,0 0 0 0 0 0,-0.787375840963017,0.616446111483105,-0.0057859057321501,0.362039520509516,0.454789517370156,-0.813691514321896,-0.498965600675059,-0.642775766910654,-0.58126813332179,5.78264808995631,8.62864675290906,18.7271876795285
The_Tree-343.jpg,5464,3640,26.4245029554003,0,3.83429469550138e-17,perspective,0 0 0 0 0 0,-0.982016426226786,0.188705825402611,-0.00581808214881363,0.11443214950543,0.570423136507904,-0.813340475136983,-0.150163317026289,-0.799379482345904,-0.581758903175583,,,
The_Tree-344.jpg,5464,3640,26.4316044074174,0,-3.83558831719352e-17,perspective,0 0 0 0 0 0,-0.989021122238018,0.147664232167273,-0.00570037766301468,0.0905195745932023,0.574886425271307,-0.813210799641915,-0.11680507858187,-0.804798653439,-0.581941320959644,0.85223958272923,10.7582359998587,18.7178882343049
The_Tree-345.jpg,5464,3640,26.4411329771738,0,0,perspective,0 0 0 0 0 0,-0.999975641631615,-0.00333667490062339,-0.00613047665746436,0.00304546594514625,0.581723329082911,-0.813381026049829,0.00628022934430901,-0.813379883573047,-0.581698997521983,-0.399857974287535,10.744399774594,18.7119025571111
The_Tree-346.jpg,5464,3640,26.4032214765101,0,-3.82977388316039e-17,perspective,0 0 0 0 0 0,-0.985827114871664,-0.167617450170923,-0.00702068244616427,-0.0919759655430339,0.574999712523737,-0.812967251714389,0.140304388193093,-0.800799426195985,-0.582267084470644,-2.12103114544487,10.4702825136283,18.6901289665931
The_Tree-347.jpg,5464,3640,26.2630141542319,0,0,perspective,0 0 0 0 0 0,-0.958073572792816,-0.286143120053985,-0.0147358054336539,-0.0468143788317559,0.207069558276935,-0.977205511634882,0.282671970755158,-0.935544928306902,-0.211783483937321,-5.38399718028537,19.3657090966267,14.592360429991
The_Tree-348.jpg,5464,3640,26.5572145706164,7.68284086647177e-17,0,perspective,0 0 0 0 0 0,-0.967041934055237,0.254544779472896,-0.00607066897480024,0.142838321918959,0.52261188819093,-0.840520093818635,-0.2107773981481,-0.813685301307948,-0.541746360269556,2.40861141924065,9.15222912731352,20.2440518209816
The_Tree-349.jpg,5464,3640,26.5600864164191,7.67635636202674e-17,3.83817818101337e-17,perspective,0 0 0 0 0 0,-0.721112693349741,-0.69276462545968,-0.00858237738573564,-0.382283809461855,0.408197031289116,-0.828995942493137,0.577802364579113,-0.594518592945975,-0.559188760731405,-6.06376316283349,5.97568494253283,20.1111738832823
The_Tree-35.jpg,5464,3640,26.3536977491961,-7.66858939100277e-17,0,perspective,0 0 0 0 0 0,-0.943760715988359,-0.330523991884144,-0.00834276609468975,0.0502680079507009,-0.118501568594485,-0.991680646991417,0.326785615249216,-0.936328611668797,0.128451907874405,-4.80336060008864,14.7060220767031,4.77680733196037
The_Tree-350.jpg,5464,3640,26.4529316837009,0,0,perspective,0 0 0 0 0 0,-0.883912488276851,-0.467547834399223,-0.00988613255130843,-0.255025951464856,0.49963825700264,-0.827842603529686,0.391995506540152,-0.729219195227306,-0.560873326308507,-4.46936995321555,8.87760640110345,20.0599021110455
The_Tree-351.jpg,5464,3640,26.4814216478191,0,0,perspective,0 0 0 0 0 0,-0.908256832948937,-0.41830539664513,-0.00949318382459552,-0.227374804916765,0.512485636198547,-0.82804539173842,0.35124097638321,-0.749919374218143,-0.56058068882333,-3.71105494687734,8.16294227322588,20.0563264480562
The_Tree-352.jpg,5464,3640,26.5398718909551,0,0,perspective,0 0 0 0 0 0,-0.353881011398988,-0.93524256667869,-0.00946420855042263,-0.51996896819318,0.205139014399175,-0.829186503078442,0.777431991808511,-0.288512263593061,-0.558891914299232,-7.45552340735637,3.28351808942446,20.1514991478438
The_Tree-353.jpg,5464,3640,26.4956896551724,-7.66471179650201e-17,-3.832355898251e-17,perspective,0 0 0 0 0 0,0.685835743957119,-0.727659982891485,-0.0118440537464579,-0.41191649368256,-0.374720747291156,-0.830607707514097,0.599961777568414,0.574539216109677,-0.556732031240369,-5.94260895153034,-5.35246324254912,19.8906116856716
The_Tree-354.jpg,5464,3640,26.660883708322,0,0,perspective,0 0 0 0 0 0,0.961037636079899,-0.276189227603123,-0.0112326574749773,-0.162662800007303,-0.532216969842354,-0.830834466368366,0.223489318607722,0.800290327048762,-0.556406251672681,-3.42372577806839,-7.60878988964725,19.8866237963303
The_Tree-355.jpg,5464,3640,26.4671689989236,0,3.82977388316039e-17,perspective,0 0 0 0 0 0,0.593986551273327,-0.804348597024792,-0.0142587296302032,-0.455537683331736,-0.321685924662421,-0.830062398220061,0.663072692825737,0.499541289923398,-0.557488209463208,-6.62736595023859,-4.55122225683968,19.9520545015098
The_Tree-356.jpg,5464,3640,26.4697282590308,7.65954776632077e-17,0,perspective,0 0 0 0 0 0,0.518025166444424,-0.855236779511801,-0.014831651981833,-0.483968815595526,-0.278759288333795,-0.829498309039085,0.705283001681801,0.436879056648313,-0.558312257971101,-6.84742411317075,-3.8181438748002,19.9333790570389
The_Tree-357.jpg,5464,3640,26.5183121376893,0,-3.83494139725472e-17,perspective,0 0 0 0 0 0,0.358776449028864,-0.933342427209118,-0.0123033813901436,-0.52482388389524,-0.1908069091981,-0.829549645467577,0.771906309415433,0.30407998450023,-0.558297422984367,-7.25452615123014,-2.06115573252033,19.980122388705
The_Tree-358.jpg,5464,3640,26.5260772667889,0,0,perspective,0 0 0 0 0 0,0.0398409705760923,-0.999122335505555,-0.0129327397515375,-0.55728470968965,-0.0114755294416323,-0.830242172242627,0.829365088130479,0.0402848720732768,-0.557252796917487,-8.093522196602,0.360203073724745,20.0491708062531
The_Tree-359.jpg,5464,3640,26.5099730458221,0,3.83494139725472e-17,perspective,0 0 0 0 0 0,0.288461103607507,-0.957406250201143,-0.0127852955118648,-0.536493414290261,-0.1505536464616,-0.830366434750523,0.79307314172699,0.246387645008637,-0.557071019043695,-7.6266730615291,-1.3580415592344,19.9880202870115
The_Tree-36.jpg,5464,3640,26.2902967121091,0,0,perspective,0 0 0 0 0 0,-0.932516462446255,-0.361005339068898,-0.00939108249734044,0.0549041152391811,-0.116024862875385,-0.991727668931623,0.356929384327663,-0.925317986617843,0.128015773422564,-5.64120823258297,14.3628551561764,4.76996636094335
The_Tree-360.jpg,5464,3640,26.5277374887098,7.67635636202674e-17,0,perspective,0 0 0 0 0 0,0.171037453643751,-0.985182128309291,-0.0127421941217598,-0.551405855621201,-0.0849958152122753,-0.829895953588793,0.816515628654904,0.14896941114328,-0.557772662207383,-7.8617870190206,-0.402229718457394,20.0210668615608
The_Tree-361.jpg,5464,3640,26.4611078729449,-7.67117663438705e-17,0,perspective,0 0 0 0 0 0,-0.998641246123504,-0.0515419308758123,-0.00768706071843539,-0.0215440260102998,0.542653807411676,-0.839680117809681,0.0474501473566042,-0.838373588958529,-0.54302689514667,-0.486494951331647,9.20353773803244,20.1992701234521
The_Tree-362.jpg,5464,3640,26.5529157667387,0,0,perspective,0 0 0 0 0 0,0.967667435088726,-0.251994485616732,-0.0108864267583755,-0.149331139064711,-0.537584940219181,-0.829881101697812,0.203273082267285,0.804674599616701,-0.557834063819394,-2.12460774234958,-7.89310961353535,19.8304143937055
The_Tree-363.jpg,5464,3640,26.0259327864514,0,0,perspective,0 0 0 0 0 0,-0.818061462141269,-0.574982278928236,-0.0130699302898485,-0.106121230424382,0.173241947356895,-0.979145296740584,0.565255454296996,-0.799614036016429,-0.202740387671062,-11.8321498268668,16.3840754344606,14.5168659552651
The_Tree-364.jpg,5464,3640,26.6681127982646,0,3.85118013962114e-17,perspective,0 0 0 0 0 0,0.999659552283424,0.0239143420998058,-0.0104347386377164,0.00468911206144877,-0.558075907338983,-0.829776653007209,-0.025666938979535,0.82944522778162,-0.557998048700636,-0.278963745081788,-8.15644424518068,19.8255320261251
The_Tree-365.jpg,5464,3640,26.662512705404,0,0,perspective,0 0 0 0 0 0,0.984366510708558,0.175814667192676,-0.0105723883482476,0.0894399212995265,-0.550670057640399,-0.82991745860432,-0.151733559483036,0.815997359320634,-0.557786013188176,0.931134768878032,-8.03302384980206,19.8437138083156
The_Tree-366.jpg,5464,3640,26.6515154499547,0,-3.8485727055388e-17,perspective,0 0 0 0 0 0,0.902023992179365,0.431582741048523,-0.00943690425111754,0.233834633408904,-0.506865236863249,-0.829704161661303,-0.36286923505765,0.746206385183487,-0.558123596491019,3.33482977059148,-7.47358204435314,19.7582591066037
The_Tree-367.jpg,5464,3640,26.5134317701629,7.6776523870752e-17,0,perspective,0 0 0 0 0 0,-0.447630050172373,0.894181651256113,-0.00815553429085725,0.56748284648923,0.277011572160078,-0.775388810745863,-0.691079269782534,-0.351715458071283,-0.631431452677603,,,
The_Tree-368.jpg,5464,3640,26.5099730458221,0,0,perspective,0 0 0 0 0 0,-0.733359973578848,-0.67980448315969,-0.00700098767453028,-0.422630239580439,0.463943279355792,-0.778550135914685,0.532509933939839,-0.567998678006015,-0.627543362676084,-6.68462489625234,7.72856906842591,18.5929302529448
The_Tree-369.jpg,5464,3640,26.4119115025689,0,0,perspective,0 0 0 0 0 0,0.103681400656109,0.994597847130611,-0.00502888070455043,0.576704397653451,-0.0642361723139478,-0.81442357032052,-0.810346965740699,0.0815403988805918,-0.580249048655176,10.2652996277064,0.509534211455606,16.2700949638971
The_Tree-37.jpg,5464,3640,26.3149737234293,0,0,perspective,0 0 0 0 0 0,-0.922811408642425,-0.385123798873106,-0.00993798877690377,0.0587556463535646,-0.115198902353143,-0.991603240675527,0.380745161625145,-0.915646696296218,0.128935059083494,,,
The_Tree-370.jpg,5464,3640,26.1922769640479,0,0,perspective,0 0 0 0 0 0,-0.0295643948963242,0.999552233289871,-0.00461296863699445,0.605556616984282,0.0142388676022525,-0.795674831998573,-0.795252871847041,-0.0263170586243452,-0.605706432394768,,,
The_Tree-371.jpg,5464,3640,26.3113964686998,0,3.82140630997029e-17,perspective,0 0 0 0 0 0,0.309729195875025,-0.950699634009485,-0.0154282570901962,-0.195085760555596,-0.0476594378799809,-0.979627543513048,0.930596245023079,0.306429084577811,-0.200229480531089,-19.0861170601005,-7.35787282574063,14.2307121089899
The_Tree-372.jpg,5464,3640,26.5457489878542,0,0,perspective,0 0 0 0 0 0,-0.283949308040963,0.958822818309559,-0.00562081417342597,0.605841640840852,0.174866335444527,-0.776129931745624,-0.743188197354023,-0.22378688035074,-0.630547964469446,8.69637339346044,3.94272487824958,16.2555643669627
The_Tree-373.jpg,5464,3640,26.2869282369425,0,0,perspective,0 0 0 0 0 0,-0.282319764067847,0.959300378746619,-0.00619145808910204,0.582775046082292,0.166375526983179,-0.79541965633548,-0.762016270482762,-0.228170916984753,-0.606027421955375,,,
The_Tree-374.jpg,5464,3640,26.2062350119904,0,-3.81563476159141e-17,perspective,0 0 0 0 0 0,-0.189503150439185,0.98185898556227,-0.00644115240113052,0.595903846969362,0.10979338681871,-0.795514938500839,-0.780376294578929,-0.154590894562093,-0.605899739377525,9.92411288715918,2.84885027935984,16.3318793571736
The_Tree-375.jpg,5464,3640,26.4064794106575,-7.65825784584817e-17,-3.82912892292408e-17,perspective,0 0 0 0 0 0,-0.0247304820030454,0.999671575543549,-0.00671895156821378,0.58060370211065,0.00889137740444465,-0.814137755237563,-0.813810631753668,-0.0240350672587094,-0.580632905704254,,,
The_Tree-376.jpg,5464,3640,26.6322179694146,0,0,perspective,0 0 0 0 0 0,0.692756102083907,0.721110957759167,-0.00937921239597017,0.41091664050661,-0.405379992287555,-0.816587151752771,-0.592652088143013,0.5618416578117,-0.577145955514832,6.81271181755279,-6.18045158564157,18.8819939350722
The_Tree-377.jpg,5464,3640,26.6392199349946,7.69454062413645e-17,3.84727031206822e-17,perspective,0 0 0 0 0 0,0.73169924003096,0.681575247389884,-0.00845010553386416,0.359284592870179,-0.396182590894917,-0.844957949248305,-0.579250207996704,0.615219096596659,-0.534765985940174,6.05078272675994,-6.28184563038162,19.8000186357505
The_Tree-378.jpg,5464,3640,26.6275534378929,0,0,perspective,0 0 0 0 0 0,0.747628749301533,0.664050603167755,-0.00938347751985802,0.348900629855169,-0.404757530426008,-0.845245344293658,-0.565083713890687,0.628655818390302,-0.534296039943709,5.71072715780814,-6.55841220590779,19.7721571514985
The_Tree-379.jpg,5464,3640,26.6247969680563,7.68933633558445e-17,0,perspective,0 0 0 0 0 0,0.694737880886538,0.719206776331863,-0.00899387233690163,0.378802657023858,-0.376487440590103,-0.845438202419065,-0.611430964126734,0.583951042430993,-0.533997524480038,6.67508539341096,-5.70633873014574,19.7997030239285
The_Tree-38.jpg,5464,3640,26.2902967121091,0,3.8239770508448e-17,perspective,0 0 0 0 0 0,-0.911284199353151,0.411774971709907,-0.00157501828332407,-0.0449373326171374,-0.103249796608296,-0.993639831949989,-0.409318634008451,-0.905417501583469,0.112593977102707,4.95123005643825,11.5914873575662,3.88652211882558
The_Tree-380.jpg,5464,3640,26.3607611900295,0,-3.8259073774732e-17,perspective,0 0 0 0 0 0,-0.734148446279545,-0.678866514006956,-0.0128963167367502,-0.127948782902942,0.156971218771144,-0.979279911685703,0.666824690438939,-0.71728675760643,-0.202100320592195,-14.6269316593757,14.4572351066046,14.5316178391246
The_Tree-381.jpg,5464,3640,26.6333212995913,0,0,perspective,0 0 0 0 0 0,0.643243775891744,0.765615954220324,-0.00834598225699424,0.438126319044968,-0.37699407784761,-0.816039701134655,-0.627919400350585,0.521255864150355,-0.577935593948174,7.48154669409351,-5.13756970146722,18.8755664375074
The_Tree-382.jpg,5464,3640,26.6214342472291,7.68803636325383e-17,0,perspective,0 0 0 0 0 0,0.562143850922721,0.827005677612788,-0.00747663466994908,0.474798497195897,-0.330112341885748,-0.815838359477675,-0.677171084682661,0.455068622221881,-0.578231676007799,7.69389196288109,-4.81802682102471,18.8495869279327
The_Tree-383.jpg,5464,3640,26.5911388985486,0,3.83817818101337e-17,perspective,0 0 0 0 0 0,0.349077579537573,0.937070281723186,-0.00664308478175357,0.540277271528608,-0.207046263096897,-0.815617750424311,-0.765666581048038,0.281124762425579,-0.578552983414111,9.16734943554043,-2.57166086361053,18.8068559124845
The_Tree-384.jpg,5464,3640,26.6175913396482,0,0,perspective,0 0 0 0 0 0,0.537569808144134,0.843185223179877,-0.00757501042773257,0.484545418065554,-0.316247436869199,-0.815599961074876,-0.690097412836446,0.434771478002828,-0.57856661043624,8.22929780213091,-4.2319709667689,18.8372433300654
The_Tree-385.jpg,5464,3640,26.6124359594997,0,0,perspective,0 0 0 0 0 0,0.461366571312153,0.887176257136175,-0.00769257106013299,0.510618113017305,-0.272612122444692,-0.815445751325524,-0.725541197682334,0.372291444261143,-0.578782386563065,,,
The_Tree-386.jpg,5464,3640,26.3898740066142,0,3.8259073774732e-17,perspective,0 0 0 0 0 0,0.0858090895214953,0.996291438424822,-0.00633797103905209,0.576521664943902,-0.054841144390687,-0.81523936284519,-0.812563579054466,0.0663009698520292,-0.579089467518515,9.94069903993501,0.550295931973294,18.7995145802294
The_Tree-387.jpg,5464,3640,26.6110119490198,0,0,perspective,0 0 0 0 0 0,0.258084103780535,0.966095293521119,-0.00724425373255499,0.558211790398444,-0.155233133678749,-0.815047404307528,-0.788538009506176,0.206306951033209,-0.579348987674458,9.70727955212727,-0.972343910439841,18.8278037952834
The_Tree-388.jpg,5464,3640,26.3678284182306,7.65181475494639e-17,3.8259073774732e-17,perspective,0 0 0 0 0 0,-0.00909227279808888,0.999936865251654,-0.00660273322653992,0.578266228253228,-0.000129081332712939,-0.815848118585681,-0.81579746250963,-0.0112360512950621,-0.57822854591774,,,
The_Tree-389.jpg,5464,3640,26.347779952204,0,0,perspective,0 0 0 0 0 0,-0.994746686660323,-0.102067589458095,-0.0078253792574543,-0.044605722349859,0.500990470545886,-0.864302538441175,0.092137717097595,-0.859413029692025,-0.502911409180204,-0.932088665103353,11.7773061126922,16.1317406372691
The_Tree-39.jpg,5464,3640,26.2846945262356,0,0,perspective,0 0 0 0 0 0,-0.917033726921897,-0.398700910018469,-0.00931278895825294,0.0597240362622782,-0.114205489245133,-0.991660297540857,0.394312291439512,-0.909942135839815,0.12854231304515,-5.24927984615955,14.5342251039679,4.78337203401648
The_Tree-390.jpg,5464,3640,26.5123208263069,0,-3.83429469550138e-17,perspective,0 0 0 0 0 0,-0.342280751026816,0.939575881050219,-0.00640712300670998,0.594307419940846,0.211210199365451,-0.77600833905781,-0.727765469144953,-0.269420517839141,-0.630690103368933,8.87762939895086,4.59312108491377,16.2707553872229
The_Tree-391.jpg,5464,3640,26.6046118620169,0,3.84012287524459e-17,perspective,0 0 0 0 0 0,-0.693119166619108,0.720750896343187,-0.0101963859149237,0.459549287186545,0.430944936533411,-0.776595721287822,-0.555337981333505,-0.542959121018062,-0.629916755922337,8.08113220584001,9.34173871732878,16.2774100585811
The_Tree-392.jpg,5464,3640,26.3043594543996,0,-3.82269124820498e-17,perspective,0 0 0 0 0 0,-0.854654363970913,0.519123241376034,-0.00877373402345682,0.332732767317657,0.534663098901872,-0.776803885305539,-0.398565959031386,-0.666818139327273,-0.629681463412657,5.88104642887368,9.80689084601892,16.2510337570807
The_Tree-393.jpg,5464,3640,26.4032214765101,0,0,perspective,0 0 0 0 0 0,-0.739644288734142,0.672947937492326,-0.00820972397772479,0.429093047773487,0.462152918062116,-0.776075921981304,-0.518464543141984,-0.577542858800536,-0.630586047857926,7.18779291979395,8.49635912657757,16.2869337212506
The_Tree-394.jpg,5464,3640,26.4529316837009,0,-3.83688281206939e-17,perspective,0 0 0 0 0 0,0.791221777103506,0.611456920833275,-0.0094092190037447,0.30795873649904,-0.411695478983334,-0.857711052277279,-0.528327091914739,0.675742011828311,-0.514045929270082,6.41214929536934,-8.13088443080055,15.9598030459005
The_Tree-395.jpg,5464,3640,26.3332094450124,-7.64538249640995e-17,0,perspective,0 0 0 0 0 0,-0.43854242460978,0.898688904572297,-0.00622853241302046,0.419256977085044,0.198449133654555,-0.885912822188091,-0.794923976857464,-0.391121712706417,-0.46380995770543,11.3384339135797,7.33158076414996,15.7216647809109
The_Tree-396.jpg,5464,3640,26.2411953041622,0,0,perspective,0 0 0 0 0 0,0.957805519113698,-0.28721933051779,-0.0106603814309452,-0.0611908827232927,-0.167535803441026,-0.983965157125451,0.280827818114383,0.94309957626026,-0.178041921554539,-4.6110549466849,-20.060451345447,14.0770363178898
The_Tree-397.jpg,5464,3640,26.4425148263657,-7.66988279450943e-17,0,perspective,0 0 0 0 0 0,0.999866964467018,-0.0104436956385516,-0.0125292692892014,-0.0161212986611332,-0.515889119901308,-0.856503660060442,0.00248134983236415,0.856591702731741,-0.515988854253797,-0.458828975358828,-10.1887331857552,15.9850323491084
The_Tree-398.jpg,5464,3640,26.3638234456176,0,0,perspective,0 0 0 0 0 0,0.380028754255044,-0.924901840483507,-0.0116073859926402,-0.482676564611111,-0.187588739014309,-0.855472851100628,0.789050999565032,0.330706895097825,-0.517717557766955,-9.15406981191104,-2.82214505300814,16.1908773025104
The_Tree-399.jpg,5464,3640,26.3760392884426,0,-3.82140630997029e-17,perspective,0 0 0 0 0 0,-0.464953021303868,-0.885276623688283,-0.0101974276893557,-0.455195238894552,0.248918895260818,-0.854889863122651,0.759352344085495,-0.392841804207761,-0.518709296618689,-8.01712770074506,4.89530719951923,16.1819503673934
The_Tree-4.jpg,5464,3640,26.1033343407378,0,0,perspective,0 0 0 0 0 0,0.27591024128211,-0.961169489163627,-0.00517221969569004,0.120354577137078,0.0398863441071218,-0.991929360043306,0.953618537213808,0.273060968750023,0.126686198251807,-13.696379450723,-3.66837022747385,4.51231283937712
The_Tree-40.jpg,5464,3640,26.2902967121091,0,3.8239770508448e-17,perspective,0 0 0 0 0 0,-0.871382213119949,-0.490528324632226,-0.00866033438625013,0.0655226227386454,-0.0988649207558669,-0.99294134436702,0.486209650837609,-0.865798873975612,0.118289835805673,-6.86076204154671,13.4195847573057,4.73491692014137
The_Tree-400.jpg,5464,3640,26.4742934051144,0,0,perspective,0 0 0 0 0 0,-0.562488949507592,-0.826748913075403,-0.00961334543668002,-0.424521620823195,0.298766996407964,-0.85470443739986,0.709498114962608,-0.476680728146212,-0.519025922549639,-6.99048381385908,6.41916484571459,16.1497841798457
The_Tree-401.jpg,5464,3640,26.6683110989683,0,0,perspective,0 0 0 0 0 0,0.930568152015904,0.365992827042145,-0.00960026079870246,0.196403923209713,-0.521159829197172,-0.83055278663009,-0.308979632664579,0.771000442921321,-0.556857166258628,2.89989311526593,-7.65052227582518,19.808237329348
The_Tree-402.jpg,5464,3640,26.2871908783519,7.65052743752463e-17,0,perspective,0 0 0 0 0 0,-0.954639993499151,0.297673489333984,-0.00727849982286344,0.155778929075296,0.478453176199391,-0.864184866472949,-0.25376250327441,-0.826119272219481,-0.503121794399189,3.64983629229583,11.2340695090908,16.1962097531594
The_Tree-403.jpg,5464,3640,26.6753458096013,0,0,perspective,0 0 0 0 0 0,0.957050880883446,0.289747188811858,-0.0100088948364032,0.153539475214848,-0.535829052491123,-0.830248671216771,-0.245925275136513,0.793053461679659,-0.557303298004722,1.9376792908699,-7.88096421993758,19.8375291758654
The_Tree-404.jpg,5464,3640,26.012166093626,-7.60701490275116e-17,-3.80350745137558e-17,perspective,0 0 0 0 0 0,-0.873594788531882,-0.486517380795181,-0.0115318530225359,-0.0886424721878904,0.182377608727889,-0.979224652446575,0.478512964896831,-0.854423341218446,-0.202450231925653,-9.92911750828529,17.6929946731445,14.4957265424815
The_Tree-405.jpg,5464,3640,26.4600484261501,0,0,perspective,0 0 0 0 0 0,-0.991220746773786,0.132015208859153,-0.00730861102341507,0.0777037123594778,0.536922738408691,-0.840045300007844,-0.106974596287029,-0.833238235806295,-0.542467029541557,0.739258226822791,9.31031662954035,20.2025112233329
The_Tree-406.jpg,5464,3640,26.5566045444753,0,0,perspective,0 0 0 0 0 0,0.99497009049633,-0.0995739054136049,-0.0109341839387618,-0.0645543314505412,-0.553893824681102,-0.830080941397352,0.0765980241827285,0.826611558315526,-0.55753571576221,-0.975713708656916,-8.07382191560094,19.8252631698281
The_Tree-407.jpg,5464,3640,26.5529157667387,0,3.84271886840007e-17,perspective,0 0 0 0 0 0,0.994915714085062,-0.100107104444797,-0.0110131515149092,-0.0649096667032455,-0.553779964652868,-0.830129198328514,0.0770029677031052,0.826623444132058,-0.557462307762748,-0.943294989975474,-8.03132810831335,19.8131467850845
The_Tree-408.jpg,5464,3640,26.3395822174612,7.65439068989167e-17,-3.82719534494584e-17,perspective,0 0 0 0 0 0,0.596427206983217,0.80265090330621,-0.00511020468520585,0.439994145279408,-0.332258740687984,-0.834271707153178,-0.671326849522676,0.49533388401982,-0.551329850862256,8.22442136512592,-5.34655209347315,16.3657872388988
The_Tree-409.jpg,5464,3640,26.4814216478191,7.67635636202674e-17,-3.83817818101337e-17,perspective,0 0 0 0 0 0,0.800939181072984,0.598722204558206,-0.00530565651910919,0.32596555506458,-0.443458386093842,-0.834919826518981,-0.502237877039932,0.666990540841478,-0.550346012336253,5.63918068026229,-7.38456369863357,16.3357384099816
The_Tree-41.jpg,5464,3640,26.2692307692308,0,3.82462027658927e-17,perspective,0 0 0 0 0 0,-0.891740425348778,-0.452464615122677,-0.00864788186022558,0.061120691330917,-0.101481542519043,-0.992958084522799,0.448400797155861,-0.885989429163714,0.118150143970057,-6.59828191925085,13.7287119644109,4.76871895451086
The_Tree-410.jpg,5464,3640,26.3281956243495,0,3.82848417988267e-17,perspective,0 0 0 0 0 0,0.492377365685018,0.870361099394096,-0.00600719756483414,0.47747703588664,-0.275874185550791,-0.834211672147781,-0.727722618833571,0.407878646668575,-0.551411642631728,8.83467209755574,-4.26784138632977,16.3463345065375
The_Tree-411.jpg,5464,3640,25.9894674533048,0,3.80414380865371e-17,perspective,0 0 0 0 0 0,0.212877074251468,0.977066089518175,-0.00502075410640046,0.5644475023606,-0.127169424745433,-0.815614464369531,-0.797547721667497,0.170791668776839,-0.578573968943822,8.68982244524574,-0.881238788432992,16.3077269516399
The_Tree-412.jpg,5464,3640,26.1392471782643,7.63511334597824e-17,3.81755667298912e-17,perspective,0 0 0 0 0 0,0.437462974494347,0.899221247897202,-0.00522429677162606,0.493797949602473,-0.245075494310649,-0.834327026445137,-0.75152493698809,0.362407435655769,-0.551245063167424,9.43381371955524,-3.37189748844449,16.3385923682517
The_Tree-413.jpg,5464,3640,26.3225860343339,0,0,perspective,0 0 0 0 0 0,-0.561976175071723,0.827102439104313,-0.00918334794349818,0.526423372756008,0.349071530780821,-0.775259633293597,-0.63801348831192,-0.440511772403451,-0.631575939302651,8.23112871574456,6.87587380487714,16.2839981613584
The_Tree-414.jpg,5464,3640,26.6474675291264,0,-3.84401818162692e-17,perspective,0 0 0 0 0 0,0.872206401724119,-0.489055235823399,-0.00899828345764675,-0.313591207633403,-0.544967357151289,-0.77760602758374,0.37538852844285,0.681054737853911,-0.628687439639327,-4.57061915854271,-8.43241008442494,18.3933009975273
The_Tree-415.jpg,5464,3640,26.4316044074174,0,-3.82977388316039e-17,perspective,0 0 0 0 0 0,0.751272830855519,-0.659873777366009,-0.0124792452916864,-0.422600871539019,-0.466439609951361,-0.777073094144228,0.506949343616102,0.589067643155807,-0.629286639611923,-6.11455341419535,-5.61110091856126,18.4724130426355
The_Tree-416.jpg,5464,3640,26.4245029554003,0,0,perspective,0 0 0 0 0 0,0.698190120530052,-0.71584074059288,-0.0101286574465291,-0.455873841404604,-0.433635520016205,-0.777263968355207,0.552005069104661,0.547295413728009,-0.629093104234219,-6.81022642861395,-4.96173932862191,18.4740043282945
The_Tree-417.jpg,5464,3640,26.5888077858881,7.6867368304e-17,0,perspective,0 0 0 0 0 0,0.870285484763716,-0.492468393733184,-0.00883494105479699,-0.315370671888092,-0.543362487285188,-0.778009348738245,0.378344438735971,0.679876524513909,-0.628190573864692,-5.19939245397986,-8.25168279959655,18.4310687054584
The_Tree-418.jpg,5464,3640,26.172656146782,-7.63383164153876e-17,3.81691582076938e-17,perspective,0 0 0 0 0 0,0.870654866456351,-0.491823174208112,-0.00837071249837962,-0.313647899940438,-0.541968409998766,-0.779676367107765,0.378926243982687,0.681454479679506,-0.626126739363451,-4.70633931865056,-7.43181757353563,18.4227445422095
The_Tree-419.jpg,5464,3640,26.234653690367,0,0,perspective,0 0 0 0 0 0,0.0543316110663348,-0.998462634074398,-0.0109747162219254,-0.197199556737658,4.51094858741775e-05,-0.980363367730356,0.978856685557905,0.0554289303734931,-0.196893937987544,-20.3511420492414,-0.758250608690808,14.3228790146169
The_Tree-42.jpg,5464,3640,26.2699509035394,0,0,perspective,0 0 0 0 0 0,-0.917031145895047,-0.398722337837024,-0.00862408071595056,0.0544530413387879,-0.103757584007076,-0.993110885072745,0.395080680048232,-0.911183220362839,0.116860580102248,-5.95221708325142,14.1949390191409,4.76750961798903
The_Tree-420.jpg,5464,3640,26.4630611012962,0,0,perspective,0 0 0 0 0 0,0.98725339064563,-0.158885155266629,-0.00928709290389662,-0.106668221240065,-0.617232761274723,-0.77951626601801,0.118121264961848,0.770570714370252,-0.626313133279778,-2.25534441157146,-8.06858205505633,18.3973887848741
The_Tree-421.jpg,5464,3640,26.4956896551724,-7.68543773680014e-17,0,perspective,0 0 0 0 0 0,0.99800227900679,0.062742712645588,-0.00740291207067045,0.0336694917613069,-0.627351783694514,-0.778007779408308,-0.0534585486315162,0.776204284647531,-0.628211025112603,0.351500282979396,-7.98364914024771,18.4287536002925
The_Tree-422.jpg,5464,3640,26.4117053765958,-7.65310250566247e-17,0,perspective,0 0 0 0 0 0,0.63220214390198,-0.774749564686114,-0.00914118506637607,-0.49151046521767,-0.39190055866178,-0.777709081020721,0.598947336438898,0.496162336477954,-0.62855789234842,-7.24751665642663,-4.41027451900425,18.4888699185199
The_Tree-423.jpg,5464,3640,26.2783676166258,0,-3.82526371876232e-17,perspective,0 0 0 0 0 0,-0.082384522279348,-0.996557700615857,-0.00924877462368201,-0.194576396217769,0.0251857956724477,-0.980563971259016,0.97742151425253,-0.0789837011008079,-0.1959815257536,-20.4593736960249,1.43979048720145,14.3602042620711
The_Tree-424.jpg,5464,3640,26.446975439528,0,0,perspective,0 0 0 0 0 0,0.961146758948771,0.275987536548181,-0.00527137859950955,0.14768837534757,-0.530281416578644,-0.834859127648816,-0.23320602811563,0.801643623377254,-0.550438415764306,1.92067345102485,-9.08245610902315,16.3341401978341
The_Tree-425.jpg,5464,3640,26.4103114930183,0,0,perspective,0 0 0 0 0 0,0.80021818916965,0.599656075614461,-0.00796496708784034,0.324923519468694,-0.444684661937181,-0.834673743407502,-0.504059080086971,0.665333106358371,-0.550687117486325,4.92013839055256,-5.96863415753863,16.2492434553943
The_Tree-426.jpg,5464,3640,26.5389242112657,0,-3.84271886840007e-17,perspective,0 0 0 0 0 0,0.857106027745738,0.515067497611621,-0.00864465765807054,0.277244385906743,-0.475366432663297,-0.834962457347732,-0.434171403578258,0.713254672330349,-0.550239006899557,5.27059659447483,-7.86266392061712,16.357723736407
The_Tree-427.jpg,5464,3640,26.39673746488,0,0,perspective,0 0 0 0 0 0,0.855890108885254,0.517106513239897,-0.00727842546599078,0.27955496496311,-0.47445487758773,-0.834710483160291,-0.435087511975306,0.712385726343593,-0.550640930030677,4.35032319914724,-6.59559659518508,16.2754114250008
The_Tree-428.jpg,5464,3640,26.3003708108661,0,0,perspective,0 0 0 0 0 0,0.135740035427027,-0.990692281862366,-0.0101708131733602,-0.197457943810939,-0.0169920396289377,-0.980164083720274,0.970868169839874,0.135055815304586,-0.197926560987119,-20.1378508695354,-2.76744096056607,14.3304464903172
The_Tree-429.jpg,5464,3640,26.4387096774194,0,0,perspective,0 0 0 0 0 0,0.0540067274956399,-0.998504360890747,-0.00850380311231546,-0.626371056545239,-0.0272441205897112,-0.77904881581047,0.777651961296063,0.0474004132413908,-0.626905597292712,-9.54573439166051,0.187571565266583,18.5218264753812
The_Tree-43.jpg,5464,3640,26.2703645816303,0,0,perspective,0 0 0 0 0 0,-0.893399150108138,0.449263506800964,0.000509944072281776,-0.0510347304667444,-0.100359104467803,-0.993641538200073,-0.446355704424446,-0.88774453059837,0.11258878061528,,,
The_Tree-430.jpg,5464,3640,26.3748994368463,0,3.82655125283124e-17,perspective,0 0 0 0 0 0,-0.283777933907839,-0.958860854115036,-0.00747975085025487,-0.598661988591275,0.183258546307723,-0.779756454683846,0.749048668407427,-0.216799833143302,-0.626038277348995,-9.3602686831877,3.89512698067335,18.5593949667666
The_Tree-431.jpg,5464,3640,26.4245029554003,0,0,perspective,0 0 0 0 0 0,-0.0512815035276883,-0.998649240901208,-0.00836068438477966,-0.625477148197639,0.0386429615622381,-0.779284966237799,0.778555421584417,-0.0347334877192257,-0.626613948418298,-9.59435882250439,1.28730708223821,18.5224339915963
The_Tree-432.jpg,5464,3640,26.4245029554003,-7.65567930785293e-17,0,perspective,0 0 0 0 0 0,0.36879640081186,-0.92947158157484,-0.00847312179677928,-0.586560446277912,-0.225645058837851,-0.777837483208619,0.721065917659734,0.29183366232638,-0.628408351251555,-8.60368470105651,-2.35114245776504,18.4602596929048
The_Tree-433.jpg,5464,3640,26.4387096774194,0,0,perspective,0 0 0 0 0 0,0.474368450025152,-0.880282293484761,-0.0088123434990166,-0.556333581087495,-0.292010236804501,-0.777960775460912,0.682251801151964,0.373942649852339,-0.628251044126719,-8.1656046902943,-3.13220919211126,18.4920874669572
The_Tree-434.jpg,5464,3640,26.2762489981298,0,0,perspective,0 0 0 0 0 0,-0.158151462255233,-0.987370766500144,-0.00933190481358536,-0.192536848371382,0.0401061449686056,-0.980469815524666,0.968461500012131,-0.153265999480235,-0.196448101028179,-20.0856695763862,5.28192737003987,14.3838357361456
The_Tree-435.jpg,5464,3640,26.5033820802428,0,-3.83300194610978e-17,perspective,0 0 0 0 0 0,-0.65308690229113,-0.757245254462047,-0.00755795279730975,-0.471265811373042,0.414215490408049,-0.778674554956644,0.592778232635684,-0.504980348232215,-0.627382510764036,-7.36139970578727,7.11971910466835,18.5614721958018
The_Tree-436.jpg,5464,3640,26.5123208263069,0,-3.83429469550138e-17,perspective,0 0 0 0 0 0,-0.596791272977746,-0.802359043923839,-0.0077550713229435,-0.49991119237052,0.379357014782967,-0.778573731304647,0.627637615380314,-0.460769161260363,-0.627505222122601,-7.90562010871445,6.75327017667507,18.5556284720937
The_Tree-437.jpg,5464,3640,26.4180923922641,7.65954776632077e-17,0,perspective,0 0 0 0 0 0,-0.823370487729344,-0.567455195980844,-0.00745925537057346,-0.351703752730601,0.520545143187785,-0.778034205044239,0.445382431458129,-0.637986954770981,-0.628177630364609,-5.93546674135151,8.68214432960825,18.6187027601212
The_Tree-438.jpg,5464,3640,26.1088399256703,-7.63896104294413e-17,0,perspective,0 0 0 0 0 0,-0.315047772842266,-0.948965428088899,-0.0144747061863324,-0.183283821534307,0.0757986556077798,-0.980133462632428,0.931209934220479,-0.306135885025108,-0.197810207797742,-19.6482766761592,6.5576884414193,14.4261343342984
The_Tree-439.jpg,5464,3640,26.1312428958326,0,0,perspective,0 0 0 0 0 0,-0.913259430355253,-0.407330890318235,-0.00622564532826786,-0.250657464099768,0.573904228175717,-0.779618350587715,0.321135561030343,-0.71043330628187,-0.626223976518895,,,
The_Tree-44.jpg,5464,3640,26.3254817987152,0,3.83623545542824e-17,perspective,0 0 0 0 0 0,-0.997620902499814,-0.0686186423345543,-0.0066345172859803,0.0153966629797293,-0.127966008998101,-0.991659035813311,0.0671973039975868,-0.989401931706857,0.128718063496136,-0.45635419121882,15.8792247028344,4.8362724397715
The_Tree-440.jpg,5464,3640,26.4245029554003,0,3.83300194610978e-17,perspective,0 0 0 0 0 0,-0.956970904951703,-0.29002707066271,-0.00953862457202703,-0.161383189140107,0.559241922019805,-0.813144476042581,0.241168309151279,-0.776616231441503,-0.581983741802733,-4.12018317490589,10.2709347134432,18.6812535803517
The_Tree-441.jpg,5464,3640,26.3968318182522,7.65954776632077e-17,-3.82977388316039e-17,perspective,0 0 0 0 0 0,-0.968637082053286,-0.248371877870207,-0.00732212773194974,-0.139022515332927,0.566133476273117,-0.812505770609306,0.205948885653218,-0.78600527817957,-0.582907161709354,,,
The_Tree-442.jpg,5464,3640,26.4465474778801,0,3.83558831719352e-17,perspective,0 0 0 0 0 0,-0.551964095025471,0.833851919912893,-0.00515882353794339,0.48519751469626,0.316130275059498,-0.815257640824899,-0.678173288721464,-0.452495994289882,-0.579075440349809,8.54408475820775,6.00384466294086,18.7536173814748
The_Tree-443.jpg,5464,3640,26.4316044074174,0,0,perspective,0 0 0 0 0 0,-0.511915209539405,0.859021132152871,-0.00505101544523257,0.499937196065312,0.293134996775435,-0.814944583180856,-0.698573989089617,-0.419707717561003,-0.579516879466986,8.67462891002203,5.57682886387004,18.7498950911621
The_Tree-444.jpg,5464,3640,26.4174053182917,0,0,perspective,0 0 0 0 0 0,-0.332282571772774,0.943165359829918,-0.00523416783952868,0.547658801156436,0.188419268080239,-0.815210412673932,-0.767892004133372,-0.273746750543286,-0.579141249225977,9.18213042616333,4.75059797470663,18.7467923515797
The_Tree-445.jpg,5464,3640,26.3890528575262,0,0,perspective,0 0 0 0 0 0,-0.579341052495767,-0.814939318439882,-0.0154224561544947,-0.156843718502387,0.130028082715444,-0.97902642746337,0.799852481936163,-0.564771285536089,-0.203148719352284,-16.0901131439419,12.9729538009108,14.4999143754157
The_Tree-446.jpg,5464,3640,26.4463687489191,-7.66858939100277e-17,3.83429469550138e-17,perspective,0 0 0 0 0 0,-0.908978340192016,0.416813253365401,-0.0050088801859296,0.245911529011248,0.526499226615017,-0.813834187210846,-0.33657970372724,-0.74098939006759,-0.581075577568137,,,
The_Tree-447.jpg,5464,3640,26.4537383256657,-7.66988279450943e-17,0,perspective,0 0 0 0 0 0,-0.857637866357689,0.51423233876705,-0.00473201390535394,0.30205551693154,0.496279090457424,-0.813922311443772,-0.416196774231433,-0.699479925473864,-0.580954455167036,4.41895580515319,9.68123239680539,18.7475423796193
The_Tree-448.jpg,5464,3640,26.4397930511223,0,3.83623545542824e-17,perspective,0 0 0 0 0 0,-0.720122191422099,0.693829838276472,-0.00491781848775119,0.405808659740104,0.41541634603151,-0.81409372379952,-0.562799574539084,-0.588242649734847,-0.58071268621544,7.17779295448791,7.38407794275393,18.7568542805173
The_Tree-449.jpg,5464,3640,26.4387096774194,0,-3.83364821182317e-17,perspective,0 0 0 0 0 0,-0.851107161824721,0.524964829504815,-0.00534105548074492,0.308646959933571,0.492117051500382,-0.813976573217151,-0.424680648504771,-0.69442979155963,-0.580873145686747,5.28503029277243,9.17405540052485,18.7338040514245
The_Tree-45.jpg,5464,3640,26.2146397682502,7.64795410168961e-17,0,perspective,0 0 0 0 0 0,-0.994571151085509,-0.103911234115353,-0.00553902997562616,0.0187769677337696,-0.126855713682216,-0.991743441313781,0.102350627312057,-0.986463422196079,0.128118171068856,-2.14414499605045,15.6597714648322,4.79530697306065
The_Tree-450.jpg,5464,3640,26.4387096774194,-7.66988279450943e-17,-3.83494139725472e-17,perspective,0 0 0 0 0 0,-0.955760399804608,0.294064323456176,-0.00694491436934186,0.17643716428956,0.554240548676682,-0.813441664325125,-0.235355019540257,-0.778680671310668,-0.581605043740487,,,
The_Tree-451.jpg,5464,3640,26.3981691126155,0,0,perspective,0 0 0 0 0 0,-0.992319083988486,-0.123468524282156,-0.0076393104294965,-0.0657146062744216,0.578455877898887,-0.813062351758108,0.10480661274199,-0.806315273845048,-0.582126492344865,,,
The_Tree-452.jpg,5464,3640,26.5314270299434,0,0,perspective,0 0 0 0 0 0,-0.990675431798566,0.136053428688674,-0.00718702809094296,0.07986716937232,0.537198815685613,-0.839665807141406,-0.110378549035478,-0.832410293646127,-0.543055870923786,1.61166469730329,9.09395123493164,20.2008079746842
The_Tree-453.jpg,5464,3640,26.2062350119904,0,0,perspective,0 0 0 0 0 0,0.988544642935035,0.150892221744801,-0.0033205935255971,0.0221468790830835,-0.166784183763444,-0.985744668660826,-0.149295025608102,0.974379070723135,-0.168215403175205,4.23108241828322,-21.084881116222,13.9158386079471
The_Tree-454.jpg,5464,3640,26.3254817987152,-7.64666808283948e-17,3.82333404141974e-17,perspective,0 0 0 0 0 0,-0.914944715334812,-0.403361857888285,-0.0132430918524253,-0.068964895193039,0.188595917710635,-0.979630248131353,0.397643069991059,-0.895394210068277,-0.2003726464972,-7.53012489247658,18.7541444236099,14.5635676981558
The_Tree-455.jpg,5464,3640,26.433598112548,0,0,perspective,0 0 0 0 0 0,-0.82836341939687,-0.560089408936856,-0.0106723662741324,-0.306435934651087,0.468997636580647,-0.828334615259004,0.468946759621644,-0.682891697766587,-0.560132007442735,-5.34490388688203,8.57891175479146,20.0512496060257
The_Tree-456.jpg,5464,3640,26.4671689989236,0,0,perspective,0 0 0 0 0 0,-0.984899702943556,-0.172928753302228,-0.00825962608310604,-0.0872526144065253,0.53701479743386,-0.839048323171137,0.149531121914208,-0.82565777027677,-0.543994200300583,-1.32660752591081,8.9327267078193,20.1368567461988
The_Tree-457.jpg,5464,3640,26.4885537301374,-7.6608381214027e-17,0,perspective,0 0 0 0 0 0,-0.564119024378464,-0.825619300280088,-0.0110678516120828,-0.456377369699778,0.322942610597143,-0.829112638117773,0.688105677029482,-0.462667095507903,-0.558972035055493,-6.85098100422638,5.11069034647345,20.1909744445284
The_Tree-458.jpg,5464,3640,26.5385860766325,0,0,perspective,0 0 0 0 0 0,0.883001257788914,-0.469222405889298,-0.0117945985372714,-0.269884645174693,-0.486999757377225,-0.830658482538675,0.384019605023137,0.73665566591589,-0.556657320828435,-3.44775001377963,-6.8083930272349,19.9050021298666
The_Tree-459.jpg,5464,3640,26.5028294260307,-7.67117663438705e-17,0,perspective,0 0 0 0 0 0,0.791643184802336,-0.610865654312477,-0.0120091772159761,-0.348221891633123,-0.43494847860724,-0.830398299097907,0.502038426958997,0.661561012559414,-0.557040792507962,-4.94835868061518,-6.14464956738763,19.8694156639746
The_Tree-46.jpg,5464,3640,26.3285466556997,7.66342013627341e-17,-3.8317100681367e-17,perspective,0 0 0 0 0 0,-0.980814019872288,-0.194814616563242,-0.00715007659261691,0.0319521821147867,-0.124468861490671,-0.991708909195294,0.192309428994178,-0.97291046232042,0.128305556494643,-3.29122753009238,15.4200814590534,4.7655566801259
The_Tree-460.jpg,5464,3640,26.499314159568,0,0,perspective,0 0 0 0 0 0,0.434714952352149,-0.900452878331169,-0.0144056970182724,-0.507797427607191,-0.231877727690183,-0.829683368470622,0.743750416952481,0.367990941880844,-0.558048370642421,-7.06424987344559,-3.05474658201763,19.960140658744
The_Tree-461.jpg,5464,3640,26.5125473952595,-7.66988279450943e-17,0,perspective,0 0 0 0 0 0,0.402741015745663,-0.915222427658426,-0.0129453523385301,-0.51537993726,-0.215058077511011,-0.829538150760498,0.756427917587677,0.340760812313102,-0.558299985926639,-6.95710524708881,-2.72839192821007,19.9545822138879
The_Tree-462.jpg,5464,3640,26.4677137733283,0,0,perspective,0 0 0 0 0 0,-0.976560462400944,-0.215096442976766,-0.00794880456405878,-0.114099647728443,0.548631745405782,-0.828241799428917,0.182512831503705,-0.807921238829472,-0.560314499352598,-2.54977583040464,8.59490207548252,20.0682909564696
The_Tree-463.jpg,5464,3640,26.5099730458221,0,0,perspective,0 0 0 0 0 0,-0.000343449871849089,-0.999920264186927,-0.0126232844589325,-0.557593458626745,0.0106702577925667,-0.830045589407777,0.830114098747184,0.0067535817893744,-0.557552663157629,-8.02035070531772,1.05579493869765,20.0454510751185
The_Tree-464.jpg,5464,3640,26.5187065638903,0,0,perspective,0 0 0 0 0 0,-0.10813643692406,-0.994057114498856,-0.0125285323792497,-0.553987330183586,0.070719110012571,-0.829516030872878,0.82547231873966,-0.0827602597460828,-0.55834235949042,-7.89543607437916,1.71070084402041,20.0823431303303
The_Tree-465.jpg,5464,3640,26.5314270299434,0,3.84012287524459e-17,perspective,0 0 0 0 0 0,-0.27538724935737,-0.961269921711093,-0.0110453838743183,-0.535011754170079,0.162797314273382,-0.82901113223239,0.798701625008511,-0.222389685190036,-0.5591230116261,-7.73980173507773,2.35876205938076,20.0774705440071
The_Tree-466.jpg,5464,3640,26.6536585365854,0,0,perspective,0 0 0 0 0 0,0.876838762354677,0.480676085516607,-0.0102120343100864,0.261099309908916,-0.493912017486173,-0.829384150649038,-0.403708973392228,0.724569817060557,-0.558585396342783,4.19944822500843,-7.05837055527248,19.7728416014278
The_Tree-467.jpg,5464,3640,26.4032214765101,0,0,perspective,0 0 0 0 0 0,-0.826842570310333,0.562335136886672,-0.0105146443235249,0.360833321515634,0.516033849263897,-0.776858018236203,-0.431428647642454,-0.646133314600426,-0.629588009540262,6.25453338136061,10.1021022136498,16.1987498735383
The_Tree-468.jpg,5464,3640,26.4047499213589,0,0,perspective,0 0 0 0 0 0,-0.694843359169115,0.71910790117772,-0.00874829596865823,0.45758956159246,0.432699445821284,-0.776777305736704,-0.554801315193287,-0.543741681361405,-0.629714605682663,7.41045909299018,8.23344662106093,16.3049645281145
The_Tree-469.jpg,5464,3640,26.4700383852206,7.67376562413878e-17,0,perspective,0 0 0 0 0 0,0.663864971173266,0.747836274270582,-0.00492005428976939,0.409559333146168,-0.369060585288064,-0.834299368943605,-0.625735129812914,0.551847072359659,-0.551289720606224,7.69132869702826,-6.24568597341281,16.3324727739479
The_Tree-47.jpg,5464,3640,26.185303514377,0,0,perspective,0 0 0 0 0 0,-0.916980406338592,0.39890548680204,-0.00462028033119921,-0.0172733577156608,-0.0512724049204209,-0.998535313149667,-0.398558108064982,-0.915557509440507,0.0539062278661558,9.79714018805662,19.2282482428619,8.27102501314245
The_Tree-470.jpg,5464,3640,26.4743088635268,7.67376562413878e-17,0,perspective,0 0 0 0 0 0,0.802629978833793,0.596465942361765,-0.00367378275849006,0.325632195584101,-0.443328259362807,-0.835118990114236,-0.499748727138292,0.669095235413342,-0.550057065831193,5.87871908240925,-7.94066762044987,16.3020297372415
The_Tree-471.jpg,5464,3640,26.4910416691031,-7.68154308929838e-17,3.84077154464919e-17,perspective,0 0 0 0 0 0,0.752461529900721,0.658622511194569,-0.00424661832843043,0.359743440276866,-0.41638265213933,-0.834991104249131,-0.551712156107904,0.626770990669781,-0.550247055473802,7.11076768702431,-6.93652778171972,16.2882695562994
The_Tree-472.jpg,5464,3640,26.3113964686998,0,0,perspective,0 0 0 0 0 0,0.2168094291793,-0.976116035141245,-0.0138259668408001,-0.197604044074037,-0.0300122394591351,-0.979822385561911,0.956005393909748,0.215166799071753,-0.199391412534953,-19.7052195075076,-4.94899895734685,14.3481683419103
The_Tree-473.jpg,5464,3640,26.012166093626,0,-3.80924234282513e-17,perspective,0 0 0 0 0 0,0.213194656024035,0.976987767715441,-0.00655289075085363,0.536340701864302,-0.122639122805673,-0.835043889314306,-0.81663130613913,0.174512312722783,-0.550144310650982,10.311287451161,-0.899643311184404,16.3391525828533
The_Tree-474.jpg,5464,3640,26.1296493092455,-7.63383164153876e-17,-3.81691582076938e-17,perspective,0 0 0 0 0 0,0.324210601625889,0.945959049570756,-0.00699730866625359,0.519653140393937,-0.184272979056256,-0.834268591562964,-0.790473338874942,0.266842548565488,-0.551313844196731,9.83463919080483,-2.39159709840386,16.3013828384836
The_Tree-475.jpg,5464,3640,26.4174053182917,0,3.83041906070135e-17,perspective,0 0 0 0 0 0,0.105848012360484,0.99436896537425,-0.00515354051870886,0.576471801523146,-0.0655851661218151,-0.814480722935437,-0.810232349593617,0.0832402948416036,-0.580167728322327,8.74692364803614,0.723821764205522,16.3035417492422
The_Tree-476.jpg,5464,3640,26.4387096774194,0,0,perspective,0 0 0 0 0 0,0.835193635452877,-0.549856704386593,-0.0104496861255186,-0.351044027867368,-0.518392170116417,-0.779767688777015,0.423343456070437,0.654925310705814,-0.625981753407582,-4.78839197944446,-5.86450257892367,18.405955435937
The_Tree-477.jpg,5464,3640,26.448683901647,0,3.8317100681367e-17,perspective,0 0 0 0 0 0,0.792508670266361,-0.60974788962334,-0.0117268347190631,-0.38976520824711,-0.491613722665914,-0.778716270618926,0.469055529753921,0.621710108319339,-0.627266650811936,-5.71940517579841,-6.36401534483625,18.4485803267088
The_Tree-478.jpg,5464,3640,26.4690447913726,0,-3.83300194610978e-17,perspective,0 0 0 0 0 0,0.83363758461485,-0.552194702304356,-0.0113748962422982,-0.352840058741341,-0.516605264341373,-0.780142867558365,0.42491442722615,0.654369934824167,-0.625497975962584,-5.13543764192301,-6.7881933643176,18.4010421066825
The_Tree-479.jpg,5464,3640,26.4603087263023,7.66471179650201e-17,0,perspective,0 0 0 0 0 0,0.870192137961739,-0.492606476390853,-0.0102226438539965,-0.315401985771539,-0.540979874988268,-0.779655284230825,0.378532997770271,0.681674140829374,-0.626125494867911,-3.55768495606259,-6.34033810940066,18.4064532993234
The_Tree-48.jpg,5464,3640,26.1157727031333,0,0,perspective,0 0 0 0 0 0,-0.593098690579879,0.805115340535854,-0.00481992388627894,-0.0400016775031381,-0.0354458248649934,-0.998570708210778,-0.804135441968185,-0.592058174450346,0.0532288365188958,17.8525885345375,13.1822252323764,8.45863745489128
The_Tree-480.jpg,5464,3640,26.5114324276611,0,0,perspective,0 0 0 0 0 0,0.945666222140197,-0.324988331495222,-0.00989851984088475,-0.211330326998618,-0.591232695640336,-0.778320880162237,0.247092875643442,0.738123623790632,-0.627788680057582,-3.54125424734648,-9.23707447397397,18.4150291795908
The_Tree-481.jpg,5464,3640,26.4600484261501,0,0,perspective,0 0 0 0 0 0,0.945728141529259,-0.324835577538068,-0.00895152976440983,-0.210375513854674,-0.59102879666582,-0.778734296587825,0.24766999311583,0.738354121731072,-0.627290017003891,-3.14771670827823,-7.9628822877544,18.3814869663208
The_Tree-482.jpg,5464,3640,26.4600484261501,-7.67247091085649e-17,0,perspective,0 0 0 0 0 0,0.946842340809268,-0.32157905566784,-0.00874600517983381,-0.208161352239276,-0.591719351884555,-0.778804892151583,0.24527216125101,0.73922602738344,-0.627205267320162,-3.08650985186548,-7.55249431433538,18.4014435861494
The_Tree-483.jpg,5464,3640,26.4972628544864,0,0,perspective,0 0 0 0 0 0,0.999603395880312,-0.0264961824903747,-0.00953956277751189,-0.0240491611006411,-0.626923234519941,-0.778709763563686,0.0146522624500361,0.778630342545481,-0.627311805143664,-0.954574354262787,-8.02008943017604,18.4136127152817
The_Tree-484.jpg,5464,3640,26.7380089484174,0,0,perspective,0 0 0 0 0 0,0.969731987280714,0.244095948929275,-0.00608609570360486,0.14868482170906,-0.610091900820594,-0.778254904479541,-0.193681947114184,0.753793765077313,-0.627918994053076,1.21897672949444,-7.94157413199716,18.4168471381499
The_Tree-485.jpg,5464,3640,26.4854078848643,0,0,perspective,0 0 0 0 0 0,0.9998375565599,0.0158335280797477,-0.00861161314017522,0.00323159213980382,-0.627527012293195,-0.778588084711434,-0.0177318161667144,0.778433778963198,-0.62747624215145,-0.314884475837575,-8.03071417292226,18.4264522350437
The_Tree-486.jpg,5464,3640,26.4458187684862,0,0,perspective,0 0 0 0 0 0,0.907105047663304,0.42084849122892,-0.00685419098771689,0.226799971265442,-0.502437595295424,-0.834337003774701,-0.354573272452605,0.755276777257247,-0.551212104546116,3.38237786444362,-8.55922640753372,16.3207323411389
The_Tree-487.jpg,5464,3640,26.5391145152973,0,0,perspective,0 0 0 0 0 0,0.879247888025837,0.476317343098554,-0.00670373520062739,0.257121292580003,-0.486380285181936,-0.835058596200487,-0.401013456512489,0.732499834027199,-0.550120169459394,4.23600882030773,-8.22461465749668,16.3450333174663
The_Tree-488.jpg,5464,3640,26.2202079445481,0,3.83041906070135e-17,perspective,0 0 0 0 0 0,0.974982545156258,0.222205149416606,-0.00582307593712272,0.0319666660990201,-0.166090301079571,-0.985592280887899,-0.219970836474155,0.960749126182294,-0.169038302289213,5.89792355121778,-21.2627243697097,13.8596821196584
The_Tree-489.jpg,5464,3640,26.4231192510023,7.65310250566247e-17,3.82655125283124e-17,perspective,0 0 0 0 0 0,0.543077481129558,-0.839633264936586,-0.00910109344547294,-0.531600174557256,-0.335410332588541,-0.77775392201103,0.64997546407589,0.42721878376866,-0.62850298877138,-7.62497437714437,-3.96495044305594,18.4728133459229
The_Tree-49.jpg,5464,3640,26.1504918904547,0,3.81755667298912e-17,perspective,0 0 0 0 0 0,-0.489455932398762,0.872011757869603,-0.0053276990177249,-0.0439087570765155,-0.0307466508010524,-0.998562298765838,-0.87092187439038,-0.488518308358738,0.0533380830801299,,,
The_Tree-490.jpg,5464,3640,26.4387096774194,0,0,perspective,0 0 0 0 0 0,0.0080288019869812,-0.999937432353913,-0.00778907671790563,-0.627293729095847,0.00102964059698496,-0.778782073032801,0.778741366421279,0.0111387260359798,-0.627246214023342,-9.60740434203461,0.88617513638912,18.5308979002178
The_Tree-491.jpg,5464,3640,26.4387096774194,0,3.82848417988267e-17,perspective,0 0 0 0 0 0,-0.198677277469358,-0.980036359585398,-0.00748821126604682,-0.612674925313884,0.130160447117968,-0.77954325979876,0.764955407399013,-0.150289693248246,-0.626303626681467,-9.59888087889357,2.04745535655397,18.511952173334
The_Tree-492.jpg,5464,3640,26.4103633852206,7.65439068989167e-17,0,perspective,0 0 0 0 0 0,0.137399367911609,-0.990487269849094,-0.00750879247138059,-0.622562394303975,-0.0804600581134193,-0.778422921198295,0.770413836127047,0.111629509159868,-0.627695287371774,-9.34381270893018,-0.195162570724204,18.4778906439176
The_Tree-493.jpg,5464,3640,26.4387096774194,0,3.83106445565682e-17,perspective,0 0 0 0 0 0,0.265091320992331,-0.964191991041671,-0.00777148284683094,-0.607263982649399,-0.160687466699098,-0.778080968423349,0.748970658244588,0.210981853382996,-0.628115921332794,-8.985762849227,-1.37046821937089,18.4461318024428
The_Tree-494.jpg,5464,3640,26.362840745054,0,0,perspective,0 0 0 0 0 0,-0.412329305204505,-0.911000286323178,-0.00793866416079325,-0.569048440329358,0.264343323291383,-0.778656843538919,0.711455140278216,-0.316545550830137,-0.627399790899989,-8.96803989436784,4.81587945191147,18.5609153124251
The_Tree-495.jpg,5464,3640,26.3748994368463,7.65181475494639e-17,0,perspective,0 0 0 0 0 0,-0.373284995489248,-0.927677472245834,-0.00853344187131811,-0.579435637003817,0.240320930614181,-0.778781222731208,0.724508560827664,-0.285762764887788,-0.627237584565142,-9.23074333971005,4.4227061536625,18.5855015096876
The_Tree-496.jpg,5464,3640,26.36111532288,0,0,perspective,0 0 0 0 0 0,-0.506564916982107,-0.862162449942897,-0.00823982957176383,-0.538170092006088,0.323640291844413,-0.778222277736266,0.673620766420595,-0.389785673676347,-0.627934862580193,-8.58125903888654,5.58768435617367,18.5550625605536
The_Tree-497.jpg,5464,3640,26.419073083779,0,0,perspective,0 0 0 0 0 0,-0.876748105615635,-0.480912196884891,-0.00601815476242606,-0.297732202950927,0.552535930271237,-0.778498285858927,0.377714567663711,-0.680755098876716,-0.627617877954387,-4.86598834665908,9.44342470339711,18.6052930413273
The_Tree-498.jpg,5464,3640,26.4175206652708,0,3.82719534494584e-17,perspective,0 0 0 0 0 0,-0.910517946466443,-0.413430741544902,-0.00566490142589871,-0.255203818105669,0.572721531664122,-0.779012874343287,0.325312281334138,-0.707859498144889,-0.626982336672449,-4.21831045370809,9.86672468118555,18.6277449278288
The_Tree-499.jpg,5464,3640,26.0742311770944,0,0,perspective,0 0 0 0 0 0,-0.913089061576424,-0.407715247354309,-0.00605332175746654,-0.251225065542538,0.574194226166065,-0.779222020402851,0.321176481194736,-0.709978357214055,-0.626718756871852,-4.09275223405221,8.97737202481959,18.6159592092424
The_Tree-5.jpg,5464,3640,26.2132196162047,0,3.8259073774732e-17,perspective,0 0 0 0 0 0,0.0472370501610513,-0.998874520091487,-0.00428418067831071,0.136978357658618,0.010726074900808,-0.990515966984061,0.989447113607003,0.0462022123845205,0.137330859407293,-14.2899529842039,-1.32205287327998,4.55915336280692
The_Tree-50.jpg,5464,3640,26.1435406698565,7.63255036734582e-17,-3.81627518367291e-17,perspective,0 0 0 0 0 0,-0.55438693540044,0.832252924558143,-0.00319302704763657,-0.0418077425817244,-0.0316806305430024,-0.998623277471849,-0.831208300317994,-0.553490205164297,0.0523579437111028,,,
The_Tree-500.jpg,5464,3640,26.265233997011,0,0,perspective,0 0 0 0 0 0,0.965160562166635,0.261657511148311,0.000660377055773153,-0.0287714959118767,0.108635547053712,-0.993665194589875,-0.260071702153804,0.959027457780022,0.112379023677956,5.97254208221921,-19.3571062064502,6.78110586629649
The_Tree-501.jpg,5464,3640,26.3470792104074,-7.66342013627341e-17,3.8317100681367e-17,perspective,0 0 0 0 0 0,0.875713922197402,0.482620106743057,-0.0142463692555026,0.0932945284495019,-0.198085396088675,-0.975734752285568,-0.473731207997772,0.853135398646495,-0.218491954417681,11.5750358308512,-17.7826189646892,14.9295096063267
The_Tree-502.jpg,5464,3640,26.2552055525894,7.65567930785293e-17,0,perspective,0 0 0 0 0 0,0.942743621844589,0.333481198637966,0.00497530163239457,-0.063390305338464,0.193808744953234,-0.978989192774235,-0.327438746425105,0.922620431453064,0.203851433168663,6.56124987855147,-17.2026016002213,6.22582315298595
The_Tree-503.jpg,5464,3640,26.4194509886273,7.65954776632077e-17,3.82977388316039e-17,perspective,0 0 0 0 0 0,0.00662617159592571,-0.999816206734458,-0.0179901806855991,-0.421747734407544,0.0135180332222724,-0.906612437207821,0.906688999807588,0.0135946875256732,-0.421580647206433,-11.8217041816353,0.183267077667751,15.4116731476307
The_Tree-504.jpg,5464,3640,26.3478217700193,0,0,perspective,0 0 0 0 0 0,0.0807540101429218,-0.996603162300571,-0.0161532268707685,-0.439281961509801,-0.0210379832093562,-0.898102868024919,0.894712327029162,0.0796212292983755,-0.43948869349174,-13.1922679094197,-0.563935489653033,15.4122839076723
The_Tree-505.jpg,5464,3640,26.185303514377,0,-3.82269124820498e-17,perspective,0 0 0 0 0 0,0.725996069790662,0.687678742714911,0.00525865634468569,-0.136280257659151,0.151360447190146,-0.979039175109329,-0.674060381583778,0.710061942258869,0.203604126025712,13.3051471628725,-13.5661320720553,6.39467300819104
The_Tree-506.jpg,5464,3640,26.4956896551724,0,0,perspective,0 0 0 0 0 0,0.00909982839707446,-0.999791394847323,-0.0182855109960922,-0.390979452684487,0.0132731462565117,-0.920303695074073,0.920354421243079,0.0155238647796759,-0.390777109002842,-13.2742048851927,0.36062874651717,15.4844578528363
The_Tree-507.jpg,5464,3640,26.5190860669598,0,-3.84466816779222e-17,perspective,0 0 0 0 0 0,0.968518984605152,0.248469939492718,-0.0152861253393439,0.0394045810384123,-0.213648022786394,-0.97611567006818,-0.245801251934551,0.944784214266914,-0.216713019958327,6.93977966638171,-19.8174795240699,14.9522726811806
The_Tree-508.jpg,5464,3640,26.1683901982628,-7.63896104294413e-17,0,perspective,0 0 0 0 0 0,0.618786120942229,0.78553677513065,0.00597590550531724,-0.146785950401786,0.123093329792485,-0.981479453134523,-0.771723798579462,0.606448684620502,0.191474206169261,,,
The_Tree-509.jpg,5464,3640,26.1715945968435,0,0,perspective,0 0 0 0 0 0,0.629405517645431,0.777061432040736,0.00492190941486559,-0.166379704146411,0.140946095372714,-0.975936469370491,-0.759056314383617,0.613440892860907,0.21799950128469,15.2110721485922,-11.1361972898708,6.2364788055526
The_Tree-51.jpg,5464,3640,26.2132196162047,0,3.81948052147207e-17,perspective,0 0 0 0 0 0,-0.184133714553809,0.982888692014285,-0.00495926154423998,-0.0421861120911692,-0.0129438017293411,-0.99902592055633,-0.981995472042131,-0.183745141724181,0.0438476428273289,21.9228273349175,4.77724630387012,8.58190205174522
The_Tree-510.jpg,5464,3640,26.2341957855428,0,0,perspective,0 0 0 0 0 0,0.719436081979811,0.694532196507898,0.00606233943731204,-0.132921956346432,0.146244663374305,-0.980277640240546,-0.681720967454116,0.704441286729029,0.197532265933881,14.6240482428792,-12.2332469496357,6.28422005435623
The_Tree-511.jpg,5464,3640,26.2062350119904,0,0,perspective,0 0 0 0 0 0,-0.456029658419453,0.889927648336917,0.00810748835099062,-0.179994118585643,-0.0833059106382762,-0.980133788075539,-0.87157275537755,-0.448429376801133,0.198171708640092,16.6962679866609,8.08475918282398,6.92244880260078
The_Tree-512.jpg,5464,3640,26.1928549362061,0,3.82140630997029e-17,perspective,0 0 0 0 0 0,-0.299905563275566,0.953944730879982,0.00678995896048029,-0.191030243418908,-0.0530805057142325,-0.98014790007041,-0.934646510299845,-0.295248895577004,0.198151433113366,17.4072964682553,5.64626547658953,6.91027891118678
The_Tree-513.jpg,5464,3640,26.4725652196886,0,-3.84206954111578e-17,perspective,0 0 0 0 0 0,0.999582021146958,0.0230562370720655,-0.0174411275965269,-0.0108451530567825,-0.260180121591777,-0.965499190566032,-0.0267986129293399,0.965284784020014,-0.25982132338301,2.00251054640257,-19.0459970884511,15.0786709103448
The_Tree-514.jpg,5464,3640,26.4316044074174,0,0,perspective,0 0 0 0 0 0,0.98556597762924,0.168134208261943,-0.019763394239078,0.0561828147033011,-0.434968359670778,-0.898691280372369,-0.159697198071019,0.884609187210625,-0.438136269704785,2.48003967118947,-11.7044180396849,15.2242110034005
The_Tree-515.jpg,5464,3640,26.2502494171561,0,0,perspective,0 0 0 0 0 0,-0.553256053986413,0.832989019901078,0.00608534728872013,-0.168453446162885,-0.104723412113434,-0.98013082975242,-0.815800940918329,-0.543288412981136,0.198258732764052,15.9247133318802,9.52044494029953,6.91628995216821
The_Tree-516.jpg,5464,3640,26.1644054269753,0,0,perspective,0 0 0 0 0 0,-0.403076417846052,0.915148109987495,0.00577392091318707,-0.183553512470262,-0.0746618673575617,-0.98017024726448,-0.896569857532711,-0.396143335610986,0.198073088062909,17.0964466727725,6.64919020948814,6.91815202689405
The_Tree-517.jpg,5464,3640,26.2004590320411,0,0,perspective,0 0 0 0 0 0,-0.262042743850333,0.965023665271284,0.0079325822885945,-0.211253781555758,-0.04933956881192,-0.97618514981936,-0.941650381072392,-0.257478023170582,0.216793974571225,17.5879419640878,4.11723244735625,6.92028634500018
The_Tree-518.jpg,5464,3640,26.2341957855428,0,0,perspective,0 0 0 0 0 0,0.834097857790766,-0.55161633572634,0.000426366861882243,0.0867213652191232,0.130367779826592,-0.987665756618916,0.544756981087335,0.823846866925481,0.156576407589657,-10.1508801066045,-15.9392309310122,6.77468818291232
The_Tree-519.jpg,5464,3640,26.5242718446602,0,0,perspective,0 0 0 0 0 0,0.968352438255955,0.249044144896569,-0.0164489883118506,0.0385344596809436,-0.214296490899542,-0.976008252734187,-0.246594101188257,0.944486118416189,-0.217111311032559,7.02579693917755,-19.8401187154778,14.9423543026375
The_Tree-52.jpg,5464,3640,26.249962803931,0,0,perspective,0 0 0 0 0 0,-0.849334120276237,-0.527792110522808,-0.00818780828249288,0.0693387590324441,-0.0961774916777329,-0.992946134787996,0.523281653252273,-0.843910764337355,0.118283275255248,-7.23563799031297,13.2839805273311,4.72183539618453
The_Tree-520.jpg,5464,3640,26.1803917714979,7.64281261994057e-17,0,perspective,0 0 0 0 0 0,0.0249042988127108,0.999645703700082,0.00939377318312129,-0.218333317895649,0.0146087281937082,-0.975764903733087,-0.975556424917249,0.0222497670668948,0.218619783341179,17.9789004303492,-0.548189459536189,6.87925622624709
The_Tree-521.jpg,5464,3640,26.2272,0,-3.82333404141974e-17,perspective,0 0 0 0 0 0,0.789964958779683,-0.613150928212715,0.0011415481158501,0.114224611768554,0.145333817337526,-0.982766920283963,0.602418543843512,0.776481822562505,0.184845549752959,-10.9922016911185,-15.1883239711171,6.74222968901082
The_Tree-522.jpg,5464,3640,26.2208281330823,0,0,perspective,0 0 0 0 0 0,0.726165375031999,-0.687519066024175,0.00117556704724908,0.126849005830274,0.132298444873786,-0.983059739387108,0.675716788177198,0.714013063842129,0.183281659852448,-12.9795591515544,-12.9679923121815,6.76508475665167
The_Tree-523.jpg,5464,3640,26.1713677488026,0,0,perspective,0 0 0 0 0 0,0.534324959303341,-0.845277504987633,0.00166656153958211,0.155961837699995,0.0966499562273024,-0.983023240387785,0.830766358879995,0.525513772914795,0.183473516972161,-15.2169505092576,-9.9118678850443,6.72773632857892
The_Tree-524.jpg,5464,3640,26.2701747244621,-7.65439068989167e-17,0,perspective,0 0 0 0 0 0,0.22983628653267,-0.973228283025175,-0.00141085532320773,0.152955050157591,0.0375532321994048,-0.987519370636681,0.961134763716391,0.226751987579488,0.157491276280912,-18.7080494117497,-3.65816680990853,6.84181328827286
The_Tree-525.jpg,5464,3640,26.0673204346674,0,3.81691582076938e-17,perspective,0 0 0 0 0 0,0.794711645847504,0.606869979037567,-0.0119259589675042,0.121833321881236,-0.17873018194004,-0.976325849162596,-0.59463437643121,0.774444543273838,-0.215975942548336,13.5284027769876,-16.3482344588492,14.7990274849112
The_Tree-526.jpg,5464,3640,26.2973262032086,0,-3.832355898251e-17,perspective,0 0 0 0 0 0,0.123558682809144,-0.992336033433139,0.00156481713140266,0.157477772841887,0.0180510548727336,-0.987357539333519,0.979762217562623,0.122243020938485,0.158501233019193,-19.0556707692735,-1.94866863124705,6.78584142789011
The_Tree-527.jpg,5464,3640,26.483246847613,0,0,perspective,0 0 0 0 0 0,0.738599646780583,0.674118115023294,0.00594380122806015,-0.185354318911769,0.211545261066543,-0.959631376613459,-0.648162277702391,0.707681686577892,0.281197959178083,6.48578531253449,-6.42270717657679,5.27368182569107
The_Tree-528.jpg,5464,3640,26.4743088635268,7.67376562413878e-17,0,perspective,0 0 0 0 0 0,0.853008462177581,0.521865242560981,0.00576472551012053,-0.142077209542368,0.24283076877969,-0.959607880471247,-0.502185852032983,0.81773460630001,0.281281858066378,5.30953805948135,-7.32042004835106,5.25677117074489
The_Tree-529.jpg,5464,3640,26.6031917771166,-7.71281124298616e-17,0,perspective,0 0 0 0 0 0,-0.401838489593629,0.915679940558353,0.00748830689550228,-0.272189949559831,-0.111632321077762,-0.955746230047186,-0.87432171403879,-0.386093863393142,0.294097040125246,9.11226095902559,4.84428447785333,5.30949219056894
The_Tree-53.jpg,5464,3640,26.2294204195814,0,0,perspective,0 0 0 0 0 0,-0.782265588145739,-0.622909544236665,-0.00665201487307865,0.0787262908752414,-0.0882624808383636,-0.992981321879362,0.617950419312122,-0.777298806235497,0.118084059452764,,,
The_Tree-530.jpg,5464,3640,26.6320064987815,0,3.85902368369369e-17,perspective,0 0 0 0 0 0,-0.69193681193252,0.721956173624136,0.0016527730205258,-0.213489690061852,-0.202424680513542,-0.955743899251408,-0.689670646417517,-0.661667236671869,0.294195287836257,7.00854819049166,8.24664764085481,5.32411198452625
The_Tree-531.jpg,5464,3640,26.4247002201508,-7.68154308929838e-17,0,perspective,0 0 0 0 0 0,-0.788240499894475,-0.615367221970614,0.000310564451968531,0.181873699730211,-0.233449011755833,-0.955208624467278,0.587876578605199,-0.752877640147717,0.295933079078786,-5.74161005312063,9.41588751522299,5.35899449319003
The_Tree-532.jpg,5464,3640,26.185303514377,7.66342013627341e-17,0,perspective,0 0 0 0 0 0,0.49522447399208,-0.868765054106062,-3.35165462947984e-05,0.238863554374239,0.13619712503654,-0.961454390766138,0.835282540671702,0.476127739053158,0.274964458345356,-8.67159335291322,-4.45640738713097,5.51654582937486
The_Tree-533.jpg,5464,3640,26.1088399256703,0,3.82204867109148e-17,perspective,0 0 0 0 0 0,0.58237826066218,-0.812915317276019,-0.00206117590785393,0.222572530911164,0.161890144738385,-0.961380803594696,0.781854865043311,0.559428519093024,0.275213920493665,-8.35516962233975,-4.93195858671143,5.45306256784989
The_Tree-534.jpg,5464,3640,26.2384853700516,0,0,perspective,0 0 0 0 0 0,0.999555342144032,0.029336961645674,0.00533485451786841,-0.00279754335777348,0.270389757478272,-0.962746878884581,-0.0296865582795976,0.962303861434756,0.270351597970625,0.680216316045173,-11.1528963409212,5.60628885501669
The_Tree-535.jpg,5464,3640,26.3184372491303,0,0,perspective,0 0 0 0 0 0,-0.189536387632639,0.981800926413211,-0.0119540226422075,0.668633166706347,0.120144710998822,-0.733822142483621,-0.719031046717325,-0.147078854065328,-0.679236457018775,11.2248071040328,3.55451476545431,22.6756807289467
The_Tree-536.jpg,5464,3640,26.3270886757498,7.66471179650201e-17,-3.832355898251e-17,perspective,0 0 0 0 0 0,-0.250872308007001,0.967953034774356,-0.011402085175769,0.212071277156774,0.0434639901785159,-0.976287178530404,-0.944504557151703,-0.247341472521041,-0.216178947843651,19.4999512213341,6.21263179101286,14.7553323474396
The_Tree-537.jpg,5464,3640,26.2973262032086,7.65181475494639e-17,3.8259073774732e-17,perspective,0 0 0 0 0 0,-0.13203520448598,0.991173785850231,-0.0118840657885109,0.674765143285048,0.0810907539915103,-0.733564101510289,-0.726125819802501,-0.104875239501079,-0.679516355914806,11.3648864643418,1.86764301025637,22.7085475626168
The_Tree-538.jpg,5464,3640,26.3834619524446,0,3.8317100681367e-17,perspective,0 0 0 0 0 0,-0.792982460122011,-0.609004511293657,-0.0170974607125451,-0.400417851278848,0.542122874029898,-0.738761351067308,0.459177920109486,-0.578978665131573,-0.673750208167974,-6.59990432447665,10.703960507948,22.7921189305892
The_Tree-539.jpg,5464,3640,26.3466380926868,0,0,perspective,0 0 0 0 0 0,-0.863678142516918,-0.503780586471496,-0.0162845581137923,-0.329225524135503,0.588296836219289,-0.738591488410257,0.381668207211748,-0.632544032608648,-0.673956546384824,-5.63490329629915,11.290928944172,22.7980062171968
The_Tree-54.jpg,5464,3640,26.2218841738895,-7.63126952318282e-17,0,perspective,0 0 0 0 0 0,-0.800668125066508,-0.599064876592111,-0.00719910662247791,0.0766835621512792,-0.0905575415370292,-0.992934520986435,0.594180262881791,-0.795563074372138,0.118444965689885,-8.50033371384804,12.332706068145,4.68656346343368
The_Tree-540.jpg,5464,3640,26.3467793250926,0,0,perspective,0 0 0 0 0 0,-0.922164750984547,-0.386529494065881,-0.0143917427291562,-0.250365323637445,0.624844995597478,-0.739517367069027,0.294837882168363,-0.678353655325865,-0.672983611646311,-4.37417926810941,12.3318487985881,22.8538643024764
The_Tree-541.jpg,5464,3640,26.3468313264981,0,-3.8239770508448e-17,perspective,0 0 0 0 0 0,-0.0616289616430396,-0.997987835131291,-0.0149047649012175,-0.68500514426777,0.0531528606746291,-0.72659667335379,0.725926871946129,-0.0345695578806453,-0.686902556593324,-10.405019056817,1.12017474335999,22.6891549155433
The_Tree-542.jpg,5464,3640,26.356374498615,0,0,perspective,0 0 0 0 0 0,0.247086375018249,-0.968832789836739,-0.0176450734626385,-0.66954421757628,-0.157537152941397,-0.725873670932681,0.700470459041999,0.191167650977564,-0.687601676284469,-10.3420633809014,-1.66679284860594,22.6041196275222
The_Tree-543.jpg,5464,3640,26.3607611900295,0,0,perspective,0 0 0 0 0 0,0.103917270017043,-0.994452581320284,-0.0162869425500602,-0.685203101109551,-0.0597129941560023,-0.725900178095295,0.720900763782409,0.0865934283554424,-0.687607203964292,-10.7109597215419,-0.48626912753627,22.660331555009
The_Tree-544.jpg,5464,3640,26.4483200632775,0,0,perspective,0 0 0 0 0 0,0.672985188883499,-0.739481719894871,-0.0160537062625892,-0.537521435875014,-0.474045916555938,-0.697388826245089,0.508096094767815,0.477961562197176,-0.716513156574066,-7.22909188636417,-6.22193669384764,22.4933258532363
The_Tree-545.jpg,5464,3640,26.3961352657005,-7.65825784584817e-17,-3.82912892292408e-17,perspective,0 0 0 0 0 0,0.485246008443363,-0.874223307045199,-0.0164292637917853,-0.612175863601241,-0.326257947570237,-0.720275269373683,0.624321250089934,0.359568298194117,-0.693493774752109,-8.62327370584427,-4.53789728317258,22.4950338756235
The_Tree-546.jpg,5464,3640,26.3890528575262,7.6608381214027e-17,3.83041906070135e-17,perspective,0 0 0 0 0 0,-0.169638200479836,-0.98538021136414,-0.0157708588835845,-0.673956895124458,0.127671108080938,-0.727655269805412,0.719030586590142,-0.112809251452833,-0.685761684796175,,,
The_Tree-547.jpg,5464,3640,26.2973262032086,0,0,perspective,0 0 0 0 0 0,-0.997839909063724,-0.0647357538004556,-0.0111713051871796,-0.0353533865194808,0.672508518813754,-0.739244499597078,0.055368347828904,-0.737252720783598,-0.673344467383434,-0.420583968227749,13.1023908658329,22.8926586681073
The_Tree-548.jpg,5464,3640,26.3684191232306,0,0,perspective,0 0 0 0 0 0,-0.95026658289668,0.311219041508949,-0.0116674603971489,0.217188575344073,0.635375965355024,-0.741030704754657,-0.223209641749365,-0.706710754730266,-0.671369767697874,3.85811215588321,12.4183435677336,22.8970143065714
The_Tree-549.jpg,5464,3640,26.3487316477805,0,0,perspective,0 0 0 0 0 0,0.00593977141596724,0.999907056274417,-0.0122718347509725,0.678532677285698,-0.0130446442595629,-0.734454384636408,-0.734546203428368,-0.00396434972858989,-0.678547094135846,11.3597394577328,1.11661022349243,22.7350428435858
The_Tree-55.jpg,5464,3640,26.2411953041622,-7.63511334597824e-17,0,perspective,0 0 0 0 0 0,-0.836745468138106,-0.547531089610418,-0.00816868779982016,0.0713162359882753,-0.0941719019264264,-0.992998311867661,0.542928186811854,-0.831469397390901,0.117845768560458,-7.90093158282602,12.7404830966024,4.72804116151574
The_Tree-550.jpg,5464,3640,26.4630532195691,0,3.83817818101337e-17,perspective,0 0 0 0 0 0,0.109862716809875,0.993855737493528,-0.0134520075211562,0.673356204817164,-0.0843755014716826,-0.73448771003035,-0.731109844612545,0.0716348225557804,-0.67848864935828,11.6244289713043,0.271244303599258,22.7951857969629
The_Tree-551.jpg,5464,3640,26.5851322914374,0,3.85379110920732e-17,perspective,0 0 0 0 0 0,0.515404384351276,0.856801811807983,-0.0157789693592498,0.587006440189039,-0.366405467235264,-0.721921375744409,-0.624325043361288,0.362819085582148,-0.691795165760256,10.0157648904878,-4.40311251330443,22.8732232306193
The_Tree-552.jpg,5464,3640,26.2202079445481,0,0,perspective,0 0 0 0 0 0,0.997088340025167,-0.0760760468348032,0.00522276591905246,0.0254906228430265,0.267974168002384,-0.963088819076675,0.0718684237543231,0.960417763466201,0.269133144160377,-0.324570211002091,-10.9890420038121,5.62082178118966
The_Tree-553.jpg,5464,3640,26.4671689989236,0,0,perspective,0 0 0 0 0 0,-0.00838228589637424,0.999933204013431,-0.00795768776634276,0.232644101479099,-0.00578950444804723,-0.972544705237363,-0.972525814223013,-0.0100034568865566,-0.23258003250534,20.3782056702265,0.979850741711171,14.787935348696
The_Tree-554.jpg,5464,3640,26.185303514377,0,0,perspective,0 0 0 0 0 0,0.27495016022203,-0.961458376455359,0.000446920244429272,0.265698707604644,0.0755356366571972,-0.96109238076889,0.924016561632475,0.264371250211926,0.276226783441218,-9.41649371536591,-2.7705636556765,5.57890748123645
The_Tree-555.jpg,5464,3640,26.2062350119904,7.66988279450943e-17,0,perspective,0 0 0 0 0 0,0.363459793569708,-0.931609843908592,0.000277832456702321,0.257232709682956,0.100070548162779,-0.961154107549651,0.895392825260192,0.349412341114349,0.276012145293574,-9.3008222125164,-3.41821832878382,5.54249760055773
The_Tree-556.jpg,5464,3640,26.4316044074174,0,0,perspective,0 0 0 0 0 0,-0.899124778392658,-0.437686499574223,0.00227177701724291,0.126950781858239,-0.26575096354746,-0.955646338537002,0.418877227676481,-0.858956898490291,0.294507919536989,-3.76838638781869,10.1400748182024,5.36548218375703
The_Tree-557.jpg,5464,3640,26.5412665937043,0,0,perspective,0 0 0 0 0 0,-0.86290522570313,-0.505365277646074,0.000712463288262022,0.148532214339003,-0.25496402334097,-0.955474504162899,0.483045290586487,-0.824378118918432,0.295072811846034,-4.5891093490818,9.82078199066124,5.35981321539021
The_Tree-558.jpg,5464,3640,26.5385860766325,0,3.84727031206822e-17,perspective,0 0 0 0 0 0,0.0731080153171586,0.997292307105227,0.00795438779034363,-0.295116490700281,0.0292511310726846,-0.955013417836483,-0.952660209630452,0.0674716645689262,0.296455898013787,10.0358675284967,0.231421726225534,5.29945953696248
The_Tree-559.jpg,5464,3640,26.5959978366685,0,0,perspective,0 0 0 0 0 0,-0.304562181199303,0.952462940318028,0.0074983400736679,-0.282064108624228,-0.0826687728527869,-0.955827239945082,-0.909770144821835,-0.293223841656425,0.29383339203553,9.43163976163696,3.94386932681323,5.30731379967932
The_Tree-56.jpg,5464,3640,26.2352899886317,-7.63639548088101e-17,-3.8181977404405e-17,perspective,0 0 0 0 0 0,-0.778243696744391,-0.627939161300932,-0.00539983169238578,0.0787605156104496,-0.0890744716320898,-0.99290609812018,0.623003635349266,-0.7731482058494,0.118778458204566,-9.31971921297014,11.6396504795253,4.70892595325075
The_Tree-560.jpg,5464,3640,26.5744393407187,-7.70236027924228e-17,0,perspective,0 0 0 0 0 0,-0.0328553152077955,0.999422720472033,0.00864604342323005,-0.295841842918197,-0.00146181051624374,-0.955235817528206,-0.954671740569166,-0.0339424353029446,0.295719087724049,10.0987217919224,1.74120207528909,5.32333631468525
The_Tree-561.jpg,5464,3640,26.3043594543996,0,0,perspective,0 0 0 0 0 0,0.987667063430666,0.156562866072257,0.00135675402554813,-0.0224811806664328,0.150386228472918,-0.988371680493495,-0.154946340163582,0.976151653818674,0.152051242734085,3.78926972008266,-19.5187465358132,6.72525078081302
The_Tree-562.jpg,5464,3640,26.2622162883845,0,0,perspective,0 0 0 0 0 0,0.980218322756382,0.197910905724161,0.00182020001849015,-0.0284580741209986,0.150037088418657,-0.988270717018457,-0.195862650216903,0.968669265278039,0.152701266385439,4.58861287712573,-19.491469216358,6.73189816057139
The_Tree-563.jpg,5464,3640,26.2622162883845,0,0,perspective,0 0 0 0 0 0,0.928310333201386,0.371804139988328,0.00126758000572025,-0.0404841328770806,0.104467470876724,-0.993703971268009,-0.369595671317619,0.922414347793962,0.112030400905814,8.23772493802736,-18.8532869948351,6.80847502172935
The_Tree-564.jpg,5464,3640,26.2655662491514,7.64152832946503e-17,3.82076416473252e-17,perspective,0 0 0 0 0 0,-0.28796614886744,-0.957636342193992,-0.00285187933955022,0.175522134620597,-0.0498523581139227,-0.983212450413801,0.941417801703731,-0.283632470813539,0.182442166550176,-16.8950840007561,5.65099926796026,6.79976474498448
The_Tree-565.jpg,5464,3640,26.2202079445481,0,3.82655125283124e-17,perspective,0 0 0 0 0 0,0.999505147999407,0.030747672778574,-0.00663624452426781,-0.00098536256485489,-0.180262579789698,-0.983618031243927,-0.0314402319218533,0.983137825000272,-0.180143078885745,0.953381349344414,-21.3734474308062,13.9545705922618
The_Tree-566.jpg,5464,3640,26.2708828970282,0,0,perspective,0 0 0 0 0 0,0.98946066980558,0.144797326195931,0.00114770832663957,-0.030507602356938,0.216206256822559,-0.975870965194276,-0.141551648193601,0.965550925035695,0.21834500694174,3.43121730422969,-17.7309570387054,6.24782790047249
The_Tree-567.jpg,5464,3640,26.2552055525894,7.65696835976535e-17,0,perspective,0 0 0 0 0 0,0.843418676852083,0.537229365693179,0.00543545526939759,-0.104789297985079,0.174418975230242,-0.979079784342127,-0.526938458043134,0.825204598700551,0.203404109394545,11.631375335726,-14.8605645040798,6.40088214864642
The_Tree-568.jpg,5464,3640,26.1644054269753,-7.64024447053871e-17,3.82012223526936e-17,perspective,0 0 0 0 0 0,0.723258599360443,0.690554105913875,0.00565908620345201,-0.132388902663534,0.146692224251915,-0.98028290293954,-0.67776852752449,0.708248839144488,0.197518112961243,13.0823057945503,-13.6205807857806,6.38759117902771
The_Tree-569.jpg,5464,3640,26.2738394462346,0,0,perspective,0 0 0 0 0 0,0.92371167800202,0.383036097462782,0.00633118971238301,-0.072349197694399,0.190655537093839,-0.978987262311638,-0.37619453679668,0.903843910316346,0.203823100428752,8.32997049473565,-16.5836795993406,6.24269830899226
The_Tree-57.jpg,5464,3640,26.2481985588471,0,0,perspective,0 0 0 0 0 0,-0.995848506672964,0.0910187247146617,-0.00115909816026694,-0.00604250053100939,-0.0788067201743239,-0.996871601081452,-0.0908253265590675,-0.992726091430402,0.0790295352938147,1.32505787939451,12.2501989282823,3.89861046780485
The_Tree-570.jpg,5464,3640,26.2062350119904,0,3.82462027658927e-17,perspective,0 0 0 0 0 0,0.787085977460368,0.616805736429141,0.00680790667992959,-0.120515991324162,0.164591845087018,-0.97897161366712,-0.604955833032803,0.769714367826765,0.203882888052509,,,
The_Tree-571.jpg,5464,3640,26.3607611900295,0,0,perspective,0 0 0 0 0 0,0.862869640608864,-0.505115650455447,-0.0177246433109381,-0.237790421404576,-0.374763593799699,-0.896107116504812,0.445995178005059,0.777438375967706,-0.44348379087508,-5.56976410883308,-9.64470525854814,15.3026254072543
The_Tree-572.jpg,5464,3640,26.2591599150983,0,0,perspective,0 0 0 0 0 0,0.816935318975112,-0.576517456336504,-0.015630327901869,-0.266328770574674,-0.353076462048698,-0.896886836736585,0.511552216860816,0.736861340067764,-0.441983817507297,-6.81066493769859,-8.83248566417567,15.3319290861073
The_Tree-573.jpg,5464,3640,26.3184372491303,0,0,perspective,0 0 0 0 0 0,-0.994239243674803,-0.106773061532961,-0.00937228189047445,-0.0378713419755659,0.431751672363927,-0.901197123202201,0.100270074269074,-0.895650605281899,-0.433308095313535,-0.793369356890971,13.6725803753408,15.5523458963021
The_Tree-574.jpg,5464,3640,26.2552055525894,-7.66471179650201e-17,-3.832355898251e-17,perspective,0 0 0 0 0 0,0.99469442010949,-0.102640418021558,-0.00692496869345227,-0.0251981374719014,-0.177825487722409,-0.983739370862138,0.0997399843141786,0.978694559351715,-0.179468367754209,-0.935080614207115,-21.0589367291355,13.9557377464571
The_Tree-575.jpg,5464,3640,26.5171205176597,0,3.83753038722755e-17,perspective,0 0 0 0 0 0,0.956222367942025,-0.29185833453438,-0.0213891470181604,-0.14753791227458,-0.417678340174318,-0.896536317496891,0.252727813049939,0.860443790559293,-0.442453540836719,-4.32089993000979,-10.3459264187223,15.363657253817
The_Tree-576.jpg,5464,3640,26.1435406698565,7.63255036734582e-17,-3.81627518367291e-17,perspective,0 0 0 0 0 0,0.238191279961398,0.971192065221952,0.00713348444100159,-0.198988523540233,0.055989687443868,-0.978401105068476,-0.950614791411131,0.231627129995295,0.2065923304494,18.3194397787895,-4.62943265899233,6.42154927743418
The_Tree-577.jpg,5464,3640,26.1992541289291,0,0,perspective,0 0 0 0 0 0,0.487092712740402,0.873317771048316,0.0075339210506078,-0.164164288680422,0.100028456843001,-0.981348253243292,-0.857782475641259,0.476770782025083,0.192090723071011,17.7402254054832,-8.29033702239616,6.43057465689691
The_Tree-578.jpg,5464,3640,26.2622162883845,0,0,perspective,0 0 0 0 0 0,-0.117607334532636,-0.993060106804905,0.00037301040216331,0.181894309982383,-0.0219108608036931,-0.983073941356841,0.976259686179944,-0.115548857421753,0.183208860834747,-18.3136411615032,1.70607510937642,6.88163606518334
The_Tree-579.jpg,5464,3640,26.2622162883845,7.65825784584817e-17,0,perspective,0 0 0 0 0 0,-0.563311176305863,0.826224790498305,0.0057544951940276,-0.167324024350618,-0.107253857827004,-0.98005065218913,-0.809124952973284,-0.553036351017958,0.198664553780294,15.0959958136812,10.9852443902142,6.91695271090115
The_Tree-58.jpg,5464,3640,26.0811455847255,0,0,perspective,0 0 0 0 0 0,0.38773078146946,-0.921754428916457,-0.00579774731935867,0.113572324693742,0.0540135205816297,-0.992060414822624,0.914749237859612,0.383993896263046,0.125628497833826,-12.9708522560626,-5.65154977912271,4.48921137800974
The_Tree-580.jpg,5464,3640,26.2832709780866,0,0,perspective,0 0 0 0 0 0,-0.646779037887533,0.762656808670884,0.00560966462625867,-0.15453364907814,-0.123844118746835,-0.980194871214094,-0.746857568383605,-0.634836377690947,0.197955919609307,,,
The_Tree-581.jpg,5464,3640,26.2973262032086,0,-3.8317100681367e-17,perspective,0 0 0 0 0 0,-0.722370959925696,0.691483907436492,0.00549563575856115,-0.140670385257618,-0.139163368002857,-0.980227218412943,-0.677046555982307,-0.708860749909644,0.197798883389251,13.2242108884815,13.1968382681864,6.93847159895683
The_Tree-582.jpg,5464,3640,26.2973262032086,7.66600389221956e-17,-3.83300194610978e-17,perspective,0 0 0 0 0 0,-0.783371837102255,0.621509879546915,0.00735081360247846,-0.129460086868381,-0.151585855871639,-0.979929494508505,-0.607921582725165,-0.768600805311341,0.199208813388584,10.8817952722688,14.5418060257481,6.88584871512967
The_Tree-583.jpg,5464,3640,26.1922769640479,0,0,perspective,0 0 0 0 0 0,-0.0487704692838662,0.998765148288644,0.00946677821617303,-0.217929389747844,-0.0013910058427727,-0.975963547570747,-0.974745208969997,-0.049661289418501,0.217728119275688,,,
The_Tree-584.jpg,5464,3640,26.3254817987152,0,-3.83494139725472e-17,perspective,0 0 0 0 0 0,-0.724300162769913,0.689450752323701,0.00685086357767429,-0.141626034774272,-0.139045733426109,-0.980106295403775,-0.674782439372569,-0.710861409936056,0.198355023576738,,,
The_Tree-585.jpg,5464,3640,26.3184372491303,0,-3.83623545542824e-17,perspective,0 0 0 0 0 0,0.0166828345252199,-0.999857985401745,0.00238580396693244,0.158707084953999,0.000292160030515456,-0.98732566857543,0.987184756880701,0.0168500347442096,0.158689420288533,-18.9033301886398,-1.14573038601725,6.80148061352416
The_Tree-586.jpg,5464,3640,26.4277123313338,0,0,perspective,0 0 0 0 0 0,0.335886209625311,-0.941899890124557,0.00224748011967613,0.176714873520691,0.0606733126254712,-0.982390249652152,0.925176906142878,0.330368500493613,0.186827048955695,-17.3378828330023,-5.83364470155333,6.80543677910816
The_Tree-587.jpg,5464,3640,26.3043594543996,7.67376562413878e-17,0,perspective,0 0 0 0 0 0,-0.984740313294085,-0.173880152403875,0.00722550852689974,0.0253743295860671,-0.184530442952276,-0.982499190341597,0.172170435242305,-0.967323218073381,0.186126658500692,-4.51227912102463,18.2247544743945,6.87796536645285
The_Tree-588.jpg,5464,3640,26.3184372491303,0,-3.83947442491104e-17,perspective,0 0 0 0 0 0,-0.99189574464929,-0.126901532325974,0.00623160011162671,0.0175801959923113,-0.185655790171115,-0.982457563605071,0.125832302909481,-0.97438592388707,0.186382142050245,-3.52727276595931,18.3557861096536,6.89378835281048
The_Tree-589.jpg,5464,3640,26.2132366379245,0,-3.82076416473252e-17,perspective,0 0 0 0 0 0,0.743090835076711,-0.669188895084176,0.00149449691094983,0.124299883935994,0.13583183912277,-0.982903479663199,0.65754509326623,0.730572333295305,0.184115496753964,-11.6671518821583,-14.2983870665602,6.75014936604638
The_Tree-59.jpg,5464,3640,26.0190476190476,-7.61465758349739e-17,-3.80732879174869e-17,perspective,0 0 0 0 0 0,0.333821474468102,-0.942623424312848,-0.00492981953644466,0.11805856766045,0.0469968619663364,-0.991893880194489,0.935214091952161,0.330533470169114,0.12697333307454,-13.4302899548863,-4.60017664106569,4.49317936755553
The_Tree-590.jpg,5464,3640,26.200028759202,-7.63767804646396e-17,-3.81883902323198e-17,perspective,0 0 0 0 0 0,0.6523415767396,-0.757924076866681,0.00124938492164883,0.139601018201654,0.118533367839703,-0.983087685013722,0.744957732340536,0.641483385922322,0.183131216922944,-13.8182132772484,-11.8933008647193,6.72778775637912
The_Tree-591.jpg,5464,3640,26.3961352657005,-7.65825784584817e-17,3.82912892292408e-17,perspective,0 0 0 0 0 0,0.436840682335735,-0.899538652440904,0.000656522088830158,0.167102893044177,0.0804325729850657,-0.982653155665451,0.883881689703275,0.429372581760649,0.18545173129275,-16.6102398407606,-7.38516730575775,6.78320481733584
The_Tree-592.jpg,5464,3640,26.2762489981298,0,0,perspective,0 0 0 0 0 0,0.292839497636077,-0.956161428632464,0.000592469218839931,0.178367344029795,0.0540190314000183,-0.982480042967978,0.939377516873811,0.287814639381198,0.186366880506876,-17.7394839072879,-4.40405873918186,6.80451900265993
The_Tree-593.jpg,5464,3640,26.484614642616,0,0,perspective,0 0 0 0 0 0,0.721371475655309,0.692520349374161,0.00622573799420145,-0.190618844957744,0.207186562713462,-0.959551032607415,-0.665798505598997,0.691006001373122,0.281465905587997,6.85176937798396,-6.15923783551988,5.26847184658314
The_Tree-594.jpg,5464,3640,26.4956896551724,0,0,perspective,0 0 0 0 0 0,0.894586735419297,0.446862243202174,0.00535802315837408,-0.120891511116742,0.253523946154598,-0.959745201220674,-0.430232280694691,0.857927586878124,0.280821011182788,4.84467065925283,-7.5597577136102,5.26905118464436
The_Tree-595.jpg,5464,3640,26.4682459892791,0,-3.83494139725472e-17,perspective,0 0 0 0 0 0,0.939207350642099,0.343314361657177,0.00498011844988255,-0.0917840086722125,0.265017919896976,-0.959865197767655,-0.33085532828097,0.901055354133921,0.280417546766756,3.89360870504141,-7.91510161129952,5.27571097830704
The_Tree-596.jpg,5464,3640,26.2989511280682,0,-3.83558831719352e-17,perspective,0 0 0 0 0 0,0.906129799067223,0.422994130807041,0.00218003330003036,-0.0463876320729755,0.104490706380623,-0.993443445733445,-0.420448540053424,0.900087583284468,0.114303838885971,10.1632973439474,-18.3545341110771,6.86489485169114
The_Tree-597.jpg,5464,3640,26.3113964686998,0,0,perspective,0 0 0 0 0 0,0.66375828198683,0.747820533194745,-0.0137620211531253,0.153199868385452,-0.153942303881748,-0.97613091714291,-0.732089300168068,0.645806640727631,-0.216746486411017,17.0128571855951,-12.9643559494767,14.8524106860396
The_Tree-598.jpg,5464,3640,26.6325950441276,7.71804736738737e-17,0,perspective,0 0 0 0 0 0,-0.63703053330677,0.77083078909662,0.00346326660453578,-0.229207674495244,-0.185128507424051,-0.955610421506288,-0.735972785901337,-0.60954682373024,0.2946128444128,,,
The_Tree-599.jpg,5464,3640,26.5099730458221,-7.68933633558445e-17,3.84466816779222e-17,perspective,0 0 0 0 0 0,0.454034888800422,0.890915215967458,-0.0110633498383432,0.187380997208856,-0.107619083596496,-0.97637415714001,-0.871057220644547,0.441234870339491,-0.215803400250064,19.3449651455109,-8.94878683998326,14.8108367500766
The_Tree-6.jpg,5464,3640,26.3184372491303,0,0,perspective,0 0 0 0 0 0,0.275027263881375,-0.961411912185085,-0.00686580152221072,0.119045138053384,0.0411392679099629,-0.992036196790058,0.954037870960988,0.272019660584396,0.125765834103601,-13.6428015290563,-3.67591300160731,4.49539814708894
The_Tree-60.jpg,5464,3640,26.0949854072698,0,0,perspective,0 0 0 0 0 0,-0.268359592137793,-0.963314328145115,-0.00293845162672835,0.114538629023979,-0.0288791099630321,-0.992998942330278,0.956485249112052,-0.266817357377792,0.118086688635879,-13.0426054842185,4.2302901067658,4.61180533361718
The_Tree-600.jpg,5464,3640,26.6033870536201,7.71411960791288e-17,3.85705980395644e-17,perspective,0 0 0 0 0 0,-0.446985553713463,0.89451083462743,0.00736759836090162,-0.266149149644791,-0.125122068791042,-0.955776698839642,-0.854030763447561,-0.429179256995941,0.294001055184481,8.86046484589704,5.55582490431288,5.35149230966599
The_Tree-601.jpg,5464,3640,26.5816216216216,0,0,perspective,0 0 0 0 0 0,-0.545385656833589,0.838163998457358,0.00596632300233591,-0.249374072984034,-0.155461399289894,-0.955847438168969,-0.800229377768367,-0.522793329166318,0.293802787487883,8.30496226356366,6.81566109871327,5.34114562004149
The_Tree-602.jpg,5464,3640,26.3466380926868,0,0,perspective,0 0 0 0 0 0,-0.600006927826159,-0.799992918054341,0.00173713082868154,0.235049279683484,-0.178365311434949,-0.955477708686597,0.764685244189327,-0.572884933245425,0.295058181685401,-7.25237646283768,6.68881704100284,5.36533991653507
The_Tree-603.jpg,5464,3640,26.3607611900295,0,0,perspective,0 0 0 0 0 0,-0.529140313271805,-0.848534341597685,0,0.250078580352101,-0.155947322180177,-0.955584185906145,0.810845998029031,-0.50563811548796,0.294718278439071,-7.59370785150508,6.11084818397157,5.35650331727746
The_Tree-604.jpg,5464,3640,26.381974248927,0,3.83494139725472e-17,perspective,0 0 0 0 0 0,-0.75227214219534,-0.658849364297549,0.00203451260740994,0.194013675073027,-0.224473138273064,-0.9549714676777,0.629639037831591,-0.718003708457385,0.296690675080883,-5.46710506342843,8.51927334423294,5.37192054706754
The_Tree-605.jpg,5464,3640,26.6845553541501,7.70627606992822e-17,0,perspective,0 0 0 0 0 0,0.618214936346292,-0.786003303682704,-0.00301646783913956,0.213282340311465,0.171444137720355,-0.961830312972402,0.75651895930612,0.593974506389962,0.273629950789724,-7.71277711313166,-6.0964184162387,5.44628974483726
The_Tree-606.jpg,5464,3640,26.3490896820406,0,0,perspective,0 0 0 0 0 0,0.194305671384022,0.980868592566324,-0.0119209976496339,0.211625229308815,-0.0537822563409229,-0.975869986843981,-0.957841358674805,0.187094289116043,-0.218026738250534,20.6221535398431,-2.29591437392825,14.7485905872933
The_Tree-607.jpg,5464,3640,26.2762489981298,-7.64409734218296e-17,-3.82204867109148e-17,perspective,0 0 0 0 0 0,0.984362273993193,0.176144907173556,0.00197109506867576,-0.0394761366450584,0.231484397230032,-0.972037349320812,-0.1716757064192,0.956759084365478,0.234818028076212,3.24053404664466,-11.2278413871926,5.56149881319727
The_Tree-608.jpg,5464,3640,26.2762489981298,-7.64409734218296e-17,3.82204867109148e-17,perspective,0 0 0 0 0 0,0.984303321681542,0.17648446021817,0.000454123532903416,-0.0473843547750299,0.266752760002188,-0.962599443150561,-0.170004981836521,0.947468310991305,0.27092823001313,3.18088747790078,-10.7044950642319,5.56188309204931
The_Tree-609.jpg,5464,3640,26.2341957855428,0,0,perspective,0 0 0 0 0 0,0.998925500869083,-0.0462111032311583,0.00351818868324028,0.0158624801839641,0.269588139754442,-0.962845063666088,0.0435456706902649,0.961866294680243,0.270031490241853,-0.218367992533631,-11.1507007160885,5.56431993781989
The_Tree-61.jpg,5464,3640,26.2202079445481,0,0,perspective,0 0 0 0 0 0,-0.545268379025984,-0.838237151513444,-0.00639317268680451,0.101131014452694,-0.058210310996481,-0.993168705512544,0.832138758110776,-0.542190038193547,0.116512015404141,-11.5402680790153,8.1232335939878,4.71910580424577
The_Tree-610.jpg,5464,3640,26.2856530981301,0,0,perspective,0 0 0 0 0 0,0.991911017782866,0.126934730194336,0.000327217740203167,-0.0339943078493484,0.268124952978109,-0.962784190057321,-0.122298486641503,0.954985122324415,0.270271153296499,1.69234351100469,-11.071646795362,5.56591828944883
The_Tree-611.jpg,5464,3640,26.3094138840591,0,0,perspective,0 0 0 0 0 0,-0.352957130122562,0.935580343132308,-0.0105207338184528,0.631439791537872,0.229889291608181,-0.740563773936113,-0.690438305685783,-0.268030474290373,-0.671903721446327,10.4153840413694,6.11300964202954,22.7782848366997
The_Tree-612.jpg,5464,3640,26.3117572958631,0,0,perspective,0 0 0 0 0 0,-0.245492612535173,0.969344905101537,-0.0101898059033765,0.6604936036061,0.159561606146812,-0.733681329624298,-0.709564357043167,-0.186843647998916,-0.679417305061016,11.2361443498406,4.04442241334171,22.7503269055106
The_Tree-613.jpg,5464,3640,26.3325301204819,0,3.82719534494584e-17,perspective,0 0 0 0 0 0,-0.956583139744604,-0.291089202143697,-0.0146892188935155,-0.185542344027523,0.647051596530534,-0.739525706111734,0.224772630293655,-0.704692349768772,-0.67296802067278,-3.58966676679914,12.6595915095626,22.9123908080169
The_Tree-614.jpg,5464,3640,26.3856539613575,0,0,perspective,0 0 0 0 0 0,-0.778156467073945,-0.627862157127427,-0.016174807519441,-0.41274255192891,0.530614895754853,-0.74033196488486,0.473409018268778,-0.569418074924182,-0.67204684164977,-7.55829484287586,9.97461563188277,22.7882908507106
The_Tree-615.jpg,5464,3640,26.3536977491961,0,-3.8239770508448e-17,perspective,0 0 0 0 0 0,0.0484090603428058,-0.998710686938288,-0.0152815794988257,-0.687134042836882,-0.0221947751190303,-0.726191571923041,0.724916112423616,0.0456547451276208,-0.687322540148338,-10.3319964124061,0.411665252689397,22.6778906886111
The_Tree-616.jpg,5464,3640,26.4174053182917,0,3.8317100681367e-17,perspective,0 0 0 0 0 0,0.599025402658589,-0.800580619301305,-0.0154673517078585,-0.562008530790082,-0.406600344010851,-0.720293392701496,0.570363899882249,0.440166823203882,-0.693497072424761,-7.90468998770333,-5.37947062718817,22.4785566759278
The_Tree-617.jpg,5464,3640,26.3690050609927,0,-3.82719534494584e-17,perspective,0 0 0 0 0 0,-0.110395973154786,-0.993774644907345,-0.0149894713211935,-0.680734047520438,0.0865926276705375,-0.727394578876936,0.724164267040048,-0.0700975889199672,-0.686055713750682,,,
The_Tree-618.jpg,5464,3640,26.3274357887461,-7.65052743752463e-17,3.82526371876232e-17,perspective,0 0 0 0 0 0,-0.991672009840052,-0.128104698316417,-0.0132593804173169,-0.0765625183174594,0.669182982704559,-0.739142960764369,0.103560637737897,-0.73197221390425,-0.673418051720795,-1.84748141347038,13.0569361381458,22.8983319181578
The_Tree-619.jpg,5464,3640,26.2992710319676,0,0,perspective,0 0 0 0 0 0,-0.970695832836137,0.240023208980674,-0.0117668715119414,0.169737507278016,0.650140468107571,-0.740612280719078,-0.170114016875753,-0.720906534080174,-0.671829584331404,2.51776678415712,12.7938322902718,22.9165664093657
The_Tree-62.jpg,5464,3640,26.2132196162047,0,3.81883902323198e-17,perspective,0 0 0 0 0 0,-0.51385372190587,-0.857845818064468,-0.0074097849353505,0.104744928168856,-0.0541653098578347,-0.993022970142638,0.851459248881816,-0.511044686536616,0.117688044661749,-11.9759915972431,7.32848221534682,4.66411295437261
The_Tree-620.jpg,5464,3640,26.2993777347042,0,0,perspective,0 0 0 0 0 0,-0.999326625172354,0.0351245461681913,-0.0106095465554645,0.0314653791536233,0.671634397267527,-0.740214270547255,-0.0188739539141299,-0.740049662295419,-0.672287342733807,1.10460517666102,13.0409979752607,22.8873723579817
The_Tree-621.jpg,5464,3640,26.4174053182917,7.66729642364633e-17,0,perspective,0 0 0 0 0 0,-0.40955433561004,0.912213697953931,-0.0114636577161473,0.202516546849239,0.0786566607752497,-0.976114838514377,-0.889523633432681,-0.402093644541792,-0.216952544543317,18.9934986282251,8.12713038205886,14.7597783855413
The_Tree-622.jpg,5464,3640,26.5099730458221,0,0,perspective,0 0 0 0 0 0,0.345088889638262,0.938437041289728,-0.0157980310043264,0.645733022226147,-0.249601597314023,-0.721614791024252,-0.6811332632128,0.23881993667546,-0.692114524910012,10.3920435854557,-3.46068864010034,22.8289416387261
The_Tree-623.jpg,5464,3640,26.5253293246061,0,0,perspective,0 0 0 0 0 0,0.250512370351112,0.967978626004386,-0.0161533866334054,0.66752051270122,-0.184790782923791,-0.721296562912588,-0.701184652872671,0.169910994773951,-0.692437965763547,11.1552489347294,-1.39317199452154,22.7840706355981
The_Tree-624.jpg,5464,3640,26.5046717580513,0,3.84401818162692e-17,perspective,0 0 0 0 0 0,0.201820082274091,0.979315745119329,-0.0144680942854336,0.662999945937444,-0.147475985438408,-0.733949525107767,-0.720902022523051,0.138533407813219,-0.679049901584435,11.5425666715316,-0.553762529492509,22.802750383337
The_Tree-625.jpg,5464,3640,26.2272,0,0,perspective,0 0 0 0 0 0,0.990287503651718,-0.13897583147453,0.00404702078223895,0.0411483098411624,0.26515437986723,-0.96332755147688,0.132806162162999,0.954137764216042,0.268297689494986,-1.57881201897118,-10.7227962803066,5.60983056048555
The_Tree-626.jpg,5464,3640,26.5689095045923,0,0,perspective,0 0 0 0 0 0,0.604688902020606,0.796300006333227,-0.0160509092209189,0.543774989201153,-0.427485342775166,-0.722194601774124,-0.581945094396714,0.42797497780373,-0.691503669897345,9.15140435971819,-6.10669438435863,22.9349163452465
The_Tree-627.jpg,5464,3640,26.569125314553,0,3.85313803496411e-17,perspective,0 0 0 0 0 0,0.630761305639783,0.775773321164568,-0.017774405106568,0.52914976080549,-0.446766372739464,-0.721387786719955,-0.56757440564836,0.445618180013472,-0.692303207918606,8.49916520755477,-6.34376030148098,22.8255422463581
The_Tree-628.jpg,5464,3640,26.2552055525894,0,0,perspective,0 0 0 0 0 0,0.942351878063316,-0.334618558778317,0.00183249329144353,0.0907589575401742,0.250316458542898,-0.963900659927548,0.322080346399407,0.908499912330025,0.266255816386373,-3.41673928187826,-10.0397998425483,5.62765666774593
The_Tree-629.jpg,5464,3640,26.2341957855428,0,-3.8181977404405e-17,perspective,0 0 0 0 0 0,0.970926677913534,-0.239363906509411,0.00251124995625052,0.0663287176741249,0.258938147008973,-0.963613790496621,0.230004102849264,0.93576490438791,0.267286655836747,-2.7660912492301,-10.3304952412374,5.62167760658746
The_Tree-63.jpg,5464,3640,26.1574468085106,0,0,perspective,0 0 0 0 0 0,-0.420111672023213,-0.907456305878874,-0.00540702788301495,0.108222983606483,-0.0441848050610144,-0.993144243713385,0.900996098132046,-0.417816653476602,0.116770181246932,-12.4370725991172,6.42125845583624,4.6638163332471
The_Tree-630.jpg,5464,3640,26.1884181277522,-7.67506077445509e-17,-3.83753038722755e-17,perspective,0 0 0 0 0 0,0.182570518160873,-0.983192703936761,0.000335892828161377,0.271900404841723,0.0501612744122327,-0.961017177992281,0.94484822894758,0.175544733543511,0.276488464098885,-9.75171195661027,-1.36763439376441,5.56120182840707
The_Tree-631.jpg,5464,3640,26.2024759043544,0,0,perspective,0 0 0 0 0 0,0.279145242390134,-0.960248880288004,-0.000146821617660109,0.265840868034688,0.0774271090913255,-0.960902531821164,0.922716948220589,0.268192338972228,0.276886804999966,-9.52361951636743,-1.96800782581209,5.52361133586893
The_Tree-632.jpg,5464,3640,26.6199040739181,0,0,perspective,0 0 0 0 0 0,-0.94257398618293,-0.33398854306807,0.00243591266043541,0.0960384766901297,-0.278008133860583,-0.955765707954829,0.319891999847231,-0.900645951862675,0.29411898583246,-2.76816519589747,10.4773181340141,5.35261641181905
The_Tree-633.jpg,5464,3640,26.4683561336623,7.68803636325383e-17,0,perspective,0 0 0 0 0 0,0.352956839953069,0.935570214544301,-0.0113948579575975,0.197911480391568,-0.0865568865668015,-0.976390777976257,-0.914468433058004,0.342368630346579,-0.215710931329514,19.9183599857623,-6.9460749566366,14.7795550653226
The_Tree-634.jpg,5464,3640,26.6392199349946,-7.73642992321307e-17,0,perspective,0 0 0 0 0 0,-0.973252099328552,-0.229683480170888,0.00508429829539558,0.0627349603712381,-0.286990148392516,-0.955877073411043,0.221008316358879,-0.929990405145253,0.293722948436077,-1.66117125317008,10.8855175673807,5.3820728663866
The_Tree-635.jpg,5464,3640,26.6510382248187,-7.74169817648049e-17,3.87084908824025e-17,perspective,0 0 0 0 0 0,-0.994248698414106,-0.106930494488044,0.00594937395016526,0.0257371858267849,-0.292491854139946,-0.955921603756027,0.103957313199091,-0.950270690177446,0.293561735282559,-0.74525559670799,11.0289545485044,5.38499459655606
The_Tree-636.jpg,5464,3640,26.5457489878543,7.69844846599736e-17,0,perspective,0 0 0 0 0 0,0.158862879847861,0.987278512215658,0.00661246729149046,-0.29179609584442,0.0533490985867069,-0.954991576994237,-0.94319543248279,0.149783220012199,0.296559206814388,9.90146591575001,-0.471113580904722,5.27150300334858
The_Tree-637.jpg,5464,3640,26.5314270299434,0,0,perspective,0 0 0 0 0 0,0.298260220842153,0.95446532988841,0.00606421505216925,-0.281495975785486,0.0940317420495788,-0.954944002077451,-0.912031170673332,0.283114756818026,0.296724077540233,9.66748450762715,-1.69020380274314,5.28035821694835
The_Tree-638.jpg,5464,3640,26.3184372491303,0,0,perspective,0 0 0 0 0 0,0.925501827322868,0.378736196971413,0.00229362718483372,-0.0407476758761947,0.105590482963909,-0.993574494850858,-0.376544810789793,0.919461550588756,0.113156804727775,9.15474284428924,-18.6587406647772,6.80937568216192
The_Tree-639.jpg,5464,3640,26.3127159694882,-7.67117663438705e-17,0,perspective,0 0 0 0 0 0,0.997475909935471,0.0709133272710787,0.00362065101175535,-0.0072771101778141,0.152817109457661,-0.98822769376519,-0.0706318112882856,0.985706970185537,0.152947429405616,,,
The_Tree-64.jpg,5464,3640,26.0584330890625,0,0,perspective,0 0 0 0 0 0,-0.337779861978023,-0.941218815983774,-0.00345040290569632,0.111638545596488,-0.036423753859394,-0.993081137315522,0.934580975613782,-0.335828007457529,0.117379510255825,-12.8955051302452,4.9813804306553,4.62388504229931
The_Tree-640.jpg,5464,3640,26.3043594543996,0,0,perspective,0 0 0 0 0 0,0.999410199345077,0.0340760923914551,0.00425127890900967,-0.00100336021346191,0.1527221510005,-0.988268656723496,-0.0343255985135761,0.987681509658407,0.152666265971154,0.409157544780561,-19.5014614711245,6.73983838739246
The_Tree-641.jpg,5464,3640,26.2659401726084,0,0,perspective,0 0 0 0 0 0,-0.165340250162075,-0.986236583583389,-5.36480030621789e-05,0.180100599773219,-0.0301399610727014,-0.983186328580632,0.969652708776534,-0.162569935560982,0.182605148925295,-17.9647859172293,2.71537051012656,6.81372107197813
The_Tree-642.jpg,5464,3640,26.2062350119904,0,3.81883902323198e-17,perspective,0 0 0 0 0 0,-0.257957894781899,-0.966155834541198,0.00079240248116541,0.176047472106418,-0.0478100318500735,-0.983219959327227,0.949981585129223,-0.253489850361896,0.182422267497345,-17.4134494791187,4.49712483183517,6.7954450554218
The_Tree-643.jpg,5464,3640,26.3276182996269,0,-3.82783965392647e-17,perspective,0 0 0 0 0 0,-0.284555901259365,-0.958650418860134,-0.00416094673841094,0.0918695397650246,-0.0229486884975013,-0.995506577255825,0.95424730899376,-0.283659535562501,0.0946009575143555,,,
The_Tree-644.jpg,5464,3640,26.2973262032086,7.64666808283948e-17,3.82333404141974e-17,perspective,0 0 0 0 0 0,-0.364359624650206,-0.93125309990645,-0.00311894844277649,0.0916759360797971,-0.0325355734831973,-0.995257232680081,0.92673490636139,-0.362917484247793,0.0972281490032536,-13.367510058105,5.77895074861429,6.78432232426709
The_Tree-645.jpg,5464,3640,26.2762489981298,7.6608381214027e-17,-3.83041906070135e-17,perspective,0 0 0 0 0 0,0.9780354755019,0.208395502956662,0.00423355727644115,-0.041630225813515,0.215198720768761,-0.975682548208281,-0.204238911470094,0.954075901030378,0.219147535041083,4.80834900092722,-17.6010554928252,6.25185119622491
The_Tree-646.jpg,5464,3640,26.2237669327954,-7.64666808283948e-17,3.82333404141974e-17,perspective,0 0 0 0 0 0,0.847324810709697,0.531038933293559,0.00619003087347192,-0.102756819291603,0.175371730169097,-0.979125013645638,-0.521039059231502,0.829000848964545,0.203164689774614,10.2804063637185,-15.5515079915196,6.3666761768154
The_Tree-647.jpg,5464,3640,26.3466380926868,-7.64409734218296e-17,3.82204867109148e-17,perspective,0 0 0 0 0 0,0.48251977195052,-0.875736798892801,-0.0161161019421119,-0.392372948355428,-0.199669003826467,-0.897872907659996,0.783082459946389,0.439564953079674,-0.439959671956847,-10.6345783747876,-4.99949597511615,15.4138424672289
The_Tree-648.jpg,5464,3640,26.4245029554003,0,0,perspective,0 0 0 0 0 0,0.588642799264615,-0.808263609804751,-0.0144772904685588,-0.36308702741101,-0.248343778047032,-0.898049652542198,0.722265508936813,0.53388697771225,-0.439655808138055,-9.31131401881261,-6.72158273619652,15.3939768465163
The_Tree-649.jpg,5464,3640,26.6125614606288,0,-3.83688281206939e-17,perspective,0 0 0 0 0 0,0.730021154417341,-0.683279915460683,-0.0140595601358964,-0.30983849664351,-0.31255700179333,-0.897946672485429,0.609154512501437,0.659876259428998,-0.439879645063432,-8.31805207490763,-7.70276007001476,15.4160952830601
The_Tree-65.jpg,5464,3640,26.2146829511682,7.64538249640995e-17,0,perspective,0 0 0 0 0 0,0.00460075228703438,-0.999966236748635,-0.00680870333952033,0.13654838858375,0.00737321638093004,-0.990605962658908,0.990622718623783,0.00362781517889657,0.13657770060831,-14.4381783978376,0.297245834228215,4.61199832252117
The_Tree-650.jpg,5464,3640,26.5028294260307,0,-3.83041906070135e-17,perspective,0 0 0 0 0 0,0.15035264793778,-0.988549807483715,-0.0127812120711521,-0.437082839403061,-0.0548705592057294,-0.897745962526041,0.88676528617073,0.140564931104313,-0.44032809061674,-12.4481547073047,-1.06257960996539,15.447124791579
The_Tree-651.jpg,5464,3640,26.3788609407345,0,0,perspective,0 0 0 0 0 0,0.279448617963436,-0.960052014497726,-0.0144429698187416,-0.426042520675909,-0.110502584073607,-0.897929256394496,0.860462805991313,0.257078408996,-0.439902774637353,-11.9179268059831,-2.67827930475582,15.4613993400487
The_Tree-652.jpg,5464,3640,26.2481985588471,0,0,perspective,0 0 0 0 0 0,0.990205053815313,-0.139326895792461,-0.00905359085939849,-0.0337944977654917,-0.176253703061896,-0.983764486082796,0.135469123121805,0.974434527439276,-0.179235789994084,-2.5794704763185,-20.7313262083351,13.9737190293598
The_Tree-653.jpg,5464,3640,26.1574468085106,0,0,perspective,0 0 0 0 0 0,0.238774700804836,0.971050782414078,0.00685712976168951,-0.184507680236358,0.052299651755481,-0.981438567797319,-0.953385314649517,0.233077507278723,0.191654160955034,19.1760605329123,-4.4505241274447,6.43956051042689
The_Tree-654.jpg,5464,3640,26.1856526679498,0,0,perspective,0 0 0 0 0 0,0.342010598451282,0.939668699429917,0.00717536470748303,-0.17790672014392,0.0722465557356492,-0.981391682312403,-0.922701441136097,0.33436981098183,0.191882464100673,18.6982300459233,-5.91250045356001,6.4409592197074
The_Tree-655.jpg,5464,3640,26.158318797867,0,3.81948052147207e-17,perspective,0 0 0 0 0 0,0.561792571558836,0.827264044287189,0.00482779151518376,-0.155673613872089,0.111445391871223,-0.981501732334015,-0.812499127682801,0.55064882244519,0.191392376688344,16.8682086522047,-9.44947475896649,6.40386190093425
The_Tree-656.jpg,5464,3640,26.3254817987152,0,-3.84142043323589e-17,perspective,0 0 0 0 0 0,-0.997885203253298,-0.0648435588560474,0.00452039854514208,0.00672584915809193,-0.172174610487147,-0.985043484551165,0.064652023025016,-0.982929914275927,0.172246624176764,-1.78610212603056,18.0910304131933,6.91322175593676
The_Tree-657.jpg,5464,3640,26.3536977491961,0,-3.8317100681367e-17,perspective,0 0 0 0 0 0,0.935190005352381,0.353830049395412,-0.0149649602021853,0.0628995721079982,-0.20753437058422,-0.976203425959386,-0.348515850023559,0.91199439755464,-0.216339827843383,8.49963559923727,-19.1191460018435,14.9041132871714
The_Tree-658.jpg,5464,3640,26.2132196162047,0,3.8259073774732e-17,perspective,0 0 0 0 0 0,-0.163500166972152,0.98650369614045,0.00884041296033366,-0.215707039271994,-0.0270035940998985,-0.976084668004881,-0.962672409809583,-0.161496945503371,0.217210883669517,17.7926128799243,2.86654401584061,6.95355975033923
The_Tree-659.jpg,5464,3640,26.2083617644405,0,3.82333404141974e-17,perspective,0 0 0 0 0 0,0.950691533795745,-0.310128677034552,0.00241065341621649,0.0669790178825024,0.197720653339203,-0.977967460811766,0.302819118835964,0.929906848519741,0.208743465391118,-5.84646526192123,-17.2727031385268,6.3256266731221
The_Tree-66.jpg,5464,3640,26.2342281029086,0,0,perspective,0 0 0 0 0 0,-0.557212802296718,-0.830355780540097,-0.0048135932821145,0.101010207891184,-0.0620270552075124,-0.992949939485402,0.824203149022387,-0.553770640379147,0.118436679266392,-11.1196487147642,8.61896870187939,4.69572284212192
The_Tree-67.jpg,5464,3640,26.3748994368463,0,-3.82783965392647e-17,perspective,0 0 0 0 0 0,-0.584409847139535,0.811354979294937,-0.012970279089398,0.59328990270901,0.416326191893646,-0.688969950931729,-0.55359933337196,-0.410335959326802,-0.724673842893115,6.55157231846608,5.28988690861166,23.1022118043258
The_Tree-68.jpg,5464,3640,26.3060487572361,0,3.82526371876232e-17,perspective,0 0 0 0 0 0,-0.0724136538967661,0.997292932718217,-0.0127698504148697,0.794932148560932,0.0499781203851322,-0.604636309418372,-0.602361305126433,-0.053935089070734,-0.796399312062305,7.43956098121379,1.24552682453659,23.2390879366493
The_Tree-69.jpg,5464,3640,26.4245029554003,-7.66212891131363e-17,0,perspective,0 0 0 0 0 0,0.646041641066967,-0.763171127089439,-0.0141431532741407,-0.579173265831002,-0.478046068381471,-0.660325892761801,0.497180577008144,0.434789359669777,-0.750845980587094,-5.87647450751109,-3.63843638756388,21.3794423587997
The_Tree-7.jpg,5464,3640,26.2880372116886,-7.64795410168961e-17,0,perspective,0 0 0 0 0 0,-0.979907812396462,0.199447887051848,-0.00110433461111192,-0.0146929649911009,-0.077707651613217,-0.996867913848434,-0.198909014336079,-0.976822430757665,0.0790768157207757,2.54909828024954,12.1652834696574,3.90937514078817
The_Tree-70.jpg,5464,3640,26.3536977491961,-7.65052743752463e-17,3.82526371876232e-17,perspective,0 0 0 0 0 0,-0.468869867829647,0.883178536882283,-0.0125187472168555,0.643878710170075,0.332057366123793,-0.689317134701184,-0.60463315624528,-0.331260588650989,-0.724351550543982,,,
The_Tree-71.jpg,5464,3640,26.2481985588471,0,-3.8317100681367e-17,perspective,0 0 0 0 0 0,0.774054504748156,0.633079637926932,-0.00705660834904441,-0.0321007171451435,0.0281126140724548,-0.999089197663943,-0.632304647806621,0.773576016285613,0.0420830059504724,15.3591127013464,-16.0384513681721,8.74172534531596
The_Tree-72.jpg,5464,3640,26.36111532288,0,0,perspective,0 0 0 0 0 0,0.00566019669778317,-0.999880918914528,-0.0143565373256003,-0.75079295936775,0.00523372255807656,-0.660516873601274,0.660513356668249,0.014517442571749,-0.750673930228044,-7.12189649218064,0.727446475184473,21.4639166624913
The_Tree-73.jpg,5464,3640,26.3678284182306,-7.64924055317854e-17,3.82462027658927e-17,perspective,0 0 0 0 0 0,-0.149907374273908,-0.988587936713369,-0.0148886037997542,-0.671954980587948,0.11291708740672,-0.73193321787895,0.725261527451549,-0.0997177153588398,-0.68121369190751,-7.70586929877709,1.52697195141549,21.5035386349365
The_Tree-74.jpg,5464,3640,26.3765592366815,0,3.8239770508448e-17,perspective,0 0 0 0 0 0,-0.261132893752967,-0.965174377413706,-0.0157490629647405,-0.653919333897072,0.188875454424569,-0.732608741055908,0.710069796960701,-0.181009623777242,-0.680467779945686,-7.45055735020728,2.39362849962688,21.5044130523519
The_Tree-75.jpg,5464,3640,26.389237467388,0,0,perspective,0 0 0 0 0 0,-0.315075429598568,-0.948962662436579,-0.014047738770234,-0.641854331188948,0.223965624034511,-0.733391039476772,0.699106924008957,-0.222056894853798,-0.679661860229499,-7.21164866701041,3.64691693665966,21.491883511142
The_Tree-76.jpg,5464,3640,26.1609322858732,0,0,perspective,0 0 0 0 0 0,0.773660330907973,0.633596785901169,-0.00219209376487761,-0.0865130783845256,0.102209144503897,-0.990993833506654,-0.627666455729314,0.766882261938226,0.133889568961557,9.17721188575155,-10.0787499238948,4.11515229444404
The_Tree-77.jpg,5464,3640,26.1019108280255,0,0,perspective,0 0 0 0 0 0,0.92260522326743,0.385700429169845,-0.00589753659205172,-0.0556906560305646,0.118053825001528,-0.991444322810612,-0.381704274053281,0.915040148485686,0.130396985504848,5.81091627009508,-12.5412927674644,4.23070805005444
The_Tree-78.jpg,5464,3640,26.1019108280255,0,3.81179673836097e-17,perspective,0 0 0 0 0 0,0.98698599248057,0.160763933848852,-0.00368893217420751,-0.027116412095688,0.143777804709121,-0.989238415685563,-0.158503472650288,0.976464490110351,0.146266020357879,2.29832280070813,-13.3911976345879,4.24238134905706
The_Tree-79.jpg,5464,3640,26.0742311770944,0,0,perspective,0 0 0 0 0 0,0.958482403114848,0.285047329014637,-0.00771382789597386,-0.0485726420302405,0.136551504364602,-0.989441451073264,-0.280984308041195,0.948736900767218,0.144727715926236,4.38276291729072,-13.1124358279175,4.19898648390539
The_Tree-8.jpg,5464,3640,26.1097359068179,0,3.81307522125159e-17,perspective,0 0 0 0 0 0,-0.23918077018133,-0.970970343805173,-0.00302500021984198,0.133351414938259,-0.0297624567851881,-0.990621823048571,0.96177438066806,-0.237341078654694,0.136598876545878,-13.162072071469,3.30127218993053,4.59630933080424
The_Tree-80.jpg,5464,3640,26.3466380926868,0,3.83558831719352e-17,perspective,0 0 0 0 0 0,-0.996676640902832,-0.0814570732355175,-0.00064706920073565,0.00699620974265164,-0.0776833815504094,-0.996953532156906,0.0811586503577027,-0.993644824598205,0.0779951025470134,-0.8354145728467,12.3975179779889,3.93258886656228
The_Tree-81.jpg,5464,3640,26.1574468085106,0,3.81691582076938e-17,perspective,0 0 0 0 0 0,0.970059506957491,0.242836380154788,-0.00387884450692421,-0.0390473762741274,0.14017965971305,-0.989355833564871,-0.239707854204856,0.959885490814427,0.145464735095662,3.30309287410676,-13.3774478486508,4.19791816483098
The_Tree-82.jpg,5464,3640,26.0467448735961,-7.61720855756221e-17,-3.80860427878111e-17,perspective,0 0 0 0 0 0,0.999193787050759,0.0399233224024034,-0.00423134110130086,-0.0100388692557568,0.146411871692271,-0.989172778098767,-0.0388715451613082,0.98841777207612,0.146694617559243,1.19014389583603,-13.4784597551005,4.25570972272881
The_Tree-83.jpg,5464,3640,26.1644054269753,7.63255036734582e-17,-3.81627518367291e-17,perspective,0 0 0 0 0 0,0.999334390825996,-0.0363304391764583,-0.00329765093378764,0.00206245496473937,0.146520023345127,-0.989205554492322,0.0364214441223006,0.988540328943736,0.146497428168064,-0.503799992984121,-13.6538669425039,4.33211860403039
The_Tree-84.jpg,5464,3640,26.1399119729044,0,-3.81627518367291e-17,perspective,0 0 0 0 0 0,0.988801123158431,-0.149147462156575,-0.00523195688806588,0.0167329122736968,0.145634114178883,-0.989197004865145,0.148298174255337,0.978031563559983,0.146498847070373,-1.34076546851681,-13.5912569985314,4.26789247311803
The_Tree-85.jpg,5464,3640,26.713998527577,0,3.91618455809907e-17,perspective,0 0 0 0 0 0,0.207319664084571,0.978267038201812,-0.00348695450428593,-0.118433462741541,0.0215605636419258,-0.992727886683199,-0.971077788741411,0.206224984090911,0.12032948163187,12.4502996718537,-3.00718816535651,4.05281096586066
The_Tree-86.jpg,5464,3640,26.2873264155496,-7.67506077445509e-17,3.83753038722755e-17,perspective,0 0 0 0 0 0,0.60261037082446,0.798026986497703,-0.0036972687490513,-0.10872520851918,0.0775096304948346,-0.991045451133809,-0.790594440915991,0.597616253127331,0.133473757685855,10.9509868733943,-7.88774831005588,4.13462357343245
The_Tree-87.jpg,5464,3640,26.3219819741368,-7.64281261994057e-17,3.82140630997029e-17,perspective,0 0 0 0 0 0,-0.811054635668329,-0.584808281218092,-0.0137714262026876,-0.3702770649514,0.531467992274487,-0.761863943469372,0.452863415537059,-0.612814039824861,-0.647590672772271,-6.70148878961889,8.60871655827934,22.197135410461
The_Tree-88.jpg,5464,3640,9.20567874683775,0,0,perspective,0 0 0 0 0 0,0.974751142657382,-0.222867348733572,-0.0137969111251639,-0.0137009941254003,0.00197664428148406,-0.999904183228253,0.222873265889167,0.974846776547911,-0.00112676796373846,4.53974657665898,34.7706295599632,11.1243859795464
The_Tree-89.jpg,5464,3640,26.2341957855428,0,0,perspective,0 0 0 0 0 0,0.981508622161859,-0.190980461163237,-0.0129339891683316,-0.146009092896111,-0.70326608306762,-0.695771630061461,0.123782750872584,0.684794333986932,-0.718146608100192,-1.87381112961859,-9.22861281087462,22.3583833253912
The_Tree-9.jpg,5464,3640,26.1526427728246,-7.63126952318282e-17,-3.81563476159141e-17,perspective,0 0 0 0 0 0,-0.199494631978428,-0.979879691650831,-0.00613854234029265,0.133921324434976,-0.0210584145947808,-0.99076819793347,0.970704368318889,-0.198475018742981,0.13542782676245,-13.8356995280608,2.73395445102998,4.62056428932182
The_Tree-90.jpg,5464,3640,26.5457489878543,7.71804736738737e-17,0,perspective,0 0 0 0 0 0,0.969389085659985,-0.245117661430466,-0.0142173365353102,-0.18534749657463,-0.692575802925972,-0.697126288928314,0.161031382397397,0.678421763548535,-0.716807369261002,-2.41304130439275,-9.14197425992293,22.4353051342029
The_Tree-91.jpg,5464,3640,26.381974248927,0,0,perspective,0 0 0 0 0 0,0.870810922348412,-0.491382682499767,-0.0152117342220492,-0.362027014363643,-0.620023296898544,-0.69606576713268,0.332603034246015,0.611648731415666,-0.717816864505113,-4.99464223800159,-7.88893289209694,22.4553649736186
The_Tree-92.jpg,5464,3640,26.4333486683601,0,0,perspective,0 0 0 0 0 0,0.940850858013953,-0.338517719374476,-0.0143323635145371,-0.252218278326481,-0.671496691499432,-0.696762609059458,0.226242354682838,0.659164582615617,-0.717158594714408,-2.89310029307904,-8.85349114939295,22.4237519612103
The_Tree-93.jpg,5464,3640,26.5385860766325,0,3.84466816779222e-17,perspective,0 0 0 0 0 0,0.853673406311841,0.52074243740626,-0.00830838372520759,0.308170434178377,-0.517927598196163,-0.797986206976702,-0.419848423665313,0.67865920527975,-0.602618440005623,5.43854696232256,-7.94307889244626,20.3862204042909
The_Tree-94.jpg,5464,3640,26.5457489878542,0,0,perspective,0 0 0 0 0 0,0.894332079771603,0.447310993261582,-0.00911078474863558,0.262618328633038,-0.54133513592934,-0.798741437559335,-0.362217813694175,0.711947431988978,-0.601605443398671,4.7528924538969,-8.54297151223838,20.3997655281527
The_Tree-95.jpg,5464,3640,26.5682497597219,7.69975196218192e-17,-3.84987598109096e-17,perspective,0 0 0 0 0 0,0.942429829703025,0.334257859207936,-0.00988431300876868,0.193921835463429,-0.570359484904193,-0.79817565717724,-0.272434098116265,0.75030776454569,-0.602343689803443,3.31503458341732,-9.45749290110897,20.4192881574872
The_Tree-96.jpg,5464,3640,26.5600864164191,0,-3.84792139859929e-17,perspective,0 0 0 0 0 0,0.927526096846494,0.373636438078105,-0.00954734565281967,0.217919802204262,-0.561370555378638,-0.798357100150762,-0.303654901946211,0.738416489316284,-0.602108618797183,3.77768597599357,-9.20142688985516,20.4047310501115
The_Tree-97.jpg,5464,3640,26.2506437567403,0,3.832355898251e-17,perspective,0 0 0 0 0 0,0.99804877551986,0.0608094495724867,-0.0141722449174502,0.0345211166381902,-0.726527538377199,-0.686269647067113,-0.0520282057096097,0.684441339211958,-0.727209130160217,0.699814950550296,-9.02185352901596,22.3219477459369
The_Tree-98.jpg,5464,3640,26.4316044074174,0,0,perspective,0 0 0 0 0 0,-0.999901502152033,-0.0123066293665737,-0.00674780466096436,0.00401884477712249,0.209595852505508,-0.977779846130583,0.01344748603889,-0.977710655299472,-0.20952574933194,-1.08027090538968,20.1144050526316,14.6537588982227
The_Tree-99.jpg,5464,3640,26.3509970124366,0,3.84077154464919e-17,perspective,0 0 0 0 0 0,0.890360668649036,-0.455114996505831,-0.0113234128397508,0.000787518494305913,0.0264123014237541,-0.999650824112161,0.455255158715926,0.890040858775033,0.0238748858329979,-8.15734310304068,-20.2542129377731,9.12371376329548
